"","Country","average_price","item_name"
"1","Afghanistan",2.3,"Meal at an Inexpensive Restaurant, Restaurants"
"2","Afghanistan",10.36,"Meal for Two at a Mid-Range Restaurant (Three Courses, Without Drinks), Restaurants"
"3","Afghanistan",3.83,"Combo Meal at McDonald's (or Equivalent Fast-Food Meal), Restaurants"
"4","Afghanistan",3.07,"Domestic Draft Beer (0.5 Liter), Restaurants"
"5","Afghanistan",7.66,"Imported Beer (0.33 Liter Bottle), Restaurants"
"6","Afghanistan",0.43,"Soft Drink (Coca-Cola or Pepsi, 0.33 Liter Bottle), Restaurants"
"7","Afghanistan",0.16,"Bottled Water (0.33 Liter), Restaurants"
"8","Afghanistan",0.79,"Milk (Regular, 1 Liter), Markets"
"9","Afghanistan",0.24,"Fresh White Bread (500 g Loaf), Markets"
"10","Afghanistan",1.67,"Eggs (12, Large Size), Markets"
"11","Afghanistan",4.1,"Local Cheese (1 kg), Markets"
"12","Afghanistan",0.34,"Bottled Water (1.5 Liter), Markets"
"13","Afghanistan",1.84,"Bottle of Wine (Mid-Range), Markets"
"14","Afghanistan",0.66,"Domestic Beer (0.5 Liter Bottle), Markets"
"15","Afghanistan",1.11,"Imported Beer (0.33 Liter Bottle), Markets"
"16","Afghanistan",2.3,"Cigarettes (Pack of 20, Marlboro), Markets"
"17","Afghanistan",3.61,"Chicken Fillets (1 kg), Markets"
"18","Afghanistan",0.64,"Apples (1 kg), Markets"
"19","Afghanistan",0.83,"Oranges (1 kg), Markets"
"20","Afghanistan",0.46,"Potatoes (1 kg), Markets"
"21","Afghanistan",0.34,"Lettuce (1 Head), Markets"
"22","Afghanistan",0.97,"Cappuccino (Regular Size), Restaurants"
"23","Afghanistan",1.86,"White Rice (1 kg), Markets"
"24","Afghanistan",0.54,"Tomatoes (1 kg), Markets"
"25","Afghanistan",0.85,"Bananas (1 kg), Markets"
"26","Afghanistan",0.39,"Onions (1 kg), Markets"
"27","Afghanistan",6.16,"Beef Round or Equivalent Back Leg Red Meat (1 kg), Markets"
"28","Aland Islands",16.3,"Meal at an Inexpensive Restaurant, Restaurants"
"29","Aland Islands",81.51,"Meal for Two at a Mid-Range Restaurant (Three Courses, Without Drinks), Restaurants"
"30","Aland Islands",12.23,"Combo Meal at McDonald's (or Equivalent Fast-Food Meal), Restaurants"
"31","Aland Islands",8.15,"Domestic Draft Beer (0.5 Liter), Restaurants"
"32","Aland Islands",6.4,"Imported Beer (0.33 Liter Bottle), Restaurants"
"33","Aland Islands",2.85,"Soft Drink (Coca-Cola or Pepsi, 0.33 Liter Bottle), Restaurants"
"34","Aland Islands",2.1,"Bottled Water (0.33 Liter), Restaurants"
"35","Aland Islands",1.25,"Milk (Regular, 1 Liter), Markets"
"36","Aland Islands",2.79,"Fresh White Bread (500 g Loaf), Markets"
"37","Aland Islands",3.07,"Eggs (12, Large Size), Markets"
"38","Aland Islands",12.52,"Local Cheese (1 kg), Markets"
"39","Aland Islands",1.86,"Bottled Water (1.5 Liter), Markets"
"40","Aland Islands",13.39,"Bottle of Wine (Mid-Range), Markets"
"41","Aland Islands",3.74,"Domestic Beer (0.5 Liter Bottle), Markets"
"42","Aland Islands",3.41,"Imported Beer (0.33 Liter Bottle), Markets"
"43","Aland Islands",10.24,"Cigarettes (Pack of 20, Marlboro), Markets"
"44","Aland Islands",10.19,"Chicken Fillets (1 kg), Markets"
"45","Aland Islands",2.92,"Apples (1 kg), Markets"
"46","Aland Islands",2.66,"Oranges (1 kg), Markets"
"47","Aland Islands",1.34,"Potatoes (1 kg), Markets"
"48","Aland Islands",2.36,"Lettuce (1 Head), Markets"
"49","Aland Islands",4.02,"Cappuccino (Regular Size), Restaurants"
"50","Aland Islands",2.33,"White Rice (1 kg), Markets"
"51","Aland Islands",4.66,"Tomatoes (1 kg), Markets"
"52","Aland Islands",1.83,"Bananas (1 kg), Markets"
"53","Aland Islands",1.31,"Onions (1 kg), Markets"
"54","Aland Islands",16.01,"Beef Round or Equivalent Back Leg Red Meat (1 kg), Markets"
"55","Albania",12.09,"Meal at an Inexpensive Restaurant, Restaurants"
"56","Albania",48.36,"Meal for Two at a Mid-Range Restaurant (Three Courses, Without Drinks), Restaurants"
"57","Albania",9.67,"Combo Meal at McDonald's (or Equivalent Fast-Food Meal), Restaurants"
"58","Albania",2.72,"Domestic Draft Beer (0.5 Liter), Restaurants"
"59","Albania",4.23,"Imported Beer (0.33 Liter Bottle), Restaurants"
"60","Albania",1.97,"Soft Drink (Coca-Cola or Pepsi, 0.33 Liter Bottle), Restaurants"
"61","Albania",0.92,"Bottled Water (0.33 Liter), Restaurants"
"62","Albania",2.12,"Milk (Regular, 1 Liter), Markets"
"63","Albania",1.08,"Fresh White Bread (500 g Loaf), Markets"
"64","Albania",3.83,"Eggs (12, Large Size), Markets"
"65","Albania",12.75,"Local Cheese (1 kg), Markets"
"66","Albania",0.74,"Bottled Water (1.5 Liter), Markets"
"67","Albania",9.67,"Bottle of Wine (Mid-Range), Markets"
"68","Albania",1.59,"Domestic Beer (0.5 Liter Bottle), Markets"
"69","Albania",2.13,"Imported Beer (0.33 Liter Bottle), Markets"
"70","Albania",4.47,"Cigarettes (Pack of 20, Marlboro), Markets"
"71","Albania",8.21,"Chicken Fillets (1 kg), Markets"
"72","Albania",1.62,"Apples (1 kg), Markets"
"73","Albania",1.83,"Oranges (1 kg), Markets"
"74","Albania",1.17,"Potatoes (1 kg), Markets"
"75","Albania",1.36,"Lettuce (1 Head), Markets"
"76","Albania",2.01,"Cappuccino (Regular Size), Restaurants"
"77","Albania",2.25,"White Rice (1 kg), Markets"
"78","Albania",1.63,"Tomatoes (1 kg), Markets"
"79","Albania",2.59,"Bananas (1 kg), Markets"
"80","Albania",1.2,"Onions (1 kg), Markets"
"81","Albania",15.07,"Beef Round or Equivalent Back Leg Red Meat (1 kg), Markets"
"82","Alderney",26.65,"Meal at an Inexpensive Restaurant, Restaurants"
"83","Alderney",103.28,"Meal for Two at a Mid-Range Restaurant (Three Courses, Without Drinks), Restaurants"
"84","Alderney",11.33,"Combo Meal at McDonald's (or Equivalent Fast-Food Meal), Restaurants"
"85","Alderney",5.64,"Domestic Draft Beer (0.5 Liter), Restaurants"
"86","Alderney",6.66,"Imported Beer (0.33 Liter Bottle), Restaurants"
"87","Alderney",2.63,"Soft Drink (Coca-Cola or Pepsi, 0.33 Liter Bottle), Restaurants"
"88","Alderney",1.33,"Bottled Water (0.33 Liter), Restaurants"
"89","Alderney",1.93,"Milk (Regular, 1 Liter), Markets"
"90","Alderney",2.13,"Fresh White Bread (500 g Loaf), Markets"
"91","Alderney",4.48,"Eggs (12, Large Size), Markets"
"92","Alderney",10.66,"Local Cheese (1 kg), Markets"
"93","Alderney",1.47,"Bottled Water (1.5 Liter), Markets"
"94","Alderney",15.99,"Bottle of Wine (Mid-Range), Markets"
"95","Alderney",23.99,"Chicken Fillets (1 kg), Markets"
"96","Alderney",4.8,"Apples (1 kg), Markets"
"97","Alderney",5.33,"Oranges (1 kg), Markets"
"98","Alderney",1.33,"Potatoes (1 kg), Markets"
"99","Alderney",2.67,"Lettuce (1 Head), Markets"
"100","Alderney",3.5,"Cappuccino (Regular Size), Restaurants"
"101","Alderney",2.4,"White Rice (1 kg), Markets"
"102","Alderney",3.2,"Tomatoes (1 kg), Markets"
"103","Alderney",3.46,"Bananas (1 kg), Markets"
"104","Alderney",4.26,"Onions (1 kg), Markets"
"105","Alderney",33.32,"Beef Round or Equivalent Back Leg Red Meat (1 kg), Markets"
"106","Algeria",2.74,"Meal at an Inexpensive Restaurant, Restaurants"
"107","Algeria",23.29,"Meal for Two at a Mid-Range Restaurant (Three Courses, Without Drinks), Restaurants"
"108","Algeria",3.97,"Combo Meal at McDonald's (or Equivalent Fast-Food Meal), Restaurants"
"109","Algeria",1.48,"Domestic Draft Beer (0.5 Liter), Restaurants"
"110","Algeria",2.33,"Imported Beer (0.33 Liter Bottle), Restaurants"
"111","Algeria",0.59,"Soft Drink (Coca-Cola or Pepsi, 0.33 Liter Bottle), Restaurants"
"112","Algeria",0.24,"Bottled Water (0.33 Liter), Restaurants"
"113","Algeria",0.97,"Milk (Regular, 1 Liter), Markets"
"114","Algeria",0.17,"Fresh White Bread (500 g Loaf), Markets"
"115","Algeria",1.76,"Eggs (12, Large Size), Markets"
"116","Algeria",8.9,"Local Cheese (1 kg), Markets"
"117","Algeria",0.32,"Bottled Water (1.5 Liter), Markets"
"118","Algeria",9.44,"Bottle of Wine (Mid-Range), Markets"
"119","Algeria",1.61,"Domestic Beer (0.5 Liter Bottle), Markets"
"120","Algeria",2.04,"Imported Beer (0.33 Liter Bottle), Markets"
"121","Algeria",2.79,"Cigarettes (Pack of 20, Marlboro), Markets"
"122","Algeria",4.73,"Chicken Fillets (1 kg), Markets"
"123","Algeria",3.17,"Apples (1 kg), Markets"
"124","Algeria",1.68,"Oranges (1 kg), Markets"
"125","Algeria",0.6,"Potatoes (1 kg), Markets"
"126","Algeria",0.63,"Lettuce (1 Head), Markets"
"127","Algeria",0.8,"Cappuccino (Regular Size), Restaurants"
"128","Algeria",1.46,"White Rice (1 kg), Markets"
"129","Algeria",0.82,"Tomatoes (1 kg), Markets"
"130","Algeria",3.12,"Bananas (1 kg), Markets"
"131","Algeria",0.53,"Onions (1 kg), Markets"
"132","Algeria",16.07,"Beef Round or Equivalent Back Leg Red Meat (1 kg), Markets"
"133","American Samoa",25,"Meal at an Inexpensive Restaurant, Restaurants"
"134","American Samoa",6.99,"Meal for Two at a Mid-Range Restaurant (Three Courses, Without Drinks), Restaurants"
"135","American Samoa",2,"Domestic Draft Beer (0.5 Liter), Restaurants"
"136","American Samoa",2,"Imported Beer (0.33 Liter Bottle), Restaurants"
"137","American Samoa",1.25,"Soft Drink (Coca-Cola or Pepsi, 0.33 Liter Bottle), Restaurants"
"138","American Samoa",2.55,"Milk (Regular, 1 Liter), Markets"
"139","American Samoa",2.89,"Fresh White Bread (500 g Loaf), Markets"
"140","American Samoa",4.5,"Eggs (12, Large Size), Markets"
"141","American Samoa",10.2,"Local Cheese (1 kg), Markets"
"142","American Samoa",15,"Bottle of Wine (Mid-Range), Markets"
"143","American Samoa",2.95,"Imported Beer (0.33 Liter Bottle), Markets"
"144","American Samoa",11.5,"Cigarettes (Pack of 20, Marlboro), Markets"
"145","American Samoa",1,"Cappuccino (Regular Size), Restaurants"
"146","American Samoa",4.3,"White Rice (1 kg), Markets"
"147","American Samoa",11.35,"Beef Round or Equivalent Back Leg Red Meat (1 kg), Markets"
"148","Andorra",17.47,"Meal at an Inexpensive Restaurant, Restaurants"
"149","Andorra",52.4,"Meal for Two at a Mid-Range Restaurant (Three Courses, Without Drinks), Restaurants"
"150","Andorra",12.81,"Combo Meal at McDonald's (or Equivalent Fast-Food Meal), Restaurants"
"151","Andorra",3.49,"Domestic Draft Beer (0.5 Liter), Restaurants"
"152","Andorra",4.37,"Imported Beer (0.33 Liter Bottle), Restaurants"
"153","Andorra",2.52,"Soft Drink (Coca-Cola or Pepsi, 0.33 Liter Bottle), Restaurants"
"154","Andorra",1.83,"Bottled Water (0.33 Liter), Restaurants"
"155","Andorra",1.29,"Milk (Regular, 1 Liter), Markets"
"156","Andorra",1.4,"Fresh White Bread (500 g Loaf), Markets"
"157","Andorra",2.37,"Eggs (12, Large Size), Markets"
"158","Andorra",14.28,"Local Cheese (1 kg), Markets"
"159","Andorra",0.84,"Bottled Water (1.5 Liter), Markets"
"160","Andorra",5.82,"Bottle of Wine (Mid-Range), Markets"
"161","Andorra",1.38,"Domestic Beer (0.5 Liter Bottle), Markets"
"162","Andorra",1.31,"Imported Beer (0.33 Liter Bottle), Markets"
"163","Andorra",5.71,"Cigarettes (Pack of 20, Marlboro), Markets"
"164","Andorra",10.65,"Chicken Fillets (1 kg), Markets"
"165","Andorra",2.79,"Apples (1 kg), Markets"
"166","Andorra",2.03,"Oranges (1 kg), Markets"
"167","Andorra",2.08,"Potatoes (1 kg), Markets"
"168","Andorra",1.59,"Lettuce (1 Head), Markets"
"169","Andorra",2.69,"Cappuccino (Regular Size), Restaurants"
"170","Andorra",2.21,"White Rice (1 kg), Markets"
"171","Andorra",3.3,"Tomatoes (1 kg), Markets"
"172","Andorra",2.61,"Bananas (1 kg), Markets"
"173","Andorra",2.11,"Onions (1 kg), Markets"
"174","Andorra",14.1,"Beef Round or Equivalent Back Leg Red Meat (1 kg), Markets"
"175","Angola",5.95,"Meal at an Inexpensive Restaurant, Restaurants"
"176","Angola",40.97,"Meal for Two at a Mid-Range Restaurant (Three Courses, Without Drinks), Restaurants"
"177","Angola",8,"Combo Meal at McDonald's (or Equivalent Fast-Food Meal), Restaurants"
"178","Angola",1.81,"Domestic Draft Beer (0.5 Liter), Restaurants"
"179","Angola",1.76,"Imported Beer (0.33 Liter Bottle), Restaurants"
"180","Angola",1.41,"Soft Drink (Coca-Cola or Pepsi, 0.33 Liter Bottle), Restaurants"
"181","Angola",1.24,"Bottled Water (0.33 Liter), Restaurants"
"182","Angola",1.95,"Milk (Regular, 1 Liter), Markets"
"183","Angola",1.18,"Fresh White Bread (500 g Loaf), Markets"
"184","Angola",2.16,"Eggs (12, Large Size), Markets"
"185","Angola",12.49,"Local Cheese (1 kg), Markets"
"186","Angola",0.44,"Bottled Water (1.5 Liter), Markets"
"187","Angola",7.74,"Bottle of Wine (Mid-Range), Markets"
"188","Angola",0.58,"Domestic Beer (0.5 Liter Bottle), Markets"
"189","Angola",1.29,"Imported Beer (0.33 Liter Bottle), Markets"
"190","Angola",2.38,"Cigarettes (Pack of 20, Marlboro), Markets"
"191","Angola",4.39,"Chicken Fillets (1 kg), Markets"
"192","Angola",2.43,"Apples (1 kg), Markets"
"193","Angola",3.05,"Oranges (1 kg), Markets"
"194","Angola",1.79,"Potatoes (1 kg), Markets"
"195","Angola",1.99,"Lettuce (1 Head), Markets"
"196","Angola",3.64,"Cappuccino (Regular Size), Restaurants"
"197","Angola",1.41,"White Rice (1 kg), Markets"
"198","Angola",2.08,"Tomatoes (1 kg), Markets"
"199","Angola",1.16,"Bananas (1 kg), Markets"
"200","Angola",1.56,"Onions (1 kg), Markets"
"201","Angola",9.07,"Beef Round or Equivalent Back Leg Red Meat (1 kg), Markets"
"202","Anguilla",20,"Meal at an Inexpensive Restaurant, Restaurants"
"203","Anguilla",140,"Meal for Two at a Mid-Range Restaurant (Three Courses, Without Drinks), Restaurants"
"204","Anguilla",16,"Combo Meal at McDonald's (or Equivalent Fast-Food Meal), Restaurants"
"205","Anguilla",5,"Domestic Draft Beer (0.5 Liter), Restaurants"
"206","Anguilla",6,"Imported Beer (0.33 Liter Bottle), Restaurants"
"207","Anguilla",3.33,"Soft Drink (Coca-Cola or Pepsi, 0.33 Liter Bottle), Restaurants"
"208","Anguilla",4,"Bottled Water (0.33 Liter), Restaurants"
"209","Anguilla",2.23,"Milk (Regular, 1 Liter), Markets"
"210","Anguilla",3.31,"Fresh White Bread (500 g Loaf), Markets"
"211","Anguilla",4.8,"Eggs (12, Large Size), Markets"
"212","Anguilla",22.05,"Local Cheese (1 kg), Markets"
"213","Anguilla",3,"Bottled Water (1.5 Liter), Markets"
"214","Anguilla",23,"Bottle of Wine (Mid-Range), Markets"
"215","Anguilla",10,"Cigarettes (Pack of 20, Marlboro), Markets"
"216","Anguilla",13.06,"Chicken Fillets (1 kg), Markets"
"217","Anguilla",5,"Apples (1 kg), Markets"
"218","Anguilla",4,"Oranges (1 kg), Markets"
"219","Anguilla",4,"Potatoes (1 kg), Markets"
"220","Anguilla",4,"Lettuce (1 Head), Markets"
"221","Anguilla",5,"Cappuccino (Regular Size), Restaurants"
"222","Anguilla",4,"White Rice (1 kg), Markets"
"223","Anguilla",5,"Tomatoes (1 kg), Markets"
"224","Anguilla",3,"Bananas (1 kg), Markets"
"225","Anguilla",4,"Onions (1 kg), Markets"
"226","Anguilla",25,"Beef Round or Equivalent Back Leg Red Meat (1 kg), Markets"
"227","Antigua And Barbuda",9.25,"Meal at an Inexpensive Restaurant, Restaurants"
"228","Antigua And Barbuda",74,"Meal for Two at a Mid-Range Restaurant (Three Courses, Without Drinks), Restaurants"
"229","Antigua And Barbuda",9.25,"Combo Meal at McDonald's (or Equivalent Fast-Food Meal), Restaurants"
"230","Antigua And Barbuda",3.7,"Domestic Draft Beer (0.5 Liter), Restaurants"
"231","Antigua And Barbuda",4.44,"Imported Beer (0.33 Liter Bottle), Restaurants"
"232","Antigua And Barbuda",2.2,"Soft Drink (Coca-Cola or Pepsi, 0.33 Liter Bottle), Restaurants"
"233","Antigua And Barbuda",1.18,"Bottled Water (0.33 Liter), Restaurants"
"234","Antigua And Barbuda",2.96,"Milk (Regular, 1 Liter), Markets"
"235","Antigua And Barbuda",2.78,"Fresh White Bread (500 g Loaf), Markets"
"236","Antigua And Barbuda",7.55,"Eggs (12, Large Size), Markets"
"237","Antigua And Barbuda",8.91,"Local Cheese (1 kg), Markets"
"238","Antigua And Barbuda",1.67,"Bottled Water (1.5 Liter), Markets"
"239","Antigua And Barbuda",11.84,"Bottle of Wine (Mid-Range), Markets"
"240","Antigua And Barbuda",2.75,"Domestic Beer (0.5 Liter Bottle), Markets"
"241","Antigua And Barbuda",3.21,"Imported Beer (0.33 Liter Bottle), Markets"
"242","Antigua And Barbuda",7.4,"Cigarettes (Pack of 20, Marlboro), Markets"
"243","Antigua And Barbuda",8.51,"Chicken Fillets (1 kg), Markets"
"244","Antigua And Barbuda",6.74,"Apples (1 kg), Markets"
"245","Antigua And Barbuda",10.5,"Oranges (1 kg), Markets"
"246","Antigua And Barbuda",3.62,"Potatoes (1 kg), Markets"
"247","Antigua And Barbuda",3.82,"Lettuce (1 Head), Markets"
"248","Antigua And Barbuda",4.56,"Cappuccino (Regular Size), Restaurants"
"249","Antigua And Barbuda",3.95,"White Rice (1 kg), Markets"
"250","Antigua And Barbuda",6.42,"Tomatoes (1 kg), Markets"
"251","Antigua And Barbuda",3.9,"Bananas (1 kg), Markets"
"252","Antigua And Barbuda",2.65,"Onions (1 kg), Markets"
"253","Antigua And Barbuda",28.72,"Beef Round or Equivalent Back Leg Red Meat (1 kg), Markets"
"254","Argentina",12,"Meal at an Inexpensive Restaurant, Restaurants"
"255","Argentina",50,"Meal for Two at a Mid-Range Restaurant (Three Courses, Without Drinks), Restaurants"
"256","Argentina",11,"Combo Meal at McDonald's (or Equivalent Fast-Food Meal), Restaurants"
"257","Argentina",3,"Domestic Draft Beer (0.5 Liter), Restaurants"
"258","Argentina",3.5,"Imported Beer (0.33 Liter Bottle), Restaurants"
"259","Argentina",1.94,"Soft Drink (Coca-Cola or Pepsi, 0.33 Liter Bottle), Restaurants"
"260","Argentina",1.42,"Bottled Water (0.33 Liter), Restaurants"
"261","Argentina",1.39,"Milk (Regular, 1 Liter), Markets"
"262","Argentina",2.15,"Fresh White Bread (500 g Loaf), Markets"
"263","Argentina",2.77,"Eggs (12, Large Size), Markets"
"264","Argentina",10.07,"Local Cheese (1 kg), Markets"
"265","Argentina",1.53,"Bottled Water (1.5 Liter), Markets"
"266","Argentina",5,"Bottle of Wine (Mid-Range), Markets"
"267","Argentina",1.9,"Domestic Beer (0.5 Liter Bottle), Markets"
"268","Argentina",3.12,"Imported Beer (0.33 Liter Bottle), Markets"
"269","Argentina",3.5,"Cigarettes (Pack of 20, Marlboro), Markets"
"270","Argentina",7.09,"Chicken Fillets (1 kg), Markets"
"271","Argentina",2.26,"Apples (1 kg), Markets"
"272","Argentina",1.34,"Oranges (1 kg), Markets"
"273","Argentina",1.23,"Potatoes (1 kg), Markets"
"274","Argentina",1.74,"Lettuce (1 Head), Markets"
"275","Argentina",3.42,"Cappuccino (Regular Size), Restaurants"
"276","Argentina",2.06,"White Rice (1 kg), Markets"
"277","Argentina",2.48,"Tomatoes (1 kg), Markets"
"278","Argentina",2.09,"Bananas (1 kg), Markets"
"279","Argentina",1.13,"Onions (1 kg), Markets"
"280","Argentina",9.47,"Beef Round or Equivalent Back Leg Red Meat (1 kg), Markets"
"281","Armenia",10.49,"Meal at an Inexpensive Restaurant, Restaurants"
"282","Armenia",47.21,"Meal for Two at a Mid-Range Restaurant (Three Courses, Without Drinks), Restaurants"
"283","Armenia",7.93,"Combo Meal at McDonald's (or Equivalent Fast-Food Meal), Restaurants"
"284","Armenia",1.98,"Domestic Draft Beer (0.5 Liter), Restaurants"
"285","Armenia",3.15,"Imported Beer (0.33 Liter Bottle), Restaurants"
"286","Armenia",0.93,"Soft Drink (Coca-Cola or Pepsi, 0.33 Liter Bottle), Restaurants"
"287","Armenia",0.49,"Bottled Water (0.33 Liter), Restaurants"
"288","Armenia",1.56,"Milk (Regular, 1 Liter), Markets"
"289","Armenia",0.81,"Fresh White Bread (500 g Loaf), Markets"
"290","Armenia",2.25,"Eggs (12, Large Size), Markets"
"291","Armenia",7.71,"Local Cheese (1 kg), Markets"
"292","Armenia",0.69,"Bottled Water (1.5 Liter), Markets"
"293","Armenia",10.49,"Bottle of Wine (Mid-Range), Markets"
"294","Armenia",1.36,"Domestic Beer (0.5 Liter Bottle), Markets"
"295","Armenia",2.16,"Imported Beer (0.33 Liter Bottle), Markets"
"296","Armenia",2.62,"Cigarettes (Pack of 20, Marlboro), Markets"
"297","Armenia",7.53,"Chicken Fillets (1 kg), Markets"
"298","Armenia",1.3,"Apples (1 kg), Markets"
"299","Armenia",1.77,"Oranges (1 kg), Markets"
"300","Armenia",0.78,"Potatoes (1 kg), Markets"
"301","Armenia",0.94,"Lettuce (1 Head), Markets"
"302","Armenia",3.11,"Cappuccino (Regular Size), Restaurants"
"303","Armenia",2.29,"White Rice (1 kg), Markets"
"304","Armenia",2.11,"Tomatoes (1 kg), Markets"
"305","Armenia",1.67,"Bananas (1 kg), Markets"
"306","Armenia",0.74,"Onions (1 kg), Markets"
"307","Armenia",12.01,"Beef Round or Equivalent Back Leg Red Meat (1 kg), Markets"
"308","Aruba",16.82,"Meal at an Inexpensive Restaurant, Restaurants"
"309","Aruba",90,"Meal for Two at a Mid-Range Restaurant (Three Courses, Without Drinks), Restaurants"
"310","Aruba",10,"Combo Meal at McDonald's (or Equivalent Fast-Food Meal), Restaurants"
"311","Aruba",5,"Domestic Draft Beer (0.5 Liter), Restaurants"
"312","Aruba",7,"Imported Beer (0.33 Liter Bottle), Restaurants"
"313","Aruba",2.07,"Soft Drink (Coca-Cola or Pepsi, 0.33 Liter Bottle), Restaurants"
"314","Aruba",1.74,"Bottled Water (0.33 Liter), Restaurants"
"315","Aruba",1.96,"Milk (Regular, 1 Liter), Markets"
"316","Aruba",2.96,"Fresh White Bread (500 g Loaf), Markets"
"317","Aruba",5.14,"Eggs (12, Large Size), Markets"
"318","Aruba",12.88,"Local Cheese (1 kg), Markets"
"319","Aruba",2.24,"Bottled Water (1.5 Liter), Markets"
"320","Aruba",10,"Bottle of Wine (Mid-Range), Markets"
"321","Aruba",4.54,"Domestic Beer (0.5 Liter Bottle), Markets"
"322","Aruba",4.61,"Imported Beer (0.33 Liter Bottle), Markets"
"323","Aruba",10.26,"Cigarettes (Pack of 20, Marlboro), Markets"
"324","Aruba",7.76,"Chicken Fillets (1 kg), Markets"
"325","Aruba",4.77,"Apples (1 kg), Markets"
"326","Aruba",6.58,"Oranges (1 kg), Markets"
"327","Aruba",2.81,"Potatoes (1 kg), Markets"
"328","Aruba",3.67,"Lettuce (1 Head), Markets"
"329","Aruba",4.75,"Cappuccino (Regular Size), Restaurants"
"330","Aruba",3.32,"White Rice (1 kg), Markets"
"331","Aruba",5.81,"Tomatoes (1 kg), Markets"
"332","Aruba",2.62,"Bananas (1 kg), Markets"
"333","Aruba",2.59,"Onions (1 kg), Markets"
"334","Aruba",11.54,"Beef Round or Equivalent Back Leg Red Meat (1 kg), Markets"
"335","Australia",16.52,"Meal at an Inexpensive Restaurant, Restaurants"
"336","Australia",79.3,"Meal for Two at a Mid-Range Restaurant (Three Courses, Without Drinks), Restaurants"
"337","Australia",9.91,"Combo Meal at McDonald's (or Equivalent Fast-Food Meal), Restaurants"
"338","Australia",6.61,"Domestic Draft Beer (0.5 Liter), Restaurants"
"339","Australia",7.27,"Imported Beer (0.33 Liter Bottle), Restaurants"
"340","Australia",2.68,"Soft Drink (Coca-Cola or Pepsi, 0.33 Liter Bottle), Restaurants"
"341","Australia",2.21,"Bottled Water (0.33 Liter), Restaurants"
"342","Australia",1.62,"Milk (Regular, 1 Liter), Markets"
"343","Australia",2.55,"Fresh White Bread (500 g Loaf), Markets"
"344","Australia",4.63,"Eggs (12, Large Size), Markets"
"345","Australia",9.14,"Local Cheese (1 kg), Markets"
"346","Australia",1.58,"Bottled Water (1.5 Liter), Markets"
"347","Australia",13.22,"Bottle of Wine (Mid-Range), Markets"
"348","Australia",4.54,"Domestic Beer (0.5 Liter Bottle), Markets"
"349","Australia",4.93,"Imported Beer (0.33 Liter Bottle), Markets"
"350","Australia",33.04,"Cigarettes (Pack of 20, Marlboro), Markets"
"351","Australia",8.57,"Chicken Fillets (1 kg), Markets"
"352","Australia",3.28,"Apples (1 kg), Markets"
"353","Australia",3,"Oranges (1 kg), Markets"
"354","Australia",2.57,"Potatoes (1 kg), Markets"
"355","Australia",2.31,"Lettuce (1 Head), Markets"
"356","Australia",3.64,"Cappuccino (Regular Size), Restaurants"
"357","Australia",2.06,"White Rice (1 kg), Markets"
"358","Australia",4.57,"Tomatoes (1 kg), Markets"
"359","Australia",2.81,"Bananas (1 kg), Markets"
"360","Australia",2.2,"Onions (1 kg), Markets"
"361","Australia",13.92,"Beef Round or Equivalent Back Leg Red Meat (1 kg), Markets"
"362","Austria",17.47,"Meal at an Inexpensive Restaurant, Restaurants"
"363","Austria",81.51,"Meal for Two at a Mid-Range Restaurant (Three Courses, Without Drinks), Restaurants"
"364","Austria",12.81,"Combo Meal at McDonald's (or Equivalent Fast-Food Meal), Restaurants"
"365","Austria",5.82,"Domestic Draft Beer (0.5 Liter), Restaurants"
"366","Austria",5.24,"Imported Beer (0.33 Liter Bottle), Restaurants"
"367","Austria",3.95,"Soft Drink (Coca-Cola or Pepsi, 0.33 Liter Bottle), Restaurants"
"368","Austria",3.06,"Bottled Water (0.33 Liter), Restaurants"
"369","Austria",1.73,"Milk (Regular, 1 Liter), Markets"
"370","Austria",2.99,"Fresh White Bread (500 g Loaf), Markets"
"371","Austria",4.8,"Eggs (12, Large Size), Markets"
"372","Austria",20.5,"Local Cheese (1 kg), Markets"
"373","Austria",0.93,"Bottled Water (1.5 Liter), Markets"
"374","Austria",8.15,"Bottle of Wine (Mid-Range), Markets"
"375","Austria",1.53,"Domestic Beer (0.5 Liter Bottle), Markets"
"376","Austria",2.1,"Imported Beer (0.33 Liter Bottle), Markets"
"377","Austria",7.57,"Cigarettes (Pack of 20, Marlboro), Markets"
"378","Austria",14.94,"Chicken Fillets (1 kg), Markets"
"379","Austria",3.08,"Apples (1 kg), Markets"
"380","Austria",3.23,"Oranges (1 kg), Markets"
"381","Austria",2.34,"Potatoes (1 kg), Markets"
"382","Austria",2.01,"Lettuce (1 Head), Markets"
"383","Austria",4.72,"Cappuccino (Regular Size), Restaurants"
"384","Austria",2.65,"White Rice (1 kg), Markets"
"385","Austria",4.59,"Tomatoes (1 kg), Markets"
"386","Austria",2.48,"Bananas (1 kg), Markets"
"387","Austria",2.16,"Onions (1 kg), Markets"
"388","Austria",23.33,"Beef Round or Equivalent Back Leg Red Meat (1 kg), Markets"
"389","Azerbaijan",8.82,"Meal at an Inexpensive Restaurant, Restaurants"
"390","Azerbaijan",35.29,"Meal for Two at a Mid-Range Restaurant (Three Courses, Without Drinks), Restaurants"
"391","Azerbaijan",7.65,"Combo Meal at McDonald's (or Equivalent Fast-Food Meal), Restaurants"
"392","Azerbaijan",1.76,"Domestic Draft Beer (0.5 Liter), Restaurants"
"393","Azerbaijan",2.94,"Imported Beer (0.33 Liter Bottle), Restaurants"
"394","Azerbaijan",0.88,"Soft Drink (Coca-Cola or Pepsi, 0.33 Liter Bottle), Restaurants"
"395","Azerbaijan",0.48,"Bottled Water (0.33 Liter), Restaurants"
"396","Azerbaijan",1.41,"Milk (Regular, 1 Liter), Markets"
"397","Azerbaijan",0.45,"Fresh White Bread (500 g Loaf), Markets"
"398","Azerbaijan",1.5,"Eggs (12, Large Size), Markets"
"399","Azerbaijan",4.49,"Local Cheese (1 kg), Markets"
"400","Azerbaijan",0.6,"Bottled Water (1.5 Liter), Markets"
"401","Azerbaijan",8.24,"Bottle of Wine (Mid-Range), Markets"
"402","Azerbaijan",1.38,"Domestic Beer (0.5 Liter Bottle), Markets"
"403","Azerbaijan",2.7,"Imported Beer (0.33 Liter Bottle), Markets"
"404","Azerbaijan",3.53,"Cigarettes (Pack of 20, Marlboro), Markets"
"405","Azerbaijan",4.63,"Chicken Fillets (1 kg), Markets"
"406","Azerbaijan",1.14,"Apples (1 kg), Markets"
"407","Azerbaijan",1.57,"Oranges (1 kg), Markets"
"408","Azerbaijan",0.7,"Potatoes (1 kg), Markets"
"409","Azerbaijan",0.45,"Lettuce (1 Head), Markets"
"410","Azerbaijan",3.32,"Cappuccino (Regular Size), Restaurants"
"411","Azerbaijan",2.05,"White Rice (1 kg), Markets"
"412","Azerbaijan",1.6,"Tomatoes (1 kg), Markets"
"413","Azerbaijan",1.74,"Bananas (1 kg), Markets"
"414","Azerbaijan",0.54,"Onions (1 kg), Markets"
"415","Azerbaijan",10.32,"Beef Round or Equivalent Back Leg Red Meat (1 kg), Markets"
"416","Bahamas",30,"Meal at an Inexpensive Restaurant, Restaurants"
"417","Bahamas",150,"Meal for Two at a Mid-Range Restaurant (Three Courses, Without Drinks), Restaurants"
"418","Bahamas",12,"Combo Meal at McDonald's (or Equivalent Fast-Food Meal), Restaurants"
"419","Bahamas",5,"Domestic Draft Beer (0.5 Liter), Restaurants"
"420","Bahamas",8,"Imported Beer (0.33 Liter Bottle), Restaurants"
"421","Bahamas",2.9,"Soft Drink (Coca-Cola or Pepsi, 0.33 Liter Bottle), Restaurants"
"422","Bahamas",1.78,"Bottled Water (0.33 Liter), Restaurants"
"423","Bahamas",4.21,"Milk (Regular, 1 Liter), Markets"
"424","Bahamas",5.11,"Fresh White Bread (500 g Loaf), Markets"
"425","Bahamas",8.36,"Eggs (12, Large Size), Markets"
"426","Bahamas",9.95,"Local Cheese (1 kg), Markets"
"427","Bahamas",2.92,"Bottled Water (1.5 Liter), Markets"
"428","Bahamas",30,"Bottle of Wine (Mid-Range), Markets"
"429","Bahamas",4.45,"Domestic Beer (0.5 Liter Bottle), Markets"
"430","Bahamas",4,"Imported Beer (0.33 Liter Bottle), Markets"
"431","Bahamas",15,"Cigarettes (Pack of 20, Marlboro), Markets"
"432","Bahamas",12.45,"Chicken Fillets (1 kg), Markets"
"433","Bahamas",6.82,"Apples (1 kg), Markets"
"434","Bahamas",5.11,"Oranges (1 kg), Markets"
"435","Bahamas",4.47,"Potatoes (1 kg), Markets"
"436","Bahamas",3.72,"Lettuce (1 Head), Markets"
"437","Bahamas",5.65,"Cappuccino (Regular Size), Restaurants"
"438","Bahamas",5.71,"White Rice (1 kg), Markets"
"439","Bahamas",8.94,"Tomatoes (1 kg), Markets"
"440","Bahamas",3.89,"Bananas (1 kg), Markets"
"441","Bahamas",4.03,"Onions (1 kg), Markets"
"442","Bahamas",17.56,"Beef Round or Equivalent Back Leg Red Meat (1 kg), Markets"
"443","Bahrain",6.9,"Meal at an Inexpensive Restaurant, Restaurants"
"444","Bahrain",53.06,"Meal for Two at a Mid-Range Restaurant (Three Courses, Without Drinks), Restaurants"
"445","Bahrain",7.96,"Combo Meal at McDonald's (or Equivalent Fast-Food Meal), Restaurants"
"446","Bahrain",7.96,"Domestic Draft Beer (0.5 Liter), Restaurants"
"447","Bahrain",10.61,"Imported Beer (0.33 Liter Bottle), Restaurants"
"448","Bahrain",0.86,"Soft Drink (Coca-Cola or Pepsi, 0.33 Liter Bottle), Restaurants"
"449","Bahrain",0.32,"Bottled Water (0.33 Liter), Restaurants"
"450","Bahrain",1.63,"Milk (Regular, 1 Liter), Markets"
"451","Bahrain",1.35,"Fresh White Bread (500 g Loaf), Markets"
"452","Bahrain",2.55,"Eggs (12, Large Size), Markets"
"453","Bahrain",8.64,"Local Cheese (1 kg), Markets"
"454","Bahrain",0.66,"Bottled Water (1.5 Liter), Markets"
"455","Bahrain",23.88,"Bottle of Wine (Mid-Range), Markets"
"456","Bahrain",3.22,"Domestic Beer (0.5 Liter Bottle), Markets"
"457","Bahrain",3.48,"Imported Beer (0.33 Liter Bottle), Markets"
"458","Bahrain",6.1,"Cigarettes (Pack of 20, Marlboro), Markets"
"459","Bahrain",6.98,"Chicken Fillets (1 kg), Markets"
"460","Bahrain",2.58,"Apples (1 kg), Markets"
"461","Bahrain",2.2,"Oranges (1 kg), Markets"
"462","Bahrain",1.11,"Potatoes (1 kg), Markets"
"463","Bahrain",1.67,"Lettuce (1 Head), Markets"
"464","Bahrain",4.88,"Cappuccino (Regular Size), Restaurants"
"465","Bahrain",2.69,"White Rice (1 kg), Markets"
"466","Bahrain",1.56,"Tomatoes (1 kg), Markets"
"467","Bahrain",2.17,"Bananas (1 kg), Markets"
"468","Bahrain",1.23,"Onions (1 kg), Markets"
"469","Bahrain",9.97,"Beef Round or Equivalent Back Leg Red Meat (1 kg), Markets"
"470","Bangladesh",1.7,"Meal at an Inexpensive Restaurant, Restaurants"
"471","Bangladesh",12.26,"Meal for Two at a Mid-Range Restaurant (Three Courses, Without Drinks), Restaurants"
"472","Bangladesh",4.9,"Combo Meal at McDonald's (or Equivalent Fast-Food Meal), Restaurants"
"473","Bangladesh",4.09,"Domestic Draft Beer (0.5 Liter), Restaurants"
"474","Bangladesh",4.49,"Imported Beer (0.33 Liter Bottle), Restaurants"
"475","Bangladesh",0.32,"Soft Drink (Coca-Cola or Pepsi, 0.33 Liter Bottle), Restaurants"
"476","Bangladesh",0.16,"Bottled Water (0.33 Liter), Restaurants"
"477","Bangladesh",0.74,"Milk (Regular, 1 Liter), Markets"
"478","Bangladesh",0.58,"Fresh White Bread (500 g Loaf), Markets"
"479","Bangladesh",1.16,"Eggs (12, Large Size), Markets"
"480","Bangladesh",7.85,"Local Cheese (1 kg), Markets"
"481","Bangladesh",0.27,"Bottled Water (1.5 Liter), Markets"
"482","Bangladesh",9.81,"Bottle of Wine (Mid-Range), Markets"
"483","Bangladesh",3.61,"Domestic Beer (0.5 Liter Bottle), Markets"
"484","Bangladesh",5.58,"Imported Beer (0.33 Liter Bottle), Markets"
"485","Bangladesh",3.19,"Cigarettes (Pack of 20, Marlboro), Markets"
"486","Bangladesh",2.58,"Chicken Fillets (1 kg), Markets"
"487","Bangladesh",2.43,"Apples (1 kg), Markets"
"488","Bangladesh",2.3,"Oranges (1 kg), Markets"
"489","Bangladesh",0.31,"Potatoes (1 kg), Markets"
"490","Bangladesh",0.37,"Lettuce (1 Head), Markets"
"491","Bangladesh",1.96,"Cappuccino (Regular Size), Restaurants"
"492","Bangladesh",0.6,"White Rice (1 kg), Markets"
"493","Bangladesh",0.59,"Tomatoes (1 kg), Markets"
"494","Bangladesh",0.87,"Bananas (1 kg), Markets"
"495","Bangladesh",0.52,"Onions (1 kg), Markets"
"496","Bangladesh",6.43,"Beef Round or Equivalent Back Leg Red Meat (1 kg), Markets"
"497","Barbados",20,"Meal at an Inexpensive Restaurant, Restaurants"
"498","Barbados",100,"Meal for Two at a Mid-Range Restaurant (Three Courses, Without Drinks), Restaurants"
"499","Barbados",10,"Combo Meal at McDonald's (or Equivalent Fast-Food Meal), Restaurants"
"500","Barbados",2.5,"Domestic Draft Beer (0.5 Liter), Restaurants"
"501","Barbados",4,"Imported Beer (0.33 Liter Bottle), Restaurants"
"502","Barbados",1.89,"Soft Drink (Coca-Cola or Pepsi, 0.33 Liter Bottle), Restaurants"
"503","Barbados",1.43,"Bottled Water (0.33 Liter), Restaurants"
"504","Barbados",3.61,"Milk (Regular, 1 Liter), Markets"
"505","Barbados",2.79,"Fresh White Bread (500 g Loaf), Markets"
"506","Barbados",5.79,"Eggs (12, Large Size), Markets"
"507","Barbados",7.99,"Local Cheese (1 kg), Markets"
"508","Barbados",2.62,"Bottled Water (1.5 Liter), Markets"
"509","Barbados",15,"Bottle of Wine (Mid-Range), Markets"
"510","Barbados",1.96,"Domestic Beer (0.5 Liter Bottle), Markets"
"511","Barbados",2.85,"Imported Beer (0.33 Liter Bottle), Markets"
"512","Barbados",8.05,"Cigarettes (Pack of 20, Marlboro), Markets"
"513","Barbados",11.71,"Chicken Fillets (1 kg), Markets"
"514","Barbados",4.24,"Apples (1 kg), Markets"
"515","Barbados",5.36,"Oranges (1 kg), Markets"
"516","Barbados",4.49,"Potatoes (1 kg), Markets"
"517","Barbados",2.68,"Lettuce (1 Head), Markets"
"518","Barbados",4.91,"Cappuccino (Regular Size), Restaurants"
"519","Barbados",4.22,"White Rice (1 kg), Markets"
"520","Barbados",5.27,"Tomatoes (1 kg), Markets"
"521","Barbados",3.28,"Bananas (1 kg), Markets"
"522","Barbados",3.5,"Onions (1 kg), Markets"
"523","Barbados",9.8,"Beef Round or Equivalent Back Leg Red Meat (1 kg), Markets"
"524","Belarus",10.36,"Meal at an Inexpensive Restaurant, Restaurants"
"525","Belarus",36.26,"Meal for Two at a Mid-Range Restaurant (Three Courses, Without Drinks), Restaurants"
"526","Belarus",6.56,"Combo Meal at McDonald's (or Equivalent Fast-Food Meal), Restaurants"
"527","Belarus",1.38,"Domestic Draft Beer (0.5 Liter), Restaurants"
"528","Belarus",2.42,"Imported Beer (0.33 Liter Bottle), Restaurants"
"529","Belarus",0.79,"Soft Drink (Coca-Cola or Pepsi, 0.33 Liter Bottle), Restaurants"
"530","Belarus",0.46,"Bottled Water (0.33 Liter), Restaurants"
"531","Belarus",0.86,"Milk (Regular, 1 Liter), Markets"
"532","Belarus",0.65,"Fresh White Bread (500 g Loaf), Markets"
"533","Belarus",1.58,"Eggs (12, Large Size), Markets"
"534","Belarus",7.6,"Local Cheese (1 kg), Markets"
"535","Belarus",0.66,"Bottled Water (1.5 Liter), Markets"
"536","Belarus",8.63,"Bottle of Wine (Mid-Range), Markets"
"537","Belarus",1.11,"Domestic Beer (0.5 Liter Bottle), Markets"
"538","Belarus",1.97,"Imported Beer (0.33 Liter Bottle), Markets"
"539","Belarus",2.42,"Cigarettes (Pack of 20, Marlboro), Markets"
"540","Belarus",4.77,"Chicken Fillets (1 kg), Markets"
"541","Belarus",1.48,"Apples (1 kg), Markets"
"542","Belarus",2.13,"Oranges (1 kg), Markets"
"543","Belarus",0.66,"Potatoes (1 kg), Markets"
"544","Belarus",1.46,"Lettuce (1 Head), Markets"
"545","Belarus",1.98,"Cappuccino (Regular Size), Restaurants"
"546","Belarus",1.3,"White Rice (1 kg), Markets"
"547","Belarus",2.31,"Tomatoes (1 kg), Markets"
"548","Belarus",1.91,"Bananas (1 kg), Markets"
"549","Belarus",0.72,"Onions (1 kg), Markets"
"550","Belarus",8.52,"Beef Round or Equivalent Back Leg Red Meat (1 kg), Markets"
"551","Belgium",23.29,"Meal at an Inexpensive Restaurant, Restaurants"
"552","Belgium",93.16,"Meal for Two at a Mid-Range Restaurant (Three Courses, Without Drinks), Restaurants"
"553","Belgium",13.97,"Combo Meal at McDonald's (or Equivalent Fast-Food Meal), Restaurants"
"554","Belgium",5.82,"Domestic Draft Beer (0.5 Liter), Restaurants"
"555","Belgium",5.24,"Imported Beer (0.33 Liter Bottle), Restaurants"
"556","Belgium",3.33,"Soft Drink (Coca-Cola or Pepsi, 0.33 Liter Bottle), Restaurants"
"557","Belgium",2.97,"Bottled Water (0.33 Liter), Restaurants"
"558","Belgium",1.3,"Milk (Regular, 1 Liter), Markets"
"559","Belgium",2.57,"Fresh White Bread (500 g Loaf), Markets"
"560","Belgium",4.1,"Eggs (12, Large Size), Markets"
"561","Belgium",15.67,"Local Cheese (1 kg), Markets"
"562","Belgium",1.06,"Bottled Water (1.5 Liter), Markets"
"563","Belgium",9.26,"Bottle of Wine (Mid-Range), Markets"
"564","Belgium",1.91,"Domestic Beer (0.5 Liter Bottle), Markets"
"565","Belgium",2.33,"Imported Beer (0.33 Liter Bottle), Markets"
"566","Belgium",13.39,"Cigarettes (Pack of 20, Marlboro), Markets"
"567","Belgium",12.38,"Chicken Fillets (1 kg), Markets"
"568","Belgium",2.84,"Apples (1 kg), Markets"
"569","Belgium",2.66,"Oranges (1 kg), Markets"
"570","Belgium",2.37,"Potatoes (1 kg), Markets"
"571","Belgium",1.57,"Lettuce (1 Head), Markets"
"572","Belgium",4.22,"Cappuccino (Regular Size), Restaurants"
"573","Belgium",2.38,"White Rice (1 kg), Markets"
"574","Belgium",3.27,"Tomatoes (1 kg), Markets"
"575","Belgium",2.43,"Bananas (1 kg), Markets"
"576","Belgium",1.84,"Onions (1 kg), Markets"
"577","Belgium",19.52,"Beef Round or Equivalent Back Leg Red Meat (1 kg), Markets"
"578","Belize",8.94,"Meal at an Inexpensive Restaurant, Restaurants"
"579","Belize",40,"Meal for Two at a Mid-Range Restaurant (Three Courses, Without Drinks), Restaurants"
"580","Belize",7.5,"Combo Meal at McDonald's (or Equivalent Fast-Food Meal), Restaurants"
"581","Belize",2.55,"Domestic Draft Beer (0.5 Liter), Restaurants"
"582","Belize",3.97,"Imported Beer (0.33 Liter Bottle), Restaurants"
"583","Belize",1.3,"Soft Drink (Coca-Cola or Pepsi, 0.33 Liter Bottle), Restaurants"
"584","Belize",1.43,"Bottled Water (0.33 Liter), Restaurants"
"585","Belize",3.3,"Milk (Regular, 1 Liter), Markets"
"586","Belize",1.59,"Fresh White Bread (500 g Loaf), Markets"
"587","Belize",2.71,"Eggs (12, Large Size), Markets"
"588","Belize",9.39,"Local Cheese (1 kg), Markets"
"589","Belize",0.98,"Bottled Water (1.5 Liter), Markets"
"590","Belize",14.89,"Bottle of Wine (Mid-Range), Markets"
"591","Belize",2.05,"Domestic Beer (0.5 Liter Bottle), Markets"
"592","Belize",2.74,"Imported Beer (0.33 Liter Bottle), Markets"
"593","Belize",5,"Cigarettes (Pack of 20, Marlboro), Markets"
"594","Belize",6.97,"Chicken Fillets (1 kg), Markets"
"595","Belize",6.11,"Apples (1 kg), Markets"
"596","Belize",1.65,"Oranges (1 kg), Markets"
"597","Belize",3.41,"Potatoes (1 kg), Markets"
"598","Belize",3.07,"Lettuce (1 Head), Markets"
"599","Belize",3.86,"Cappuccino (Regular Size), Restaurants"
"600","Belize",2.73,"White Rice (1 kg), Markets"
"601","Belize",3.69,"Tomatoes (1 kg), Markets"
"602","Belize",1.12,"Bananas (1 kg), Markets"
"603","Belize",2.7,"Onions (1 kg), Markets"
"604","Belize",8.18,"Beef Round or Equivalent Back Leg Red Meat (1 kg), Markets"
"605","Benin",5.33,"Meal at an Inexpensive Restaurant, Restaurants"
"606","Benin",31.07,"Meal for Two at a Mid-Range Restaurant (Three Courses, Without Drinks), Restaurants"
"607","Benin",8.43,"Combo Meal at McDonald's (or Equivalent Fast-Food Meal), Restaurants"
"608","Benin",1.07,"Domestic Draft Beer (0.5 Liter), Restaurants"
"609","Benin",3.99,"Imported Beer (0.33 Liter Bottle), Restaurants"
"610","Benin",0.89,"Soft Drink (Coca-Cola or Pepsi, 0.33 Liter Bottle), Restaurants"
"611","Benin",0.84,"Bottled Water (0.33 Liter), Restaurants"
"612","Benin",2.15,"Milk (Regular, 1 Liter), Markets"
"613","Benin",1.04,"Fresh White Bread (500 g Loaf), Markets"
"614","Benin",2.33,"Eggs (12, Large Size), Markets"
"615","Benin",7.69,"Local Cheese (1 kg), Markets"
"616","Benin",1.08,"Bottled Water (1.5 Liter), Markets"
"617","Benin",6.66,"Bottle of Wine (Mid-Range), Markets"
"618","Benin",1.02,"Domestic Beer (0.5 Liter Bottle), Markets"
"619","Benin",2,"Imported Beer (0.33 Liter Bottle), Markets"
"620","Benin",2,"Cigarettes (Pack of 20, Marlboro), Markets"
"621","Benin",4.33,"Chicken Fillets (1 kg), Markets"
"622","Benin",2.44,"Apples (1 kg), Markets"
"623","Benin",0.93,"Oranges (1 kg), Markets"
"624","Benin",1.28,"Potatoes (1 kg), Markets"
"625","Benin",0.51,"Lettuce (1 Head), Markets"
"626","Benin",5.99,"Cappuccino (Regular Size), Restaurants"
"627","Benin",1.94,"White Rice (1 kg), Markets"
"628","Benin",2.11,"Tomatoes (1 kg), Markets"
"629","Benin",1.3,"Bananas (1 kg), Markets"
"630","Benin",1.03,"Onions (1 kg), Markets"
"631","Benin",5.3,"Beef Round or Equivalent Back Leg Red Meat (1 kg), Markets"
"632","Bermuda",60,"Meal at an Inexpensive Restaurant, Restaurants"
"633","Bermuda",165,"Meal for Two at a Mid-Range Restaurant (Three Courses, Without Drinks), Restaurants"
"634","Bermuda",15,"Combo Meal at McDonald's (or Equivalent Fast-Food Meal), Restaurants"
"635","Bermuda",10,"Domestic Draft Beer (0.5 Liter), Restaurants"
"636","Bermuda",8.5,"Imported Beer (0.33 Liter Bottle), Restaurants"
"637","Bermuda",3.58,"Soft Drink (Coca-Cola or Pepsi, 0.33 Liter Bottle), Restaurants"
"638","Bermuda",3.25,"Bottled Water (0.33 Liter), Restaurants"
"639","Bermuda",5.1,"Milk (Regular, 1 Liter), Markets"
"640","Bermuda",8.82,"Fresh White Bread (500 g Loaf), Markets"
"641","Bermuda",8.18,"Eggs (12, Large Size), Markets"
"642","Bermuda",12.35,"Local Cheese (1 kg), Markets"
"643","Bermuda",4.32,"Bottled Water (1.5 Liter), Markets"
"644","Bermuda",25,"Bottle of Wine (Mid-Range), Markets"
"645","Bermuda",5.35,"Domestic Beer (0.5 Liter Bottle), Markets"
"646","Bermuda",4.5,"Imported Beer (0.33 Liter Bottle), Markets"
"647","Bermuda",18,"Cigarettes (Pack of 20, Marlboro), Markets"
"648","Bermuda",22.91,"Chicken Fillets (1 kg), Markets"
"649","Bermuda",10.86,"Apples (1 kg), Markets"
"650","Bermuda",10,"Oranges (1 kg), Markets"
"651","Bermuda",8.67,"Potatoes (1 kg), Markets"
"652","Bermuda",5.8,"Lettuce (1 Head), Markets"
"653","Bermuda",5.94,"Cappuccino (Regular Size), Restaurants"
"654","Bermuda",5.26,"White Rice (1 kg), Markets"
"655","Bermuda",9.61,"Tomatoes (1 kg), Markets"
"656","Bermuda",7.23,"Bananas (1 kg), Markets"
"657","Bermuda",7.53,"Onions (1 kg), Markets"
"658","Bermuda",18.5,"Beef Round or Equivalent Back Leg Red Meat (1 kg), Markets"
"659","Bhutan",2.78,"Meal at an Inexpensive Restaurant, Restaurants"
"660","Bhutan",16.69,"Meal for Two at a Mid-Range Restaurant (Three Courses, Without Drinks), Restaurants"
"661","Bhutan",3.34,"Combo Meal at McDonald's (or Equivalent Fast-Food Meal), Restaurants"
"662","Bhutan",2.78,"Domestic Draft Beer (0.5 Liter), Restaurants"
"663","Bhutan",2.23,"Imported Beer (0.33 Liter Bottle), Restaurants"
"664","Bhutan",0.52,"Soft Drink (Coca-Cola or Pepsi, 0.33 Liter Bottle), Restaurants"
"665","Bhutan",0.2,"Bottled Water (0.33 Liter), Restaurants"
"666","Bhutan",0.81,"Milk (Regular, 1 Liter), Markets"
"667","Bhutan",0.79,"Fresh White Bread (500 g Loaf), Markets"
"668","Bhutan",1.88,"Eggs (12, Large Size), Markets"
"669","Bhutan",3.13,"Local Cheese (1 kg), Markets"
"670","Bhutan",0.37,"Bottled Water (1.5 Liter), Markets"
"671","Bhutan",3.34,"Bottle of Wine (Mid-Range), Markets"
"672","Bhutan",0.7,"Domestic Beer (0.5 Liter Bottle), Markets"
"673","Bhutan",1.11,"Imported Beer (0.33 Liter Bottle), Markets"
"674","Bhutan",3.62,"Cigarettes (Pack of 20, Marlboro), Markets"
"675","Bhutan",3.48,"Chicken Fillets (1 kg), Markets"
"676","Bhutan",2.67,"Apples (1 kg), Markets"
"677","Bhutan",2.01,"Oranges (1 kg), Markets"
"678","Bhutan",0.51,"Potatoes (1 kg), Markets"
"679","Bhutan",0.39,"Lettuce (1 Head), Markets"
"680","Bhutan",1.38,"Cappuccino (Regular Size), Restaurants"
"681","Bhutan",0.66,"White Rice (1 kg), Markets"
"682","Bhutan",0.9,"Tomatoes (1 kg), Markets"
"683","Bhutan",1.65,"Bananas (1 kg), Markets"
"684","Bhutan",0.67,"Onions (1 kg), Markets"
"685","Bhutan",3.97,"Beef Round or Equivalent Back Leg Red Meat (1 kg), Markets"
"686","Bolivia",2.89,"Meal at an Inexpensive Restaurant, Restaurants"
"687","Bolivia",17.36,"Meal for Two at a Mid-Range Restaurant (Three Courses, Without Drinks), Restaurants"
"688","Bolivia",7.23,"Combo Meal at McDonald's (or Equivalent Fast-Food Meal), Restaurants"
"689","Bolivia",1.84,"Domestic Draft Beer (0.5 Liter), Restaurants"
"690","Bolivia",2.75,"Imported Beer (0.33 Liter Bottle), Restaurants"
"691","Bolivia",0.9,"Soft Drink (Coca-Cola or Pepsi, 0.33 Liter Bottle), Restaurants"
"692","Bolivia",0.73,"Bottled Water (0.33 Liter), Restaurants"
"693","Bolivia",1.01,"Milk (Regular, 1 Liter), Markets"
"694","Bolivia",1.4,"Fresh White Bread (500 g Loaf), Markets"
"695","Bolivia",1.96,"Eggs (12, Large Size), Markets"
"696","Bolivia",5.11,"Local Cheese (1 kg), Markets"
"697","Bolivia",1.13,"Bottled Water (1.5 Liter), Markets"
"698","Bolivia",6.51,"Bottle of Wine (Mid-Range), Markets"
"699","Bolivia",1.79,"Domestic Beer (0.5 Liter Bottle), Markets"
"700","Bolivia",2.78,"Imported Beer (0.33 Liter Bottle), Markets"
"701","Bolivia",2.6,"Cigarettes (Pack of 20, Marlboro), Markets"
"702","Bolivia",4.25,"Chicken Fillets (1 kg), Markets"
"703","Bolivia",2.53,"Apples (1 kg), Markets"
"704","Bolivia",1.19,"Oranges (1 kg), Markets"
"705","Bolivia",1.03,"Potatoes (1 kg), Markets"
"706","Bolivia",0.81,"Lettuce (1 Head), Markets"
"707","Bolivia",2.71,"Cappuccino (Regular Size), Restaurants"
"708","Bolivia",1.31,"White Rice (1 kg), Markets"
"709","Bolivia",1.23,"Tomatoes (1 kg), Markets"
"710","Bolivia",0.99,"Bananas (1 kg), Markets"
"711","Bolivia",0.83,"Onions (1 kg), Markets"
"712","Bolivia",6.53,"Beef Round or Equivalent Back Leg Red Meat (1 kg), Markets"
"713","Bonaire",23,"Meal at an Inexpensive Restaurant, Restaurants"
"714","Bonaire",100,"Meal for Two at a Mid-Range Restaurant (Three Courses, Without Drinks), Restaurants"
"715","Bonaire",18,"Combo Meal at McDonald's (or Equivalent Fast-Food Meal), Restaurants"
"716","Bonaire",7.5,"Domestic Draft Beer (0.5 Liter), Restaurants"
"717","Bonaire",7,"Imported Beer (0.33 Liter Bottle), Restaurants"
"718","Bonaire",3.67,"Soft Drink (Coca-Cola or Pepsi, 0.33 Liter Bottle), Restaurants"
"719","Bonaire",2,"Bottled Water (0.33 Liter), Restaurants"
"720","Bonaire",1.91,"Milk (Regular, 1 Liter), Markets"
"721","Bonaire",2.25,"Fresh White Bread (500 g Loaf), Markets"
"722","Bonaire",6.19,"Eggs (12, Large Size), Markets"
"723","Bonaire",15,"Bottle of Wine (Mid-Range), Markets"
"724","Bonaire",8.99,"Chicken Fillets (1 kg), Markets"
"725","Bonaire",3.51,"Apples (1 kg), Markets"
"726","Bonaire",3.62,"Oranges (1 kg), Markets"
"727","Bonaire",4,"Lettuce (1 Head), Markets"
"728","Bonaire",3,"Cappuccino (Regular Size), Restaurants"
"729","Bonaire",10,"Tomatoes (1 kg), Markets"
"730","Bonaire",22,"Beef Round or Equivalent Back Leg Red Meat (1 kg), Markets"
"731","Bosnia And Herzegovina",7.16,"Meal at an Inexpensive Restaurant, Restaurants"
"732","Bosnia And Herzegovina",35.82,"Meal for Two at a Mid-Range Restaurant (Three Courses, Without Drinks), Restaurants"
"733","Bosnia And Herzegovina",7.16,"Combo Meal at McDonald's (or Equivalent Fast-Food Meal), Restaurants"
"734","Bosnia And Herzegovina",2.39,"Domestic Draft Beer (0.5 Liter), Restaurants"
"735","Bosnia And Herzegovina",2.39,"Imported Beer (0.33 Liter Bottle), Restaurants"
"736","Bosnia And Herzegovina",1.93,"Soft Drink (Coca-Cola or Pepsi, 0.33 Liter Bottle), Restaurants"
"737","Bosnia And Herzegovina",1.27,"Bottled Water (0.33 Liter), Restaurants"
"738","Bosnia And Herzegovina",1.34,"Milk (Regular, 1 Liter), Markets"
"739","Bosnia And Herzegovina",1.16,"Fresh White Bread (500 g Loaf), Markets"
"740","Bosnia And Herzegovina",2.83,"Eggs (12, Large Size), Markets"
"741","Bosnia And Herzegovina",9.26,"Local Cheese (1 kg), Markets"
"742","Bosnia And Herzegovina",0.77,"Bottled Water (1.5 Liter), Markets"
"743","Bosnia And Herzegovina",7.76,"Bottle of Wine (Mid-Range), Markets"
"744","Bosnia And Herzegovina",0.96,"Domestic Beer (0.5 Liter Bottle), Markets"
"745","Bosnia And Herzegovina",1.33,"Imported Beer (0.33 Liter Bottle), Markets"
"746","Bosnia And Herzegovina",3.85,"Cigarettes (Pack of 20, Marlboro), Markets"
"747","Bosnia And Herzegovina",7.95,"Chicken Fillets (1 kg), Markets"
"748","Bosnia And Herzegovina",1.44,"Apples (1 kg), Markets"
"749","Bosnia And Herzegovina",1.76,"Oranges (1 kg), Markets"
"750","Bosnia And Herzegovina",1.12,"Potatoes (1 kg), Markets"
"751","Bosnia And Herzegovina",1.16,"Lettuce (1 Head), Markets"
"752","Bosnia And Herzegovina",1.71,"Cappuccino (Regular Size), Restaurants"
"753","Bosnia And Herzegovina",1.96,"White Rice (1 kg), Markets"
"754","Bosnia And Herzegovina",1.93,"Tomatoes (1 kg), Markets"
"755","Bosnia And Herzegovina",1.77,"Bananas (1 kg), Markets"
"756","Bosnia And Herzegovina",1.3,"Onions (1 kg), Markets"
"757","Bosnia And Herzegovina",12.28,"Beef Round or Equivalent Back Leg Red Meat (1 kg), Markets"
"758","Botswana",8.47,"Meal at an Inexpensive Restaurant, Restaurants"
"759","Botswana",30.1,"Meal for Two at a Mid-Range Restaurant (Three Courses, Without Drinks), Restaurants"
"760","Botswana",6.02,"Combo Meal at McDonald's (or Equivalent Fast-Food Meal), Restaurants"
"761","Botswana",2.14,"Domestic Draft Beer (0.5 Liter), Restaurants"
"762","Botswana",2.45,"Imported Beer (0.33 Liter Bottle), Restaurants"
"763","Botswana",0.95,"Soft Drink (Coca-Cola or Pepsi, 0.33 Liter Bottle), Restaurants"
"764","Botswana",0.51,"Bottled Water (0.33 Liter), Restaurants"
"765","Botswana",1.44,"Milk (Regular, 1 Liter), Markets"
"766","Botswana",0.87,"Fresh White Bread (500 g Loaf), Markets"
"767","Botswana",2.34,"Eggs (12, Large Size), Markets"
"768","Botswana",7.02,"Local Cheese (1 kg), Markets"
"769","Botswana",0.9,"Bottled Water (1.5 Liter), Markets"
"770","Botswana",4.52,"Bottle of Wine (Mid-Range), Markets"
"771","Botswana",1.6,"Domestic Beer (0.5 Liter Bottle), Markets"
"772","Botswana",1.82,"Imported Beer (0.33 Liter Bottle), Markets"
"773","Botswana",3.76,"Cigarettes (Pack of 20, Marlboro), Markets"
"774","Botswana",5.42,"Chicken Fillets (1 kg), Markets"
"775","Botswana",1.7,"Apples (1 kg), Markets"
"776","Botswana",1.86,"Oranges (1 kg), Markets"
"777","Botswana",1.5,"Potatoes (1 kg), Markets"
"778","Botswana",1.29,"Lettuce (1 Head), Markets"
"779","Botswana",2.21,"Cappuccino (Regular Size), Restaurants"
"780","Botswana",1.98,"White Rice (1 kg), Markets"
"781","Botswana",1.7,"Tomatoes (1 kg), Markets"
"782","Botswana",1.49,"Bananas (1 kg), Markets"
"783","Botswana",1.36,"Onions (1 kg), Markets"
"784","Botswana",5.47,"Beef Round or Equivalent Back Leg Red Meat (1 kg), Markets"
"785","Brazil",5.65,"Meal at an Inexpensive Restaurant, Restaurants"
"786","Brazil",30.13,"Meal for Two at a Mid-Range Restaurant (Three Courses, Without Drinks), Restaurants"
"787","Brazil",6.78,"Combo Meal at McDonald's (or Equivalent Fast-Food Meal), Restaurants"
"788","Brazil",1.88,"Domestic Draft Beer (0.5 Liter), Restaurants"
"789","Brazil",2.82,"Imported Beer (0.33 Liter Bottle), Restaurants"
"790","Brazil",1.16,"Soft Drink (Coca-Cola or Pepsi, 0.33 Liter Bottle), Restaurants"
"791","Brazil",0.72,"Bottled Water (0.33 Liter), Restaurants"
"792","Brazil",1.01,"Milk (Regular, 1 Liter), Markets"
"793","Brazil",1.6,"Fresh White Bread (500 g Loaf), Markets"
"794","Brazil",2.16,"Eggs (12, Large Size), Markets"
"795","Brazil",8.99,"Local Cheese (1 kg), Markets"
"796","Brazil",0.72,"Bottled Water (1.5 Liter), Markets"
"797","Brazil",7.53,"Bottle of Wine (Mid-Range), Markets"
"798","Brazil",1.26,"Domestic Beer (0.5 Liter Bottle), Markets"
"799","Brazil",2.3,"Imported Beer (0.33 Liter Bottle), Markets"
"800","Brazil",2.26,"Cigarettes (Pack of 20, Marlboro), Markets"
"801","Brazil",4,"Chicken Fillets (1 kg), Markets"
"802","Brazil",2.2,"Apples (1 kg), Markets"
"803","Brazil",1.22,"Oranges (1 kg), Markets"
"804","Brazil",1.18,"Potatoes (1 kg), Markets"
"805","Brazil",0.76,"Lettuce (1 Head), Markets"
"806","Brazil",1.85,"Cappuccino (Regular Size), Restaurants"
"807","Brazil",1.25,"White Rice (1 kg), Markets"
"808","Brazil",1.51,"Tomatoes (1 kg), Markets"
"809","Brazil",1.34,"Bananas (1 kg), Markets"
"810","Brazil",1.1,"Onions (1 kg), Markets"
"811","Brazil",7.78,"Beef Round or Equivalent Back Leg Red Meat (1 kg), Markets"
"812","British Virgin Islands",25,"Meal at an Inexpensive Restaurant, Restaurants"
"813","British Virgin Islands",80,"Meal for Two at a Mid-Range Restaurant (Three Courses, Without Drinks), Restaurants"
"814","British Virgin Islands",11.5,"Combo Meal at McDonald's (or Equivalent Fast-Food Meal), Restaurants"
"815","British Virgin Islands",4,"Domestic Draft Beer (0.5 Liter), Restaurants"
"816","British Virgin Islands",5,"Imported Beer (0.33 Liter Bottle), Restaurants"
"817","British Virgin Islands",1.82,"Soft Drink (Coca-Cola or Pepsi, 0.33 Liter Bottle), Restaurants"
"818","British Virgin Islands",1.32,"Bottled Water (0.33 Liter), Restaurants"
"819","British Virgin Islands",2.19,"Milk (Regular, 1 Liter), Markets"
"820","British Virgin Islands",4.81,"Fresh White Bread (500 g Loaf), Markets"
"821","British Virgin Islands",6.06,"Eggs (12, Large Size), Markets"
"822","British Virgin Islands",15.5,"Local Cheese (1 kg), Markets"
"823","British Virgin Islands",1.89,"Bottled Water (1.5 Liter), Markets"
"824","British Virgin Islands",11,"Bottle of Wine (Mid-Range), Markets"
"825","British Virgin Islands",4.75,"Domestic Beer (0.5 Liter Bottle), Markets"
"826","British Virgin Islands",2,"Imported Beer (0.33 Liter Bottle), Markets"
"827","British Virgin Islands",5,"Cigarettes (Pack of 20, Marlboro), Markets"
"828","British Virgin Islands",11.5,"Chicken Fillets (1 kg), Markets"
"829","British Virgin Islands",3.94,"Apples (1 kg), Markets"
"830","British Virgin Islands",2,"Oranges (1 kg), Markets"
"831","British Virgin Islands",5.4,"Potatoes (1 kg), Markets"
"832","British Virgin Islands",8.67,"Lettuce (1 Head), Markets"
"833","British Virgin Islands",7.33,"Cappuccino (Regular Size), Restaurants"
"834","British Virgin Islands",5.62,"White Rice (1 kg), Markets"
"835","British Virgin Islands",7.15,"Tomatoes (1 kg), Markets"
"836","British Virgin Islands",3.53,"Bananas (1 kg), Markets"
"837","British Virgin Islands",4.46,"Onions (1 kg), Markets"
"838","British Virgin Islands",17.49,"Beef Round or Equivalent Back Leg Red Meat (1 kg), Markets"
"839","Brunei",5.67,"Meal at an Inexpensive Restaurant, Restaurants"
"840","Brunei",34.73,"Meal for Two at a Mid-Range Restaurant (Three Courses, Without Drinks), Restaurants"
"841","Brunei",6.75,"Combo Meal at McDonald's (or Equivalent Fast-Food Meal), Restaurants"
"842","Brunei",1.93,"Domestic Draft Beer (0.5 Liter), Restaurants"
"843","Brunei",2.32,"Imported Beer (0.33 Liter Bottle), Restaurants"
"844","Brunei",1.2,"Soft Drink (Coca-Cola or Pepsi, 0.33 Liter Bottle), Restaurants"
"845","Brunei",0.82,"Bottled Water (0.33 Liter), Restaurants"
"846","Brunei",2.31,"Milk (Regular, 1 Liter), Markets"
"847","Brunei",1.94,"Fresh White Bread (500 g Loaf), Markets"
"848","Brunei",2.41,"Eggs (12, Large Size), Markets"
"849","Brunei",15.45,"Local Cheese (1 kg), Markets"
"850","Brunei",1.01,"Bottled Water (1.5 Liter), Markets"
"851","Brunei",11.58,"Bottle of Wine (Mid-Range), Markets"
"852","Brunei",5.14,"Domestic Beer (0.5 Liter Bottle), Markets"
"853","Brunei",1.31,"Imported Beer (0.33 Liter Bottle), Markets"
"854","Brunei",11.58,"Cigarettes (Pack of 20, Marlboro), Markets"
"855","Brunei",7.31,"Chicken Fillets (1 kg), Markets"
"856","Brunei",3.94,"Apples (1 kg), Markets"
"857","Brunei",3.44,"Oranges (1 kg), Markets"
"858","Brunei",2.31,"Potatoes (1 kg), Markets"
"859","Brunei",4.53,"Lettuce (1 Head), Markets"
"860","Brunei",4,"Cappuccino (Regular Size), Restaurants"
"861","Brunei",2.02,"White Rice (1 kg), Markets"
"862","Brunei",3.89,"Tomatoes (1 kg), Markets"
"863","Brunei",3.01,"Bananas (1 kg), Markets"
"864","Brunei",2.22,"Onions (1 kg), Markets"
"865","Brunei",17.49,"Beef Round or Equivalent Back Leg Red Meat (1 kg), Markets"
"866","Bulgaria",11.91,"Meal at an Inexpensive Restaurant, Restaurants"
"867","Bulgaria",47.64,"Meal for Two at a Mid-Range Restaurant (Three Courses, Without Drinks), Restaurants"
"868","Bulgaria",8.93,"Combo Meal at McDonald's (or Equivalent Fast-Food Meal), Restaurants"
"869","Bulgaria",2.38,"Domestic Draft Beer (0.5 Liter), Restaurants"
"870","Bulgaria",2.98,"Imported Beer (0.33 Liter Bottle), Restaurants"
"871","Bulgaria",1.56,"Soft Drink (Coca-Cola or Pepsi, 0.33 Liter Bottle), Restaurants"
"872","Bulgaria",1.1,"Bottled Water (0.33 Liter), Restaurants"
"873","Bulgaria",1.83,"Milk (Regular, 1 Liter), Markets"
"874","Bulgaria",1.09,"Fresh White Bread (500 g Loaf), Markets"
"875","Bulgaria",3.44,"Eggs (12, Large Size), Markets"
"876","Bulgaria",10.79,"Local Cheese (1 kg), Markets"
"877","Bulgaria",0.72,"Bottled Water (1.5 Liter), Markets"
"878","Bulgaria",7.15,"Bottle of Wine (Mid-Range), Markets"
"879","Bulgaria",1.05,"Domestic Beer (0.5 Liter Bottle), Markets"
"880","Bulgaria",1.78,"Imported Beer (0.33 Liter Bottle), Markets"
"881","Bulgaria",3.87,"Cigarettes (Pack of 20, Marlboro), Markets"
"882","Bulgaria",8.03,"Chicken Fillets (1 kg), Markets"
"883","Bulgaria",1.76,"Apples (1 kg), Markets"
"884","Bulgaria",1.85,"Oranges (1 kg), Markets"
"885","Bulgaria",1.13,"Potatoes (1 kg), Markets"
"886","Bulgaria",1.03,"Lettuce (1 Head), Markets"
"887","Bulgaria",2.36,"Cappuccino (Regular Size), Restaurants"
"888","Bulgaria",2.15,"White Rice (1 kg), Markets"
"889","Bulgaria",2.56,"Tomatoes (1 kg), Markets"
"890","Bulgaria",1.99,"Bananas (1 kg), Markets"
"891","Bulgaria",1.06,"Onions (1 kg), Markets"
"892","Bulgaria",12.69,"Beef Round or Equivalent Back Leg Red Meat (1 kg), Markets"
"893","Burkina Faso",6.21,"Meal at an Inexpensive Restaurant, Restaurants"
"894","Burkina Faso",23.97,"Meal for Two at a Mid-Range Restaurant (Three Courses, Without Drinks), Restaurants"
"895","Burkina Faso",7.54,"Combo Meal at McDonald's (or Equivalent Fast-Food Meal), Restaurants"
"896","Burkina Faso",1.07,"Domestic Draft Beer (0.5 Liter), Restaurants"
"897","Burkina Faso",1.86,"Imported Beer (0.33 Liter Bottle), Restaurants"
"898","Burkina Faso",0.83,"Soft Drink (Coca-Cola or Pepsi, 0.33 Liter Bottle), Restaurants"
"899","Burkina Faso",0.68,"Bottled Water (0.33 Liter), Restaurants"
"900","Burkina Faso",2.78,"Milk (Regular, 1 Liter), Markets"
"901","Burkina Faso",0.94,"Fresh White Bread (500 g Loaf), Markets"
"902","Burkina Faso",3.33,"Eggs (12, Large Size), Markets"
"903","Burkina Faso",17.75,"Local Cheese (1 kg), Markets"
"904","Burkina Faso",1.48,"Bottled Water (1.5 Liter), Markets"
"905","Burkina Faso",6.21,"Bottle of Wine (Mid-Range), Markets"
"906","Burkina Faso",1.39,"Domestic Beer (0.5 Liter Bottle), Markets"
"907","Burkina Faso",2.37,"Imported Beer (0.33 Liter Bottle), Markets"
"908","Burkina Faso",1.75,"Cigarettes (Pack of 20, Marlboro), Markets"
"909","Burkina Faso",21.3,"Chicken Fillets (1 kg), Markets"
"910","Burkina Faso",4.44,"Apples (1 kg), Markets"
"911","Burkina Faso",1,"Oranges (1 kg), Markets"
"912","Burkina Faso",2.22,"Potatoes (1 kg), Markets"
"913","Burkina Faso",0.89,"Lettuce (1 Head), Markets"
"914","Burkina Faso",1.48,"Cappuccino (Regular Size), Restaurants"
"915","Burkina Faso",1,"White Rice (1 kg), Markets"
"916","Burkina Faso",2.44,"Tomatoes (1 kg), Markets"
"917","Burkina Faso",1,"Bananas (1 kg), Markets"
"918","Burkina Faso",1.34,"Onions (1 kg), Markets"
"919","Burkina Faso",12.54,"Beef Round or Equivalent Back Leg Red Meat (1 kg), Markets"
"920","Burundi",2.7,"Meal at an Inexpensive Restaurant, Restaurants"
"921","Burundi",33.9,"Meal for Two at a Mid-Range Restaurant (Three Courses, Without Drinks), Restaurants"
"922","Burundi",3.85,"Combo Meal at McDonald's (or Equivalent Fast-Food Meal), Restaurants"
"923","Burundi",2.19,"Domestic Draft Beer (0.5 Liter), Restaurants"
"924","Burundi",5.86,"Imported Beer (0.33 Liter Bottle), Restaurants"
"925","Burundi",1.73,"Soft Drink (Coca-Cola or Pepsi, 0.33 Liter Bottle), Restaurants"
"926","Burundi",1.11,"Bottled Water (0.33 Liter), Restaurants"
"927","Burundi",0.95,"Milk (Regular, 1 Liter), Markets"
"928","Burundi",1.14,"Fresh White Bread (500 g Loaf), Markets"
"929","Burundi",3.4,"Eggs (12, Large Size), Markets"
"930","Burundi",10.3,"Local Cheese (1 kg), Markets"
"931","Burundi",1.66,"Bottled Water (1.5 Liter), Markets"
"932","Burundi",16.95,"Bottle of Wine (Mid-Range), Markets"
"933","Burundi",2.02,"Domestic Beer (0.5 Liter Bottle), Markets"
"934","Burundi",3.21,"Imported Beer (0.33 Liter Bottle), Markets"
"935","Burundi",2.43,"Cigarettes (Pack of 20, Marlboro), Markets"
"936","Burundi",9.86,"Chicken Fillets (1 kg), Markets"
"937","Burundi",5.87,"Apples (1 kg), Markets"
"938","Burundi",1.73,"Oranges (1 kg), Markets"
"939","Burundi",0.42,"Potatoes (1 kg), Markets"
"940","Burundi",0.49,"Lettuce (1 Head), Markets"
"941","Burundi",2.98,"Cappuccino (Regular Size), Restaurants"
"942","Burundi",1.66,"White Rice (1 kg), Markets"
"943","Burundi",1.1,"Tomatoes (1 kg), Markets"
"944","Burundi",0.55,"Bananas (1 kg), Markets"
"945","Burundi",0.5,"Onions (1 kg), Markets"
"946","Burundi",10.05,"Beef Round or Equivalent Back Leg Red Meat (1 kg), Markets"
"947","Cambodia",3.5,"Meal at an Inexpensive Restaurant, Restaurants"
"948","Cambodia",30,"Meal for Two at a Mid-Range Restaurant (Three Courses, Without Drinks), Restaurants"
"949","Cambodia",7,"Combo Meal at McDonald's (or Equivalent Fast-Food Meal), Restaurants"
"950","Cambodia",1,"Domestic Draft Beer (0.5 Liter), Restaurants"
"951","Cambodia",2.5,"Imported Beer (0.33 Liter Bottle), Restaurants"
"952","Cambodia",0.9,"Soft Drink (Coca-Cola or Pepsi, 0.33 Liter Bottle), Restaurants"
"953","Cambodia",0.68,"Bottled Water (0.33 Liter), Restaurants"
"954","Cambodia",2.14,"Milk (Regular, 1 Liter), Markets"
"955","Cambodia",1.82,"Fresh White Bread (500 g Loaf), Markets"
"956","Cambodia",1.82,"Eggs (12, Large Size), Markets"
"957","Cambodia",14.27,"Local Cheese (1 kg), Markets"
"958","Cambodia",0.75,"Bottled Water (1.5 Liter), Markets"
"959","Cambodia",10,"Bottle of Wine (Mid-Range), Markets"
"960","Cambodia",1,"Domestic Beer (0.5 Liter Bottle), Markets"
"961","Cambodia",1.79,"Imported Beer (0.33 Liter Bottle), Markets"
"962","Cambodia",2,"Cigarettes (Pack of 20, Marlboro), Markets"
"963","Cambodia",4.2,"Chicken Fillets (1 kg), Markets"
"964","Cambodia",3.33,"Apples (1 kg), Markets"
"965","Cambodia",3.72,"Oranges (1 kg), Markets"
"966","Cambodia",1.54,"Potatoes (1 kg), Markets"
"967","Cambodia",1.55,"Lettuce (1 Head), Markets"
"968","Cambodia",2.21,"Cappuccino (Regular Size), Restaurants"
"969","Cambodia",0.95,"White Rice (1 kg), Markets"
"970","Cambodia",1.45,"Tomatoes (1 kg), Markets"
"971","Cambodia",1.33,"Bananas (1 kg), Markets"
"972","Cambodia",1.1,"Onions (1 kg), Markets"
"973","Cambodia",9.41,"Beef Round or Equivalent Back Leg Red Meat (1 kg), Markets"
"974","Cameroon",5.33,"Meal at an Inexpensive Restaurant, Restaurants"
"975","Cameroon",102.08,"Meal for Two at a Mid-Range Restaurant (Three Courses, Without Drinks), Restaurants"
"976","Cameroon",5.33,"Combo Meal at McDonald's (or Equivalent Fast-Food Meal), Restaurants"
"977","Cameroon",1.24,"Domestic Draft Beer (0.5 Liter), Restaurants"
"978","Cameroon",2.66,"Imported Beer (0.33 Liter Bottle), Restaurants"
"979","Cameroon",1.56,"Soft Drink (Coca-Cola or Pepsi, 0.33 Liter Bottle), Restaurants"
"980","Cameroon",0.7,"Bottled Water (0.33 Liter), Restaurants"
"981","Cameroon",2.75,"Milk (Regular, 1 Liter), Markets"
"982","Cameroon",0.72,"Fresh White Bread (500 g Loaf), Markets"
"983","Cameroon",2.09,"Eggs (12, Large Size), Markets"
"984","Cameroon",15.32,"Local Cheese (1 kg), Markets"
"985","Cameroon",0.71,"Bottled Water (1.5 Liter), Markets"
"986","Cameroon",8.88,"Bottle of Wine (Mid-Range), Markets"
"987","Cameroon",1.38,"Domestic Beer (0.5 Liter Bottle), Markets"
"988","Cameroon",1.97,"Imported Beer (0.33 Liter Bottle), Markets"
"989","Cameroon",1.78,"Cigarettes (Pack of 20, Marlboro), Markets"
"990","Cameroon",5.61,"Chicken Fillets (1 kg), Markets"
"991","Cameroon",3.45,"Apples (1 kg), Markets"
"992","Cameroon",1.67,"Oranges (1 kg), Markets"
"993","Cameroon",1.93,"Potatoes (1 kg), Markets"
"994","Cameroon",0.73,"Lettuce (1 Head), Markets"
"995","Cameroon",1.94,"Cappuccino (Regular Size), Restaurants"
"996","Cameroon",1.71,"White Rice (1 kg), Markets"
"997","Cameroon",1.41,"Tomatoes (1 kg), Markets"
"998","Cameroon",1.57,"Bananas (1 kg), Markets"
"999","Cameroon",1.68,"Onions (1 kg), Markets"
"1000","Cameroon",5.97,"Beef Round or Equivalent Back Leg Red Meat (1 kg), Markets"
"1001","Canada",17.92,"Meal at an Inexpensive Restaurant, Restaurants"
"1002","Canada",71.66,"Meal for Two at a Mid-Range Restaurant (Three Courses, Without Drinks), Restaurants"
"1003","Canada",10.75,"Combo Meal at McDonald's (or Equivalent Fast-Food Meal), Restaurants"
"1004","Canada",5.73,"Domestic Draft Beer (0.5 Liter), Restaurants"
"1005","Canada",5.73,"Imported Beer (0.33 Liter Bottle), Restaurants"
"1006","Canada",2.08,"Soft Drink (Coca-Cola or Pepsi, 0.33 Liter Bottle), Restaurants"
"1007","Canada",1.68,"Bottled Water (0.33 Liter), Restaurants"
"1008","Canada",2.21,"Milk (Regular, 1 Liter), Markets"
"1009","Canada",2.64,"Fresh White Bread (500 g Loaf), Markets"
"1010","Canada",3.47,"Eggs (12, Large Size), Markets"
"1011","Canada",11.1,"Local Cheese (1 kg), Markets"
"1012","Canada",1.76,"Bottled Water (1.5 Liter), Markets"
"1013","Canada",12.9,"Bottle of Wine (Mid-Range), Markets"
"1014","Canada",2.9,"Domestic Beer (0.5 Liter Bottle), Markets"
"1015","Canada",3.24,"Imported Beer (0.33 Liter Bottle), Markets"
"1016","Canada",14.33,"Cigarettes (Pack of 20, Marlboro), Markets"
"1017","Canada",11.98,"Chicken Fillets (1 kg), Markets"
"1018","Canada",4.1,"Apples (1 kg), Markets"
"1019","Canada",3.87,"Oranges (1 kg), Markets"
"1020","Canada",2.68,"Potatoes (1 kg), Markets"
"1021","Canada",2.56,"Lettuce (1 Head), Markets"
"1022","Canada",3.76,"Cappuccino (Regular Size), Restaurants"
"1023","Canada",3.62,"White Rice (1 kg), Markets"
"1024","Canada",4.05,"Tomatoes (1 kg), Markets"
"1025","Canada",1.44,"Bananas (1 kg), Markets"
"1026","Canada",2.6,"Onions (1 kg), Markets"
"1027","Canada",15.05,"Beef Round or Equivalent Back Leg Red Meat (1 kg), Markets"
"1028","Cape Verde",5.81,"Meal at an Inexpensive Restaurant, Restaurants"
"1029","Cape Verde",52.85,"Meal for Two at a Mid-Range Restaurant (Three Courses, Without Drinks), Restaurants"
"1030","Cape Verde",6.87,"Combo Meal at McDonald's (or Equivalent Fast-Food Meal), Restaurants"
"1031","Cape Verde",3.49,"Domestic Draft Beer (0.5 Liter), Restaurants"
"1032","Cape Verde",2.22,"Imported Beer (0.33 Liter Bottle), Restaurants"
"1033","Cape Verde",2.22,"Soft Drink (Coca-Cola or Pepsi, 0.33 Liter Bottle), Restaurants"
"1034","Cape Verde",1.21,"Bottled Water (0.33 Liter), Restaurants"
"1035","Cape Verde",1.43,"Milk (Regular, 1 Liter), Markets"
"1036","Cape Verde",1.81,"Fresh White Bread (500 g Loaf), Markets"
"1037","Cape Verde",2.49,"Eggs (12, Large Size), Markets"
"1038","Cape Verde",14.63,"Local Cheese (1 kg), Markets"
"1039","Cape Verde",1.17,"Bottled Water (1.5 Liter), Markets"
"1040","Cape Verde",8.46,"Bottle of Wine (Mid-Range), Markets"
"1041","Cape Verde",2.2,"Domestic Beer (0.5 Liter Bottle), Markets"
"1042","Cape Verde",1.92,"Imported Beer (0.33 Liter Bottle), Markets"
"1043","Cape Verde",5.29,"Cigarettes (Pack of 20, Marlboro), Markets"
"1044","Cape Verde",9.51,"Chicken Fillets (1 kg), Markets"
"1045","Cape Verde",3.02,"Apples (1 kg), Markets"
"1046","Cape Verde",2.95,"Oranges (1 kg), Markets"
"1047","Cape Verde",1.5,"Potatoes (1 kg), Markets"
"1048","Cape Verde",1.48,"Lettuce (1 Head), Markets"
"1049","Cape Verde",2.06,"Cappuccino (Regular Size), Restaurants"
"1050","Cape Verde",1.88,"White Rice (1 kg), Markets"
"1051","Cape Verde",4.37,"Tomatoes (1 kg), Markets"
"1052","Cape Verde",2.58,"Bananas (1 kg), Markets"
"1053","Cape Verde",1.83,"Onions (1 kg), Markets"
"1054","Cape Verde",19.17,"Beef Round or Equivalent Back Leg Red Meat (1 kg), Markets"
"1055","Cayman Islands",25.79,"Meal at an Inexpensive Restaurant, Restaurants"
"1056","Cayman Islands",143.96,"Meal for Two at a Mid-Range Restaurant (Three Courses, Without Drinks), Restaurants"
"1057","Cayman Islands",14.4,"Combo Meal at McDonald's (or Equivalent Fast-Food Meal), Restaurants"
"1058","Cayman Islands",9,"Domestic Draft Beer (0.5 Liter), Restaurants"
"1059","Cayman Islands",7.2,"Imported Beer (0.33 Liter Bottle), Restaurants"
"1060","Cayman Islands",3.72,"Soft Drink (Coca-Cola or Pepsi, 0.33 Liter Bottle), Restaurants"
"1061","Cayman Islands",3.14,"Bottled Water (0.33 Liter), Restaurants"
"1062","Cayman Islands",2.6,"Milk (Regular, 1 Liter), Markets"
"1063","Cayman Islands",6.18,"Fresh White Bread (500 g Loaf), Markets"
"1064","Cayman Islands",8.87,"Eggs (12, Large Size), Markets"
"1065","Cayman Islands",12.61,"Local Cheese (1 kg), Markets"
"1066","Cayman Islands",3.06,"Bottled Water (1.5 Liter), Markets"
"1067","Cayman Islands",23.99,"Bottle of Wine (Mid-Range), Markets"
"1068","Cayman Islands",4.18,"Domestic Beer (0.5 Liter Bottle), Markets"
"1069","Cayman Islands",5.5,"Imported Beer (0.33 Liter Bottle), Markets"
"1070","Cayman Islands",15,"Cigarettes (Pack of 20, Marlboro), Markets"
"1071","Cayman Islands",17.63,"Chicken Fillets (1 kg), Markets"
"1072","Cayman Islands",11.37,"Apples (1 kg), Markets"
"1073","Cayman Islands",8.24,"Oranges (1 kg), Markets"
"1074","Cayman Islands",5.74,"Potatoes (1 kg), Markets"
"1075","Cayman Islands",5.9,"Lettuce (1 Head), Markets"
"1076","Cayman Islands",6.75,"Cappuccino (Regular Size), Restaurants"
"1077","Cayman Islands",6.12,"White Rice (1 kg), Markets"
"1078","Cayman Islands",8.25,"Tomatoes (1 kg), Markets"
"1079","Cayman Islands",4.65,"Bananas (1 kg), Markets"
"1080","Cayman Islands",5.54,"Onions (1 kg), Markets"
"1081","Cayman Islands",16.82,"Beef Round or Equivalent Back Leg Red Meat (1 kg), Markets"
"1082","Central African Republic",3.55,"Domestic Draft Beer (0.5 Liter), Restaurants"
"1083","Central African Republic",5.33,"Imported Beer (0.33 Liter Bottle), Restaurants"
"1084","Central African Republic",1.78,"Bottled Water (0.33 Liter), Restaurants"
"1085","Central African Republic",5.33,"Milk (Regular, 1 Liter), Markets"
"1086","Central African Republic",4.44,"Fresh White Bread (500 g Loaf), Markets"
"1087","Central African Republic",5.33,"Eggs (12, Large Size), Markets"
"1088","Central African Republic",8.88,"Local Cheese (1 kg), Markets"
"1089","Central African Republic",2.66,"Bottled Water (1.5 Liter), Markets"
"1090","Central African Republic",11.98,"Bottle of Wine (Mid-Range), Markets"
"1091","Central African Republic",6.21,"Domestic Beer (0.5 Liter Bottle), Markets"
"1092","Central African Republic",4.44,"Imported Beer (0.33 Liter Bottle), Markets"
"1093","Central African Republic",4.44,"Cigarettes (Pack of 20, Marlboro), Markets"
"1094","Central African Republic",8.88,"Chicken Fillets (1 kg), Markets"
"1095","Central African Republic",7.1,"Oranges (1 kg), Markets"
"1096","Central African Republic",4.44,"Potatoes (1 kg), Markets"
"1097","Central African Republic",2.66,"Lettuce (1 Head), Markets"
"1098","Central African Republic",4.44,"White Rice (1 kg), Markets"
"1099","Central African Republic",5.33,"Tomatoes (1 kg), Markets"
"1100","Central African Republic",6.21,"Onions (1 kg), Markets"
"1101","Central African Republic",3.55,"Beef Round or Equivalent Back Leg Red Meat (1 kg), Markets"
"1102","Chad",8.88,"Meal at an Inexpensive Restaurant, Restaurants"
"1103","Chad",1.33,"Domestic Draft Beer (0.5 Liter), Restaurants"
"1104","Chad",1.78,"Imported Beer (0.33 Liter Bottle), Restaurants"
"1105","Chad",0.89,"Soft Drink (Coca-Cola or Pepsi, 0.33 Liter Bottle), Restaurants"
"1106","Chad",0.89,"Bottled Water (0.33 Liter), Restaurants"
"1107","Chad",3.76,"Milk (Regular, 1 Liter), Markets"
"1108","Chad",0.36,"Fresh White Bread (500 g Loaf), Markets"
"1109","Chad",2.13,"Eggs (12, Large Size), Markets"
"1110","Chad",3.55,"Local Cheese (1 kg), Markets"
"1111","Chad",2.07,"Bottled Water (1.5 Liter), Markets"
"1112","Chad",7.99,"Bottle of Wine (Mid-Range), Markets"
"1113","Chad",1.39,"Domestic Beer (0.5 Liter Bottle), Markets"
"1114","Chad",1.78,"Imported Beer (0.33 Liter Bottle), Markets"
"1115","Chad",1.02,"Cigarettes (Pack of 20, Marlboro), Markets"
"1116","Chad",7.1,"Chicken Fillets (1 kg), Markets"
"1117","Chad",4.88,"Apples (1 kg), Markets"
"1118","Chad",2.66,"Oranges (1 kg), Markets"
"1119","Chad",1.66,"Potatoes (1 kg), Markets"
"1120","Chad",0.53,"Lettuce (1 Head), Markets"
"1121","Chad",0.89,"Cappuccino (Regular Size), Restaurants"
"1122","Chad",3.55,"White Rice (1 kg), Markets"
"1123","Chad",2.54,"Tomatoes (1 kg), Markets"
"1124","Chad",2.22,"Bananas (1 kg), Markets"
"1125","Chad",1.66,"Onions (1 kg), Markets"
"1126","Chad",3.73,"Beef Round or Equivalent Back Leg Red Meat (1 kg), Markets"
"1127","Chile",8.72,"Meal at an Inexpensive Restaurant, Restaurants"
"1128","Chile",43.59,"Meal for Two at a Mid-Range Restaurant (Three Courses, Without Drinks), Restaurants"
"1129","Chile",7.63,"Combo Meal at McDonald's (or Equivalent Fast-Food Meal), Restaurants"
"1130","Chile",3.81,"Domestic Draft Beer (0.5 Liter), Restaurants"
"1131","Chile",4.36,"Imported Beer (0.33 Liter Bottle), Restaurants"
"1132","Chile",1.38,"Soft Drink (Coca-Cola or Pepsi, 0.33 Liter Bottle), Restaurants"
"1133","Chile",1.07,"Bottled Water (0.33 Liter), Restaurants"
"1134","Chile",1.22,"Milk (Regular, 1 Liter), Markets"
"1135","Chile",1.57,"Fresh White Bread (500 g Loaf), Markets"
"1136","Chile",3.69,"Eggs (12, Large Size), Markets"
"1137","Chile",10.7,"Local Cheese (1 kg), Markets"
"1138","Chile",1.24,"Bottled Water (1.5 Liter), Markets"
"1139","Chile",5.45,"Bottle of Wine (Mid-Range), Markets"
"1140","Chile",1.5,"Domestic Beer (0.5 Liter Bottle), Markets"
"1141","Chile",2.28,"Imported Beer (0.33 Liter Bottle), Markets"
"1142","Chile",5.45,"Cigarettes (Pack of 20, Marlboro), Markets"
"1143","Chile",6.2,"Chicken Fillets (1 kg), Markets"
"1144","Chile",1.92,"Apples (1 kg), Markets"
"1145","Chile",1.83,"Oranges (1 kg), Markets"
"1146","Chile",1.33,"Potatoes (1 kg), Markets"
"1147","Chile",1.3,"Lettuce (1 Head), Markets"
"1148","Chile",2.99,"Cappuccino (Regular Size), Restaurants"
"1149","Chile",1.74,"White Rice (1 kg), Markets"
"1150","Chile",1.76,"Tomatoes (1 kg), Markets"
"1151","Chile",1.71,"Bananas (1 kg), Markets"
"1152","Chile",1.54,"Onions (1 kg), Markets"
"1153","Chile",11.2,"Beef Round or Equivalent Back Leg Red Meat (1 kg), Markets"
"1154","China",2.83,"Meal at an Inexpensive Restaurant, Restaurants"
"1155","China",21.21,"Meal for Two at a Mid-Range Restaurant (Three Courses, Without Drinks), Restaurants"
"1156","China",4.95,"Combo Meal at McDonald's (or Equivalent Fast-Food Meal), Restaurants"
"1157","China",0.99,"Domestic Draft Beer (0.5 Liter), Restaurants"
"1158","China",2.12,"Imported Beer (0.33 Liter Bottle), Restaurants"
"1159","China",0.47,"Soft Drink (Coca-Cola or Pepsi, 0.33 Liter Bottle), Restaurants"
"1160","China",0.28,"Bottled Water (0.33 Liter), Restaurants"
"1161","China",1.79,"Milk (Regular, 1 Liter), Markets"
"1162","China",1.63,"Fresh White Bread (500 g Loaf), Markets"
"1163","China",1.57,"Eggs (12, Large Size), Markets"
"1164","China",13.05,"Local Cheese (1 kg), Markets"
"1165","China",0.56,"Bottled Water (1.5 Liter), Markets"
"1166","China",11.31,"Bottle of Wine (Mid-Range), Markets"
"1167","China",0.82,"Domestic Beer (0.5 Liter Bottle), Markets"
"1168","China",1.65,"Imported Beer (0.33 Liter Bottle), Markets"
"1169","China",3.54,"Cigarettes (Pack of 20, Marlboro), Markets"
"1170","China",3.35,"Chicken Fillets (1 kg), Markets"
"1171","China",1.81,"Apples (1 kg), Markets"
"1172","China",1.47,"Oranges (1 kg), Markets"
"1173","China",0.73,"Potatoes (1 kg), Markets"
"1174","China",0.6,"Lettuce (1 Head), Markets"
"1175","China",2.94,"Cappuccino (Regular Size), Restaurants"
"1176","China",0.93,"White Rice (1 kg), Markets"
"1177","China",1.19,"Tomatoes (1 kg), Markets"
"1178","China",1.24,"Bananas (1 kg), Markets"
"1179","China",0.9,"Onions (1 kg), Markets"
"1180","China",10.7,"Beef Round or Equivalent Back Leg Red Meat (1 kg), Markets"
"1181","Colombia",4.77,"Meal at an Inexpensive Restaurant, Restaurants"
"1182","Colombia",31.79,"Meal for Two at a Mid-Range Restaurant (Three Courses, Without Drinks), Restaurants"
"1183","Colombia",7.95,"Combo Meal at McDonald's (or Equivalent Fast-Food Meal), Restaurants"
"1184","Colombia",1.59,"Domestic Draft Beer (0.5 Liter), Restaurants"
"1185","Colombia",2.65,"Imported Beer (0.33 Liter Bottle), Restaurants"
"1186","Colombia",1.02,"Soft Drink (Coca-Cola or Pepsi, 0.33 Liter Bottle), Restaurants"
"1187","Colombia",0.68,"Bottled Water (0.33 Liter), Restaurants"
"1188","Colombia",1.22,"Milk (Regular, 1 Liter), Markets"
"1189","Colombia",1.51,"Fresh White Bread (500 g Loaf), Markets"
"1190","Colombia",2.25,"Eggs (12, Large Size), Markets"
"1191","Colombia",5.18,"Local Cheese (1 kg), Markets"
"1192","Colombia",0.82,"Bottled Water (1.5 Liter), Markets"
"1193","Colombia",10.6,"Bottle of Wine (Mid-Range), Markets"
"1194","Colombia",1.2,"Domestic Beer (0.5 Liter Bottle), Markets"
"1195","Colombia",2.02,"Imported Beer (0.33 Liter Bottle), Markets"
"1196","Colombia",3.17,"Cigarettes (Pack of 20, Marlboro), Markets"
"1197","Colombia",5.78,"Chicken Fillets (1 kg), Markets"
"1198","Colombia",2.82,"Apples (1 kg), Markets"
"1199","Colombia",1.43,"Oranges (1 kg), Markets"
"1200","Colombia",1.15,"Potatoes (1 kg), Markets"
"1201","Colombia",0.91,"Lettuce (1 Head), Markets"
"1202","Colombia",1.75,"Cappuccino (Regular Size), Restaurants"
"1203","Colombia",1.26,"White Rice (1 kg), Markets"
"1204","Colombia",1.38,"Tomatoes (1 kg), Markets"
"1205","Colombia",1.11,"Bananas (1 kg), Markets"
"1206","Colombia",1.28,"Onions (1 kg), Markets"
"1207","Colombia",8.28,"Beef Round or Equivalent Back Leg Red Meat (1 kg), Markets"
"1208","Comoros",6.4,"Meal at an Inexpensive Restaurant, Restaurants"
"1209","Comoros",19.5,"Meal for Two at a Mid-Range Restaurant (Three Courses, Without Drinks), Restaurants"
"1210","Comoros",8.28,"Combo Meal at McDonald's (or Equivalent Fast-Food Meal), Restaurants"
"1211","Comoros",1.08,"Domestic Draft Beer (0.5 Liter), Restaurants"
"1212","Comoros",1.94,"Imported Beer (0.33 Liter Bottle), Restaurants"
"1213","Comoros",1.04,"Soft Drink (Coca-Cola or Pepsi, 0.33 Liter Bottle), Restaurants"
"1214","Comoros",0.67,"Bottled Water (0.33 Liter), Restaurants"
"1215","Comoros",4.48,"Milk (Regular, 1 Liter), Markets"
"1216","Comoros",0.59,"Fresh White Bread (500 g Loaf), Markets"
"1217","Comoros",5.22,"Eggs (12, Large Size), Markets"
"1218","Comoros",8.01,"Local Cheese (1 kg), Markets"
"1219","Comoros",1.35,"Bottled Water (1.5 Liter), Markets"
"1220","Comoros",17.47,"Bottle of Wine (Mid-Range), Markets"
"1221","Comoros",0.99,"Domestic Beer (0.5 Liter Bottle), Markets"
"1222","Comoros",6.99,"Imported Beer (0.33 Liter Bottle), Markets"
"1223","Comoros",5.24,"Apples (1 kg), Markets"
"1224","Comoros",4.68,"Potatoes (1 kg), Markets"
"1225","Comoros",2.33,"Lettuce (1 Head), Markets"
"1226","Comoros",1.83,"Cappuccino (Regular Size), Restaurants"
"1227","Comoros",1.77,"White Rice (1 kg), Markets"
"1228","Comoros",4.29,"Tomatoes (1 kg), Markets"
"1229","Comoros",3.21,"Onions (1 kg), Markets"
"1230","Comoros",12.86,"Beef Round or Equivalent Back Leg Red Meat (1 kg), Markets"
"1231","Cook Islands",11.54,"Meal at an Inexpensive Restaurant, Restaurants"
"1232","Cook Islands",57.68,"Meal for Two at a Mid-Range Restaurant (Three Courses, Without Drinks), Restaurants"
"1233","Cook Islands",8.65,"Combo Meal at McDonald's (or Equivalent Fast-Food Meal), Restaurants"
"1234","Cook Islands",6.34,"Domestic Draft Beer (0.5 Liter), Restaurants"
"1235","Cook Islands",5.19,"Imported Beer (0.33 Liter Bottle), Restaurants"
"1236","Cook Islands",2.45,"Soft Drink (Coca-Cola or Pepsi, 0.33 Liter Bottle), Restaurants"
"1237","Cook Islands",2.31,"Bottled Water (0.33 Liter), Restaurants"
"1238","Cook Islands",2.02,"Milk (Regular, 1 Liter), Markets"
"1239","Cook Islands",3.01,"Fresh White Bread (500 g Loaf), Markets"
"1240","Cook Islands",5.57,"Eggs (12, Large Size), Markets"
"1241","Cook Islands",9.42,"Local Cheese (1 kg), Markets"
"1242","Cook Islands",3.17,"Bottled Water (1.5 Liter), Markets"
"1243","Cook Islands",11.54,"Bottle of Wine (Mid-Range), Markets"
"1244","Cook Islands",3.46,"Domestic Beer (0.5 Liter Bottle), Markets"
"1245","Cook Islands",4.76,"Imported Beer (0.33 Liter Bottle), Markets"
"1246","Cook Islands",14.42,"Cigarettes (Pack of 20, Marlboro), Markets"
"1247","Cook Islands",7.5,"Chicken Fillets (1 kg), Markets"
"1248","Cook Islands",2.87,"Apples (1 kg), Markets"
"1249","Cook Islands",3.45,"Oranges (1 kg), Markets"
"1250","Cook Islands",2.31,"Potatoes (1 kg), Markets"
"1251","Cook Islands",2.02,"Lettuce (1 Head), Markets"
"1252","Cook Islands",3.97,"Cappuccino (Regular Size), Restaurants"
"1253","Cook Islands",1.59,"White Rice (1 kg), Markets"
"1254","Cook Islands",6.06,"Tomatoes (1 kg), Markets"
"1255","Cook Islands",2.31,"Bananas (1 kg), Markets"
"1256","Cook Islands",1.82,"Onions (1 kg), Markets"
"1257","Cook Islands",8.65,"Beef Round or Equivalent Back Leg Red Meat (1 kg), Markets"
"1258","Costa Rica",10.2,"Meal at an Inexpensive Restaurant, Restaurants"
"1259","Costa Rica",56.51,"Meal for Two at a Mid-Range Restaurant (Three Courses, Without Drinks), Restaurants"
"1260","Costa Rica",10.2,"Combo Meal at McDonald's (or Equivalent Fast-Food Meal), Restaurants"
"1261","Costa Rica",3.06,"Domestic Draft Beer (0.5 Liter), Restaurants"
"1262","Costa Rica",4.49,"Imported Beer (0.33 Liter Bottle), Restaurants"
"1263","Costa Rica",2.13,"Soft Drink (Coca-Cola or Pepsi, 0.33 Liter Bottle), Restaurants"
"1264","Costa Rica",1.73,"Bottled Water (0.33 Liter), Restaurants"
"1265","Costa Rica",2.17,"Milk (Regular, 1 Liter), Markets"
"1266","Costa Rica",3.24,"Fresh White Bread (500 g Loaf), Markets"
"1267","Costa Rica",3.49,"Eggs (12, Large Size), Markets"
"1268","Costa Rica",9.54,"Local Cheese (1 kg), Markets"
"1269","Costa Rica",2.59,"Bottled Water (1.5 Liter), Markets"
"1270","Costa Rica",15.6,"Bottle of Wine (Mid-Range), Markets"
"1271","Costa Rica",2.43,"Domestic Beer (0.5 Liter Bottle), Markets"
"1272","Costa Rica",2.94,"Imported Beer (0.33 Liter Bottle), Markets"
"1273","Costa Rica",5.1,"Cigarettes (Pack of 20, Marlboro), Markets"
"1274","Costa Rica",9.64,"Chicken Fillets (1 kg), Markets"
"1275","Costa Rica",4.71,"Apples (1 kg), Markets"
"1276","Costa Rica",3.36,"Oranges (1 kg), Markets"
"1277","Costa Rica",3.05,"Potatoes (1 kg), Markets"
"1278","Costa Rica",1.05,"Lettuce (1 Head), Markets"
"1279","Costa Rica",4.06,"Cappuccino (Regular Size), Restaurants"
"1280","Costa Rica",2.51,"White Rice (1 kg), Markets"
"1281","Costa Rica",3.16,"Tomatoes (1 kg), Markets"
"1282","Costa Rica",1.58,"Bananas (1 kg), Markets"
"1283","Costa Rica",2.87,"Onions (1 kg), Markets"
"1284","Costa Rica",13.62,"Beef Round or Equivalent Back Leg Red Meat (1 kg), Markets"
"1285","Croatia",13.97,"Meal at an Inexpensive Restaurant, Restaurants"
"1286","Croatia",69.87,"Meal for Two at a Mid-Range Restaurant (Three Courses, Without Drinks), Restaurants"
"1287","Croatia",9.32,"Combo Meal at McDonald's (or Equivalent Fast-Food Meal), Restaurants"
"1288","Croatia",4.08,"Domestic Draft Beer (0.5 Liter), Restaurants"
"1289","Croatia",4.66,"Imported Beer (0.33 Liter Bottle), Restaurants"
"1290","Croatia",3.13,"Soft Drink (Coca-Cola or Pepsi, 0.33 Liter Bottle), Restaurants"
"1291","Croatia",2.45,"Bottled Water (0.33 Liter), Restaurants"
"1292","Croatia",1.25,"Milk (Regular, 1 Liter), Markets"
"1293","Croatia",1.68,"Fresh White Bread (500 g Loaf), Markets"
"1294","Croatia",3.87,"Eggs (12, Large Size), Markets"
"1295","Croatia",12.23,"Local Cheese (1 kg), Markets"
"1296","Croatia",1.32,"Bottled Water (1.5 Liter), Markets"
"1297","Croatia",8.15,"Bottle of Wine (Mid-Range), Markets"
"1298","Croatia",1.73,"Domestic Beer (0.5 Liter Bottle), Markets"
"1299","Croatia",2.21,"Imported Beer (0.33 Liter Bottle), Markets"
"1300","Croatia",5.82,"Cigarettes (Pack of 20, Marlboro), Markets"
"1301","Croatia",10.04,"Chicken Fillets (1 kg), Markets"
"1302","Croatia",1.85,"Apples (1 kg), Markets"
"1303","Croatia",1.99,"Oranges (1 kg), Markets"
"1304","Croatia",1.39,"Potatoes (1 kg), Markets"
"1305","Croatia",1.28,"Lettuce (1 Head), Markets"
"1306","Croatia",2.61,"Cappuccino (Regular Size), Restaurants"
"1307","Croatia",3.14,"White Rice (1 kg), Markets"
"1308","Croatia",2.66,"Tomatoes (1 kg), Markets"
"1309","Croatia",1.74,"Bananas (1 kg), Markets"
"1310","Croatia",1.29,"Onions (1 kg), Markets"
"1311","Croatia",13.07,"Beef Round or Equivalent Back Leg Red Meat (1 kg), Markets"
"1312","Cuba",6,"Meal at an Inexpensive Restaurant, Restaurants"
"1313","Cuba",25,"Meal for Two at a Mid-Range Restaurant (Three Courses, Without Drinks), Restaurants"
"1314","Cuba",6.68,"Combo Meal at McDonald's (or Equivalent Fast-Food Meal), Restaurants"
"1315","Cuba",2,"Domestic Draft Beer (0.5 Liter), Restaurants"
"1316","Cuba",2.72,"Imported Beer (0.33 Liter Bottle), Restaurants"
"1317","Cuba",1.84,"Soft Drink (Coca-Cola or Pepsi, 0.33 Liter Bottle), Restaurants"
"1318","Cuba",1.22,"Bottled Water (0.33 Liter), Restaurants"
"1319","Cuba",2.76,"Milk (Regular, 1 Liter), Markets"
"1320","Cuba",1.23,"Fresh White Bread (500 g Loaf), Markets"
"1321","Cuba",3.25,"Eggs (12, Large Size), Markets"
"1322","Cuba",5.94,"Local Cheese (1 kg), Markets"
"1323","Cuba",1.01,"Bottled Water (1.5 Liter), Markets"
"1324","Cuba",10,"Bottle of Wine (Mid-Range), Markets"
"1325","Cuba",1.9,"Domestic Beer (0.5 Liter Bottle), Markets"
"1326","Cuba",2.12,"Imported Beer (0.33 Liter Bottle), Markets"
"1327","Cuba",3.5,"Cigarettes (Pack of 20, Marlboro), Markets"
"1328","Cuba",5.38,"Chicken Fillets (1 kg), Markets"
"1329","Cuba",4.46,"Apples (1 kg), Markets"
"1330","Cuba",1.65,"Oranges (1 kg), Markets"
"1331","Cuba",1.79,"Potatoes (1 kg), Markets"
"1332","Cuba",0.92,"Lettuce (1 Head), Markets"
"1333","Cuba",1.66,"Cappuccino (Regular Size), Restaurants"
"1334","Cuba",2.11,"White Rice (1 kg), Markets"
"1335","Cuba",1.64,"Tomatoes (1 kg), Markets"
"1336","Cuba",1.15,"Bananas (1 kg), Markets"
"1337","Cuba",2.37,"Onions (1 kg), Markets"
"1338","Cuba",10.61,"Beef Round or Equivalent Back Leg Red Meat (1 kg), Markets"
"1339","Curacao",15.88,"Meal at an Inexpensive Restaurant, Restaurants"
"1340","Curacao",78.21,"Meal for Two at a Mid-Range Restaurant (Three Courses, Without Drinks), Restaurants"
"1341","Curacao",10.06,"Combo Meal at McDonald's (or Equivalent Fast-Food Meal), Restaurants"
"1342","Curacao",5.79,"Domestic Draft Beer (0.5 Liter), Restaurants"
"1343","Curacao",5.03,"Imported Beer (0.33 Liter Bottle), Restaurants"
"1344","Curacao",2.99,"Soft Drink (Coca-Cola or Pepsi, 0.33 Liter Bottle), Restaurants"
"1345","Curacao",1.76,"Bottled Water (0.33 Liter), Restaurants"
"1346","Curacao",1.66,"Milk (Regular, 1 Liter), Markets"
"1347","Curacao",2.32,"Fresh White Bread (500 g Loaf), Markets"
"1348","Curacao",3.76,"Eggs (12, Large Size), Markets"
"1349","Curacao",16.72,"Local Cheese (1 kg), Markets"
"1350","Curacao",2.58,"Bottled Water (1.5 Liter), Markets"
"1351","Curacao",13.97,"Bottle of Wine (Mid-Range), Markets"
"1352","Curacao",2.51,"Domestic Beer (0.5 Liter Bottle), Markets"
"1353","Curacao",2.2,"Imported Beer (0.33 Liter Bottle), Markets"
"1354","Curacao",9.08,"Cigarettes (Pack of 20, Marlboro), Markets"
"1355","Curacao",7.81,"Chicken Fillets (1 kg), Markets"
"1356","Curacao",4.93,"Apples (1 kg), Markets"
"1357","Curacao",3.35,"Potatoes (1 kg), Markets"
"1358","Curacao",1.89,"Lettuce (1 Head), Markets"
"1359","Curacao",3.53,"Cappuccino (Regular Size), Restaurants"
"1360","Curacao",3.91,"White Rice (1 kg), Markets"
"1361","Curacao",2.93,"Bananas (1 kg), Markets"
"1362","Curacao",2.32,"Onions (1 kg), Markets"
"1363","Curacao",12.43,"Beef Round or Equivalent Back Leg Red Meat (1 kg), Markets"
"1364","Cyprus",17.47,"Meal at an Inexpensive Restaurant, Restaurants"
"1365","Cyprus",69.87,"Meal for Two at a Mid-Range Restaurant (Three Courses, Without Drinks), Restaurants"
"1366","Cyprus",9.32,"Combo Meal at McDonald's (or Equivalent Fast-Food Meal), Restaurants"
"1367","Cyprus",4.66,"Domestic Draft Beer (0.5 Liter), Restaurants"
"1368","Cyprus",5.71,"Imported Beer (0.33 Liter Bottle), Restaurants"
"1369","Cyprus",1.98,"Soft Drink (Coca-Cola or Pepsi, 0.33 Liter Bottle), Restaurants"
"1370","Cyprus",1.13,"Bottled Water (0.33 Liter), Restaurants"
"1371","Cyprus",1.93,"Milk (Regular, 1 Liter), Markets"
"1372","Cyprus",2.04,"Fresh White Bread (500 g Loaf), Markets"
"1373","Cyprus",4.48,"Eggs (12, Large Size), Markets"
"1374","Cyprus",14.06,"Local Cheese (1 kg), Markets"
"1375","Cyprus",1.14,"Bottled Water (1.5 Liter), Markets"
"1376","Cyprus",8.15,"Bottle of Wine (Mid-Range), Markets"
"1377","Cyprus",1.8,"Domestic Beer (0.5 Liter Bottle), Markets"
"1378","Cyprus",2.63,"Imported Beer (0.33 Liter Bottle), Markets"
"1379","Cyprus",5.82,"Cigarettes (Pack of 20, Marlboro), Markets"
"1380","Cyprus",9.2,"Chicken Fillets (1 kg), Markets"
"1381","Cyprus",3.22,"Apples (1 kg), Markets"
"1382","Cyprus",2.4,"Oranges (1 kg), Markets"
"1383","Cyprus",1.68,"Potatoes (1 kg), Markets"
"1384","Cyprus",0.98,"Lettuce (1 Head), Markets"
"1385","Cyprus",3.94,"Cappuccino (Regular Size), Restaurants"
"1386","Cyprus",2.93,"White Rice (1 kg), Markets"
"1387","Cyprus",3.27,"Tomatoes (1 kg), Markets"
"1388","Cyprus",2.15,"Bananas (1 kg), Markets"
"1389","Cyprus",1.54,"Onions (1 kg), Markets"
"1390","Cyprus",13.86,"Beef Round or Equivalent Back Leg Red Meat (1 kg), Markets"
"1391","Czech Republic",9.62,"Meal at an Inexpensive Restaurant, Restaurants"
"1392","Czech Republic",48.09,"Meal for Two at a Mid-Range Restaurant (Three Courses, Without Drinks), Restaurants"
"1393","Czech Republic",9.38,"Combo Meal at McDonald's (or Equivalent Fast-Food Meal), Restaurants"
"1394","Czech Republic",2.4,"Domestic Draft Beer (0.5 Liter), Restaurants"
"1395","Czech Republic",2.89,"Imported Beer (0.33 Liter Bottle), Restaurants"
"1396","Czech Republic",1.93,"Soft Drink (Coca-Cola or Pepsi, 0.33 Liter Bottle), Restaurants"
"1397","Czech Republic",1.58,"Bottled Water (0.33 Liter), Restaurants"
"1398","Czech Republic",1.24,"Milk (Regular, 1 Liter), Markets"
"1399","Czech Republic",1.71,"Fresh White Bread (500 g Loaf), Markets"
"1400","Czech Republic",3.41,"Eggs (12, Large Size), Markets"
"1401","Czech Republic",13.13,"Local Cheese (1 kg), Markets"
"1402","Czech Republic",0.86,"Bottled Water (1.5 Liter), Markets"
"1403","Czech Republic",7.21,"Bottle of Wine (Mid-Range), Markets"
"1404","Czech Republic",0.98,"Domestic Beer (0.5 Liter Bottle), Markets"
"1405","Czech Republic",2.03,"Imported Beer (0.33 Liter Bottle), Markets"
"1406","Czech Republic",7.69,"Cigarettes (Pack of 20, Marlboro), Markets"
"1407","Czech Republic",9.65,"Chicken Fillets (1 kg), Markets"
"1408","Czech Republic",1.73,"Apples (1 kg), Markets"
"1409","Czech Republic",2.28,"Oranges (1 kg), Markets"
"1410","Czech Republic",1.44,"Potatoes (1 kg), Markets"
"1411","Czech Republic",1.51,"Lettuce (1 Head), Markets"
"1412","Czech Republic",3.28,"Cappuccino (Regular Size), Restaurants"
"1413","Czech Republic",2.61,"White Rice (1 kg), Markets"
"1414","Czech Republic",3.68,"Tomatoes (1 kg), Markets"
"1415","Czech Republic",1.84,"Bananas (1 kg), Markets"
"1416","Czech Republic",1.16,"Onions (1 kg), Markets"
"1417","Czech Republic",13.87,"Beef Round or Equivalent Back Leg Red Meat (1 kg), Markets"
"1418","Democratic Republic of the Congo",15,"Meal at an Inexpensive Restaurant, Restaurants"
"1419","Democratic Republic of the Congo",100,"Meal for Two at a Mid-Range Restaurant (Three Courses, Without Drinks), Restaurants"
"1420","Democratic Republic of the Congo",10,"Combo Meal at McDonald's (or Equivalent Fast-Food Meal), Restaurants"
"1421","Democratic Republic of the Congo",2,"Domestic Draft Beer (0.5 Liter), Restaurants"
"1422","Democratic Republic of the Congo",3.5,"Imported Beer (0.33 Liter Bottle), Restaurants"
"1423","Democratic Republic of the Congo",1.79,"Soft Drink (Coca-Cola or Pepsi, 0.33 Liter Bottle), Restaurants"
"1424","Democratic Republic of the Congo",1.5,"Bottled Water (0.33 Liter), Restaurants"
"1425","Democratic Republic of the Congo",2.17,"Milk (Regular, 1 Liter), Markets"
"1426","Democratic Republic of the Congo",1.62,"Fresh White Bread (500 g Loaf), Markets"
"1427","Democratic Republic of the Congo",3.34,"Eggs (12, Large Size), Markets"
"1428","Democratic Republic of the Congo",6.91,"Local Cheese (1 kg), Markets"
"1429","Democratic Republic of the Congo",0.98,"Bottled Water (1.5 Liter), Markets"
"1430","Democratic Republic of the Congo",15,"Bottle of Wine (Mid-Range), Markets"
"1431","Democratic Republic of the Congo",1.67,"Domestic Beer (0.5 Liter Bottle), Markets"
"1432","Democratic Republic of the Congo",3.2,"Imported Beer (0.33 Liter Bottle), Markets"
"1433","Democratic Republic of the Congo",4.5,"Cigarettes (Pack of 20, Marlboro), Markets"
"1434","Democratic Republic of the Congo",7.54,"Chicken Fillets (1 kg), Markets"
"1435","Democratic Republic of the Congo",3.02,"Apples (1 kg), Markets"
"1436","Democratic Republic of the Congo",3.36,"Oranges (1 kg), Markets"
"1437","Democratic Republic of the Congo",2.39,"Potatoes (1 kg), Markets"
"1438","Democratic Republic of the Congo",1.62,"Lettuce (1 Head), Markets"
"1439","Democratic Republic of the Congo",5.33,"Cappuccino (Regular Size), Restaurants"
"1440","Democratic Republic of the Congo",2.36,"White Rice (1 kg), Markets"
"1441","Democratic Republic of the Congo",2.79,"Tomatoes (1 kg), Markets"
"1442","Democratic Republic of the Congo",2.1,"Bananas (1 kg), Markets"
"1443","Democratic Republic of the Congo",2.81,"Onions (1 kg), Markets"
"1444","Democratic Republic of the Congo",9.88,"Beef Round or Equivalent Back Leg Red Meat (1 kg), Markets"
"1445","Denmark",23.39,"Meal at an Inexpensive Restaurant, Restaurants"
"1446","Denmark",109.14,"Meal for Two at a Mid-Range Restaurant (Three Courses, Without Drinks), Restaurants"
"1447","Denmark",14.81,"Combo Meal at McDonald's (or Equivalent Fast-Food Meal), Restaurants"
"1448","Denmark",8.58,"Domestic Draft Beer (0.5 Liter), Restaurants"
"1449","Denmark",7.8,"Imported Beer (0.33 Liter Bottle), Restaurants"
"1450","Denmark",4.23,"Soft Drink (Coca-Cola or Pepsi, 0.33 Liter Bottle), Restaurants"
"1451","Denmark",3.22,"Bottled Water (0.33 Liter), Restaurants"
"1452","Denmark",2.15,"Milk (Regular, 1 Liter), Markets"
"1453","Denmark",3.57,"Fresh White Bread (500 g Loaf), Markets"
"1454","Denmark",5.06,"Eggs (12, Large Size), Markets"
"1455","Denmark",14.97,"Local Cheese (1 kg), Markets"
"1456","Denmark",1.51,"Bottled Water (1.5 Liter), Markets"
"1457","Denmark",10.13,"Bottle of Wine (Mid-Range), Markets"
"1458","Denmark",1.95,"Domestic Beer (0.5 Liter Bottle), Markets"
"1459","Denmark",2.63,"Imported Beer (0.33 Liter Bottle), Markets"
"1460","Denmark",10.13,"Cigarettes (Pack of 20, Marlboro), Markets"
"1461","Denmark",12.43,"Chicken Fillets (1 kg), Markets"
"1462","Denmark",3.32,"Apples (1 kg), Markets"
"1463","Denmark",3.75,"Oranges (1 kg), Markets"
"1464","Denmark",2.28,"Potatoes (1 kg), Markets"
"1465","Denmark",2.19,"Lettuce (1 Head), Markets"
"1466","Denmark",6.54,"Cappuccino (Regular Size), Restaurants"
"1467","Denmark",2.52,"White Rice (1 kg), Markets"
"1468","Denmark",5,"Tomatoes (1 kg), Markets"
"1469","Denmark",3.31,"Bananas (1 kg), Markets"
"1470","Denmark",2.03,"Onions (1 kg), Markets"
"1471","Denmark",19.21,"Beef Round or Equivalent Back Leg Red Meat (1 kg), Markets"
"1472","Djibouti",9.84,"Meal at an Inexpensive Restaurant, Restaurants"
"1473","Djibouti",81.57,"Meal for Two at a Mid-Range Restaurant (Three Courses, Without Drinks), Restaurants"
"1474","Djibouti",12.66,"Combo Meal at McDonald's (or Equivalent Fast-Food Meal), Restaurants"
"1475","Djibouti",5.63,"Domestic Draft Beer (0.5 Liter), Restaurants"
"1476","Djibouti",8.44,"Imported Beer (0.33 Liter Bottle), Restaurants"
"1477","Djibouti",1.9,"Soft Drink (Coca-Cola or Pepsi, 0.33 Liter Bottle), Restaurants"
"1478","Djibouti",1.88,"Bottled Water (0.33 Liter), Restaurants"
"1479","Djibouti",2.53,"Milk (Regular, 1 Liter), Markets"
"1480","Djibouti",9.28,"Fresh White Bread (500 g Loaf), Markets"
"1481","Djibouti",6.86,"Eggs (12, Large Size), Markets"
"1482","Djibouti",9.56,"Local Cheese (1 kg), Markets"
"1483","Djibouti",0.56,"Bottled Water (1.5 Liter), Markets"
"1484","Djibouti",21.1,"Bottle of Wine (Mid-Range), Markets"
"1485","Djibouti",2.35,"Domestic Beer (0.5 Liter Bottle), Markets"
"1486","Djibouti",3.53,"Imported Beer (0.33 Liter Bottle), Markets"
"1487","Djibouti",2.71,"Cigarettes (Pack of 20, Marlboro), Markets"
"1488","Djibouti",18.19,"Chicken Fillets (1 kg), Markets"
"1489","Djibouti",3.75,"Apples (1 kg), Markets"
"1490","Djibouti",2.81,"Oranges (1 kg), Markets"
"1491","Djibouti",1.22,"Potatoes (1 kg), Markets"
"1492","Djibouti",5.63,"Lettuce (1 Head), Markets"
"1493","Djibouti",3.66,"Cappuccino (Regular Size), Restaurants"
"1494","Djibouti",3.77,"White Rice (1 kg), Markets"
"1495","Djibouti",1.59,"Tomatoes (1 kg), Markets"
"1496","Djibouti",1.22,"Bananas (1 kg), Markets"
"1497","Djibouti",1.37,"Onions (1 kg), Markets"
"1498","Djibouti",12.09,"Beef Round or Equivalent Back Leg Red Meat (1 kg), Markets"
"1499","Dominica",7.4,"Meal at an Inexpensive Restaurant, Restaurants"
"1500","Dominica",55.5,"Meal for Two at a Mid-Range Restaurant (Three Courses, Without Drinks), Restaurants"
"1501","Dominica",6.66,"Combo Meal at McDonald's (or Equivalent Fast-Food Meal), Restaurants"
"1502","Dominica",1.85,"Domestic Draft Beer (0.5 Liter), Restaurants"
"1503","Dominica",3.33,"Imported Beer (0.33 Liter Bottle), Restaurants"
"1504","Dominica",2.41,"Soft Drink (Coca-Cola or Pepsi, 0.33 Liter Bottle), Restaurants"
"1505","Dominica",2.13,"Bottled Water (0.33 Liter), Restaurants"
"1506","Dominica",3.19,"Milk (Regular, 1 Liter), Markets"
"1507","Dominica",2.22,"Fresh White Bread (500 g Loaf), Markets"
"1508","Dominica",5.6,"Eggs (12, Large Size), Markets"
"1509","Dominica",2.47,"Local Cheese (1 kg), Markets"
"1510","Dominica",2.65,"Bottled Water (1.5 Liter), Markets"
"1511","Dominica",11.1,"Bottle of Wine (Mid-Range), Markets"
"1512","Dominica",2.33,"Domestic Beer (0.5 Liter Bottle), Markets"
"1513","Dominica",2.87,"Imported Beer (0.33 Liter Bottle), Markets"
"1514","Dominica",7.4,"Cigarettes (Pack of 20, Marlboro), Markets"
"1515","Dominica",10.53,"Chicken Fillets (1 kg), Markets"
"1516","Dominica",7.65,"Apples (1 kg), Markets"
"1517","Dominica",4.62,"Oranges (1 kg), Markets"
"1518","Dominica",3.39,"Potatoes (1 kg), Markets"
"1519","Dominica",1.94,"Lettuce (1 Head), Markets"
"1520","Dominica",3.75,"Cappuccino (Regular Size), Restaurants"
"1521","Dominica",1.48,"White Rice (1 kg), Markets"
"1522","Dominica",5.14,"Tomatoes (1 kg), Markets"
"1523","Dominica",2.81,"Bananas (1 kg), Markets"
"1524","Dominica",3.03,"Onions (1 kg), Markets"
"1525","Dominica",13.09,"Beef Round or Equivalent Back Leg Red Meat (1 kg), Markets"
"1526","Dominican Republic",7.88,"Meal at an Inexpensive Restaurant, Restaurants"
"1527","Dominican Republic",47.28,"Meal for Two at a Mid-Range Restaurant (Three Courses, Without Drinks), Restaurants"
"1528","Dominican Republic",7.09,"Combo Meal at McDonald's (or Equivalent Fast-Food Meal), Restaurants"
"1529","Dominican Republic",2.36,"Domestic Draft Beer (0.5 Liter), Restaurants"
"1530","Dominican Republic",4.73,"Imported Beer (0.33 Liter Bottle), Restaurants"
"1531","Dominican Republic",0.97,"Soft Drink (Coca-Cola or Pepsi, 0.33 Liter Bottle), Restaurants"
"1532","Dominican Republic",0.73,"Bottled Water (0.33 Liter), Restaurants"
"1533","Dominican Republic",1.31,"Milk (Regular, 1 Liter), Markets"
"1534","Dominican Republic",1.63,"Fresh White Bread (500 g Loaf), Markets"
"1535","Dominican Republic",1.89,"Eggs (12, Large Size), Markets"
"1536","Dominican Republic",7.77,"Local Cheese (1 kg), Markets"
"1537","Dominican Republic",0.82,"Bottled Water (1.5 Liter), Markets"
"1538","Dominican Republic",11.82,"Bottle of Wine (Mid-Range), Markets"
"1539","Dominican Republic",2.62,"Domestic Beer (0.5 Liter Bottle), Markets"
"1540","Dominican Republic",2.99,"Imported Beer (0.33 Liter Bottle), Markets"
"1541","Dominican Republic",5.52,"Cigarettes (Pack of 20, Marlboro), Markets"
"1542","Dominican Republic",5.57,"Chicken Fillets (1 kg), Markets"
"1543","Dominican Republic",3.02,"Apples (1 kg), Markets"
"1544","Dominican Republic",2.79,"Oranges (1 kg), Markets"
"1545","Dominican Republic",2.24,"Potatoes (1 kg), Markets"
"1546","Dominican Republic",1.03,"Lettuce (1 Head), Markets"
"1547","Dominican Republic",1.96,"Cappuccino (Regular Size), Restaurants"
"1548","Dominican Republic",1.44,"White Rice (1 kg), Markets"
"1549","Dominican Republic",1.74,"Tomatoes (1 kg), Markets"
"1550","Dominican Republic",0.91,"Bananas (1 kg), Markets"
"1551","Dominican Republic",2.36,"Onions (1 kg), Markets"
"1552","Dominican Republic",6.66,"Beef Round or Equivalent Back Leg Red Meat (1 kg), Markets"
"1553","Ecuador",3.5,"Meal at an Inexpensive Restaurant, Restaurants"
"1554","Ecuador",30,"Meal for Two at a Mid-Range Restaurant (Three Courses, Without Drinks), Restaurants"
"1555","Ecuador",7,"Combo Meal at McDonald's (or Equivalent Fast-Food Meal), Restaurants"
"1556","Ecuador",2,"Domestic Draft Beer (0.5 Liter), Restaurants"
"1557","Ecuador",3.5,"Imported Beer (0.33 Liter Bottle), Restaurants"
"1558","Ecuador",0.96,"Soft Drink (Coca-Cola or Pepsi, 0.33 Liter Bottle), Restaurants"
"1559","Ecuador",0.7,"Bottled Water (0.33 Liter), Restaurants"
"1560","Ecuador",1.09,"Milk (Regular, 1 Liter), Markets"
"1561","Ecuador",1.63,"Fresh White Bread (500 g Loaf), Markets"
"1562","Ecuador",2.19,"Eggs (12, Large Size), Markets"
"1563","Ecuador",6.5,"Local Cheese (1 kg), Markets"
"1564","Ecuador",1.07,"Bottled Water (1.5 Liter), Markets"
"1565","Ecuador",10,"Bottle of Wine (Mid-Range), Markets"
"1566","Ecuador",1.62,"Domestic Beer (0.5 Liter Bottle), Markets"
"1567","Ecuador",2.79,"Imported Beer (0.33 Liter Bottle), Markets"
"1568","Ecuador",6,"Cigarettes (Pack of 20, Marlboro), Markets"
"1569","Ecuador",5.93,"Chicken Fillets (1 kg), Markets"
"1570","Ecuador",2.1,"Apples (1 kg), Markets"
"1571","Ecuador",1.24,"Oranges (1 kg), Markets"
"1572","Ecuador",1.22,"Potatoes (1 kg), Markets"
"1573","Ecuador",0.68,"Lettuce (1 Head), Markets"
"1574","Ecuador",2.55,"Cappuccino (Regular Size), Restaurants"
"1575","Ecuador",1.45,"White Rice (1 kg), Markets"
"1576","Ecuador",1.2,"Tomatoes (1 kg), Markets"
"1577","Ecuador",1.09,"Bananas (1 kg), Markets"
"1578","Ecuador",1.03,"Onions (1 kg), Markets"
"1579","Ecuador",7.4,"Beef Round or Equivalent Back Leg Red Meat (1 kg), Markets"
"1580","Egypt",4.21,"Meal at an Inexpensive Restaurant, Restaurants"
"1581","Egypt",21.05,"Meal for Two at a Mid-Range Restaurant (Three Courses, Without Drinks), Restaurants"
"1582","Egypt",5.26,"Combo Meal at McDonald's (or Equivalent Fast-Food Meal), Restaurants"
"1583","Egypt",1.58,"Domestic Draft Beer (0.5 Liter), Restaurants"
"1584","Egypt",3.16,"Imported Beer (0.33 Liter Bottle), Restaurants"
"1585","Egypt",0.37,"Soft Drink (Coca-Cola or Pepsi, 0.33 Liter Bottle), Restaurants"
"1586","Egypt",0.14,"Bottled Water (0.33 Liter), Restaurants"
"1587","Egypt",0.95,"Milk (Regular, 1 Liter), Markets"
"1588","Egypt",0.63,"Fresh White Bread (500 g Loaf), Markets"
"1589","Egypt",1.48,"Eggs (12, Large Size), Markets"
"1590","Egypt",3.65,"Local Cheese (1 kg), Markets"
"1591","Egypt",0.21,"Bottled Water (1.5 Liter), Markets"
"1592","Egypt",7.37,"Bottle of Wine (Mid-Range), Markets"
"1593","Egypt",1.4,"Domestic Beer (0.5 Liter Bottle), Markets"
"1594","Egypt",2.24,"Imported Beer (0.33 Liter Bottle), Markets"
"1595","Egypt",2.1,"Cigarettes (Pack of 20, Marlboro), Markets"
"1596","Egypt",4.51,"Chicken Fillets (1 kg), Markets"
"1597","Egypt",1.66,"Apples (1 kg), Markets"
"1598","Egypt",0.54,"Oranges (1 kg), Markets"
"1599","Egypt",0.41,"Potatoes (1 kg), Markets"
"1600","Egypt",0.27,"Lettuce (1 Head), Markets"
"1601","Egypt",1.56,"Cappuccino (Regular Size), Restaurants"
"1602","Egypt",0.73,"White Rice (1 kg), Markets"
"1603","Egypt",0.36,"Tomatoes (1 kg), Markets"
"1604","Egypt",0.72,"Bananas (1 kg), Markets"
"1605","Egypt",0.42,"Onions (1 kg), Markets"
"1606","Egypt",9.23,"Beef Round or Equivalent Back Leg Red Meat (1 kg), Markets"
"1607","El Salvador",7,"Meal at an Inexpensive Restaurant, Restaurants"
"1608","El Salvador",40,"Meal for Two at a Mid-Range Restaurant (Three Courses, Without Drinks), Restaurants"
"1609","El Salvador",7,"Combo Meal at McDonald's (or Equivalent Fast-Food Meal), Restaurants"
"1610","El Salvador",2,"Domestic Draft Beer (0.5 Liter), Restaurants"
"1611","El Salvador",3.25,"Imported Beer (0.33 Liter Bottle), Restaurants"
"1612","El Salvador",1.12,"Soft Drink (Coca-Cola or Pepsi, 0.33 Liter Bottle), Restaurants"
"1613","El Salvador",0.9,"Bottled Water (0.33 Liter), Restaurants"
"1614","El Salvador",1.78,"Milk (Regular, 1 Liter), Markets"
"1615","El Salvador",1.95,"Fresh White Bread (500 g Loaf), Markets"
"1616","El Salvador",2.69,"Eggs (12, Large Size), Markets"
"1617","El Salvador",7.18,"Local Cheese (1 kg), Markets"
"1618","El Salvador",0.98,"Bottled Water (1.5 Liter), Markets"
"1619","El Salvador",10,"Bottle of Wine (Mid-Range), Markets"
"1620","El Salvador",1.8,"Domestic Beer (0.5 Liter Bottle), Markets"
"1621","El Salvador",2.66,"Imported Beer (0.33 Liter Bottle), Markets"
"1622","El Salvador",4,"Cigarettes (Pack of 20, Marlboro), Markets"
"1623","El Salvador",5.65,"Chicken Fillets (1 kg), Markets"
"1624","El Salvador",3.37,"Apples (1 kg), Markets"
"1625","El Salvador",2.75,"Oranges (1 kg), Markets"
"1626","El Salvador",2.51,"Potatoes (1 kg), Markets"
"1627","El Salvador",0.92,"Lettuce (1 Head), Markets"
"1628","El Salvador",3.2,"Cappuccino (Regular Size), Restaurants"
"1629","El Salvador",1.48,"White Rice (1 kg), Markets"
"1630","El Salvador",2.67,"Tomatoes (1 kg), Markets"
"1631","El Salvador",1.86,"Bananas (1 kg), Markets"
"1632","El Salvador",2.18,"Onions (1 kg), Markets"
"1633","El Salvador",8.6,"Beef Round or Equivalent Back Leg Red Meat (1 kg), Markets"
"1634","Equatorial Guinea",14.2,"Meal at an Inexpensive Restaurant, Restaurants"
"1635","Equatorial Guinea",71.01,"Meal for Two at a Mid-Range Restaurant (Three Courses, Without Drinks), Restaurants"
"1636","Equatorial Guinea",8.88,"Combo Meal at McDonald's (or Equivalent Fast-Food Meal), Restaurants"
"1637","Equatorial Guinea",2.66,"Domestic Draft Beer (0.5 Liter), Restaurants"
"1638","Equatorial Guinea",4.44,"Imported Beer (0.33 Liter Bottle), Restaurants"
"1639","Equatorial Guinea",1.07,"Soft Drink (Coca-Cola or Pepsi, 0.33 Liter Bottle), Restaurants"
"1640","Equatorial Guinea",0.89,"Bottled Water (0.33 Liter), Restaurants"
"1641","Equatorial Guinea",2.62,"Milk (Regular, 1 Liter), Markets"
"1642","Equatorial Guinea",3.37,"Fresh White Bread (500 g Loaf), Markets"
"1643","Equatorial Guinea",3.31,"Eggs (12, Large Size), Markets"
"1644","Equatorial Guinea",8.7,"Local Cheese (1 kg), Markets"
"1645","Equatorial Guinea",2.04,"Bottled Water (1.5 Liter), Markets"
"1646","Equatorial Guinea",6.21,"Bottle of Wine (Mid-Range), Markets"
"1647","Equatorial Guinea",2.49,"Domestic Beer (0.5 Liter Bottle), Markets"
"1648","Equatorial Guinea",0.89,"Imported Beer (0.33 Liter Bottle), Markets"
"1649","Equatorial Guinea",4.93,"Cigarettes (Pack of 20, Marlboro), Markets"
"1650","Equatorial Guinea",7.02,"Chicken Fillets (1 kg), Markets"
"1651","Equatorial Guinea",5.86,"Apples (1 kg), Markets"
"1652","Equatorial Guinea",7.1,"Oranges (1 kg), Markets"
"1653","Equatorial Guinea",3.11,"Potatoes (1 kg), Markets"
"1654","Equatorial Guinea",0.89,"Lettuce (1 Head), Markets"
"1655","Equatorial Guinea",3.99,"Cappuccino (Regular Size), Restaurants"
"1656","Equatorial Guinea",2.31,"White Rice (1 kg), Markets"
"1657","Equatorial Guinea",3.99,"Tomatoes (1 kg), Markets"
"1658","Equatorial Guinea",1.78,"Bananas (1 kg), Markets"
"1659","Equatorial Guinea",3.11,"Onions (1 kg), Markets"
"1660","Equatorial Guinea",8.66,"Beef Round or Equivalent Back Leg Red Meat (1 kg), Markets"
"1661","Eritrea",21,"Meal at an Inexpensive Restaurant, Restaurants"
"1662","Eritrea",34,"Meal for Two at a Mid-Range Restaurant (Three Courses, Without Drinks), Restaurants"
"1663","Eritrea",5.5,"Combo Meal at McDonald's (or Equivalent Fast-Food Meal), Restaurants"
"1664","Eritrea",0.97,"Domestic Draft Beer (0.5 Liter), Restaurants"
"1665","Eritrea",1,"Soft Drink (Coca-Cola or Pepsi, 0.33 Liter Bottle), Restaurants"
"1666","Eritrea",1,"Bottled Water (0.33 Liter), Restaurants"
"1667","Eritrea",1.6,"Milk (Regular, 1 Liter), Markets"
"1668","Eritrea",4.38,"Eggs (12, Large Size), Markets"
"1669","Eritrea",3,"Local Cheese (1 kg), Markets"
"1670","Eritrea",2.22,"Bottled Water (1.5 Liter), Markets"
"1671","Eritrea",12,"Bottle of Wine (Mid-Range), Markets"
"1672","Eritrea",1,"Domestic Beer (0.5 Liter Bottle), Markets"
"1673","Eritrea",1,"Imported Beer (0.33 Liter Bottle), Markets"
"1674","Eritrea",26.83,"Chicken Fillets (1 kg), Markets"
"1675","Eritrea",12.22,"Apples (1 kg), Markets"
"1676","Eritrea",2,"Oranges (1 kg), Markets"
"1677","Eritrea",1.8,"Potatoes (1 kg), Markets"
"1678","Eritrea",0.7,"Cappuccino (Regular Size), Restaurants"
"1679","Eritrea",2.3,"White Rice (1 kg), Markets"
"1680","Eritrea",1.17,"Tomatoes (1 kg), Markets"
"1681","Eritrea",1.28,"Bananas (1 kg), Markets"
"1682","Eritrea",0.93,"Onions (1 kg), Markets"
"1683","Eritrea",10,"Beef Round or Equivalent Back Leg Red Meat (1 kg), Markets"
"1684","Estonia",15.43,"Meal at an Inexpensive Restaurant, Restaurants"
"1685","Estonia",75.69,"Meal for Two at a Mid-Range Restaurant (Three Courses, Without Drinks), Restaurants"
"1686","Estonia",10.98,"Combo Meal at McDonald's (or Equivalent Fast-Food Meal), Restaurants"
"1687","Estonia",5.82,"Domestic Draft Beer (0.5 Liter), Restaurants"
"1688","Estonia",5.82,"Imported Beer (0.33 Liter Bottle), Restaurants"
"1689","Estonia",2.55,"Soft Drink (Coca-Cola or Pepsi, 0.33 Liter Bottle), Restaurants"
"1690","Estonia",2.53,"Bottled Water (0.33 Liter), Restaurants"
"1691","Estonia",1.23,"Milk (Regular, 1 Liter), Markets"
"1692","Estonia",1.49,"Fresh White Bread (500 g Loaf), Markets"
"1693","Estonia",2.87,"Eggs (12, Large Size), Markets"
"1694","Estonia",12.43,"Local Cheese (1 kg), Markets"
"1695","Estonia",1.08,"Bottled Water (1.5 Liter), Markets"
"1696","Estonia",10.48,"Bottle of Wine (Mid-Range), Markets"
"1697","Estonia",1.92,"Domestic Beer (0.5 Liter Bottle), Markets"
"1698","Estonia",2.34,"Imported Beer (0.33 Liter Bottle), Markets"
"1699","Estonia",6.87,"Cigarettes (Pack of 20, Marlboro), Markets"
"1700","Estonia",9.49,"Chicken Fillets (1 kg), Markets"
"1701","Estonia",2.21,"Apples (1 kg), Markets"
"1702","Estonia",2.61,"Oranges (1 kg), Markets"
"1703","Estonia",1,"Potatoes (1 kg), Markets"
"1704","Estonia",2.04,"Lettuce (1 Head), Markets"
"1705","Estonia",4.12,"Cappuccino (Regular Size), Restaurants"
"1706","Estonia",2.88,"White Rice (1 kg), Markets"
"1707","Estonia",2.82,"Tomatoes (1 kg), Markets"
"1708","Estonia",1.55,"Bananas (1 kg), Markets"
"1709","Estonia",0.89,"Onions (1 kg), Markets"
"1710","Estonia",20.06,"Beef Round or Equivalent Back Leg Red Meat (1 kg), Markets"
"1711","Eswatini",1.77,"Meal at an Inexpensive Restaurant, Restaurants"
"1712","Eswatini",30.16,"Meal for Two at a Mid-Range Restaurant (Three Courses, Without Drinks), Restaurants"
"1713","Eswatini",2.47,"Combo Meal at McDonald's (or Equivalent Fast-Food Meal), Restaurants"
"1714","Eswatini",1.77,"Domestic Draft Beer (0.5 Liter), Restaurants"
"1715","Eswatini",1.77,"Imported Beer (0.33 Liter Bottle), Restaurants"
"1716","Eswatini",0.93,"Soft Drink (Coca-Cola or Pepsi, 0.33 Liter Bottle), Restaurants"
"1717","Eswatini",0.54,"Bottled Water (0.33 Liter), Restaurants"
"1718","Eswatini",1.09,"Milk (Regular, 1 Liter), Markets"
"1719","Eswatini",0.81,"Fresh White Bread (500 g Loaf), Markets"
"1720","Eswatini",1.59,"Eggs (12, Large Size), Markets"
"1721","Eswatini",9.42,"Local Cheese (1 kg), Markets"
"1722","Eswatini",0.79,"Bottled Water (1.5 Liter), Markets"
"1723","Eswatini",4.65,"Bottle of Wine (Mid-Range), Markets"
"1724","Eswatini",1.06,"Domestic Beer (0.5 Liter Bottle), Markets"
"1725","Eswatini",1.47,"Imported Beer (0.33 Liter Bottle), Markets"
"1726","Eswatini",2.82,"Cigarettes (Pack of 20, Marlboro), Markets"
"1727","Eswatini",4.13,"Chicken Fillets (1 kg), Markets"
"1728","Eswatini",1.41,"Apples (1 kg), Markets"
"1729","Eswatini",1.16,"Oranges (1 kg), Markets"
"1730","Eswatini",0.99,"Potatoes (1 kg), Markets"
"1731","Eswatini",0.58,"Lettuce (1 Head), Markets"
"1732","Eswatini",1.91,"Cappuccino (Regular Size), Restaurants"
"1733","Eswatini",1.31,"White Rice (1 kg), Markets"
"1734","Eswatini",1.45,"Tomatoes (1 kg), Markets"
"1735","Eswatini",0.79,"Bananas (1 kg), Markets"
"1736","Eswatini",1.06,"Onions (1 kg), Markets"
"1737","Eswatini",4.78,"Beef Round or Equivalent Back Leg Red Meat (1 kg), Markets"
"1738","Ethiopia",4.17,"Meal at an Inexpensive Restaurant, Restaurants"
"1739","Ethiopia",37.5,"Meal for Two at a Mid-Range Restaurant (Three Courses, Without Drinks), Restaurants"
"1740","Ethiopia",6.46,"Combo Meal at McDonald's (or Equivalent Fast-Food Meal), Restaurants"
"1741","Ethiopia",0.9,"Domestic Draft Beer (0.5 Liter), Restaurants"
"1742","Ethiopia",2,"Imported Beer (0.33 Liter Bottle), Restaurants"
"1743","Ethiopia",0.57,"Soft Drink (Coca-Cola or Pepsi, 0.33 Liter Bottle), Restaurants"
"1744","Ethiopia",0.48,"Bottled Water (0.33 Liter), Restaurants"
"1745","Ethiopia",1.28,"Milk (Regular, 1 Liter), Markets"
"1746","Ethiopia",1.1,"Fresh White Bread (500 g Loaf), Markets"
"1747","Ethiopia",2.15,"Eggs (12, Large Size), Markets"
"1748","Ethiopia",8.67,"Local Cheese (1 kg), Markets"
"1749","Ethiopia",0.75,"Bottled Water (1.5 Liter), Markets"
"1750","Ethiopia",6.25,"Bottle of Wine (Mid-Range), Markets"
"1751","Ethiopia",0.83,"Domestic Beer (0.5 Liter Bottle), Markets"
"1752","Ethiopia",1.76,"Imported Beer (0.33 Liter Bottle), Markets"
"1753","Ethiopia",5.1,"Cigarettes (Pack of 20, Marlboro), Markets"
"1754","Ethiopia",12.04,"Chicken Fillets (1 kg), Markets"
"1755","Ethiopia",5.77,"Apples (1 kg), Markets"
"1756","Ethiopia",2.45,"Oranges (1 kg), Markets"
"1757","Ethiopia",0.6,"Potatoes (1 kg), Markets"
"1758","Ethiopia",0.87,"Lettuce (1 Head), Markets"
"1759","Ethiopia",0.99,"Cappuccino (Regular Size), Restaurants"
"1760","Ethiopia",1.99,"White Rice (1 kg), Markets"
"1761","Ethiopia",0.78,"Tomatoes (1 kg), Markets"
"1762","Ethiopia",0.89,"Bananas (1 kg), Markets"
"1763","Ethiopia",1.87,"Onions (1 kg), Markets"
"1764","Ethiopia",11.59,"Beef Round or Equivalent Back Leg Red Meat (1 kg), Markets"
"1765","Falkland Islands",26.65,"Meal at an Inexpensive Restaurant, Restaurants"
"1766","Falkland Islands",79.96,"Meal for Two at a Mid-Range Restaurant (Three Courses, Without Drinks), Restaurants"
"1767","Falkland Islands",4.2,"Domestic Draft Beer (0.5 Liter), Restaurants"
"1768","Falkland Islands",2.53,"Imported Beer (0.33 Liter Bottle), Restaurants"
"1769","Falkland Islands",2.26,"Soft Drink (Coca-Cola or Pepsi, 0.33 Liter Bottle), Restaurants"
"1770","Falkland Islands",1.39,"Bottled Water (0.33 Liter), Restaurants"
"1771","Falkland Islands",2.06,"Milk (Regular, 1 Liter), Markets"
"1772","Falkland Islands",3.06,"Fresh White Bread (500 g Loaf), Markets"
"1773","Falkland Islands",7.15,"Eggs (12, Large Size), Markets"
"1774","Falkland Islands",2.94,"Local Cheese (1 kg), Markets"
"1775","Falkland Islands",11.98,"Bottle of Wine (Mid-Range), Markets"
"1776","Falkland Islands",2.4,"Imported Beer (0.33 Liter Bottle), Markets"
"1777","Falkland Islands",16.25,"Cigarettes (Pack of 20, Marlboro), Markets"
"1778","Falkland Islands",9.61,"Chicken Fillets (1 kg), Markets"
"1779","Falkland Islands",9.46,"Apples (1 kg), Markets"
"1780","Falkland Islands",10.65,"Oranges (1 kg), Markets"
"1781","Falkland Islands",3.2,"Potatoes (1 kg), Markets"
"1782","Falkland Islands",4.31,"Lettuce (1 Head), Markets"
"1783","Falkland Islands",4.23,"Cappuccino (Regular Size), Restaurants"
"1784","Falkland Islands",0.88,"White Rice (1 kg), Markets"
"1785","Falkland Islands",8.13,"Tomatoes (1 kg), Markets"
"1786","Falkland Islands",5.53,"Bananas (1 kg), Markets"
"1787","Falkland Islands",0.73,"Onions (1 kg), Markets"
"1788","Falkland Islands",11.85,"Beef Round or Equivalent Back Leg Red Meat (1 kg), Markets"
"1789","Faroe Islands",23.39,"Meal at an Inexpensive Restaurant, Restaurants"
"1790","Faroe Islands",155.91,"Meal for Two at a Mid-Range Restaurant (Three Courses, Without Drinks), Restaurants"
"1791","Faroe Islands",20,"Combo Meal at McDonald's (or Equivalent Fast-Food Meal), Restaurants"
"1792","Faroe Islands",9.35,"Domestic Draft Beer (0.5 Liter), Restaurants"
"1793","Faroe Islands",9.18,"Imported Beer (0.33 Liter Bottle), Restaurants"
"1794","Faroe Islands",3.16,"Soft Drink (Coca-Cola or Pepsi, 0.33 Liter Bottle), Restaurants"
"1795","Faroe Islands",2.33,"Bottled Water (0.33 Liter), Restaurants"
"1796","Faroe Islands",2.33,"Milk (Regular, 1 Liter), Markets"
"1797","Faroe Islands",6.85,"Fresh White Bread (500 g Loaf), Markets"
"1798","Faroe Islands",5.86,"Eggs (12, Large Size), Markets"
"1799","Faroe Islands",12.99,"Local Cheese (1 kg), Markets"
"1800","Faroe Islands",3.51,"Bottled Water (1.5 Liter), Markets"
"1801","Faroe Islands",12.47,"Bottle of Wine (Mid-Range), Markets"
"1802","Faroe Islands",2.93,"Domestic Beer (0.5 Liter Bottle), Markets"
"1803","Faroe Islands",2.7,"Imported Beer (0.33 Liter Bottle), Markets"
"1804","Faroe Islands",11.3,"Cigarettes (Pack of 20, Marlboro), Markets"
"1805","Faroe Islands",14.46,"Chicken Fillets (1 kg), Markets"
"1806","Faroe Islands",2.73,"Apples (1 kg), Markets"
"1807","Faroe Islands",3.9,"Oranges (1 kg), Markets"
"1808","Faroe Islands",2.96,"Potatoes (1 kg), Markets"
"1809","Faroe Islands",2.42,"Lettuce (1 Head), Markets"
"1810","Faroe Islands",6.3,"Cappuccino (Regular Size), Restaurants"
"1811","Faroe Islands",3.6,"White Rice (1 kg), Markets"
"1812","Faroe Islands",3.66,"Tomatoes (1 kg), Markets"
"1813","Faroe Islands",4.52,"Bananas (1 kg), Markets"
"1814","Faroe Islands",4.83,"Onions (1 kg), Markets"
"1815","Faroe Islands",18.71,"Beef Round or Equivalent Back Leg Red Meat (1 kg), Markets"
"1816","Fiji",4.42,"Meal at an Inexpensive Restaurant, Restaurants"
"1817","Fiji",42.02,"Meal for Two at a Mid-Range Restaurant (Three Courses, Without Drinks), Restaurants"
"1818","Fiji",7.74,"Combo Meal at McDonald's (or Equivalent Fast-Food Meal), Restaurants"
"1819","Fiji",2.76,"Domestic Draft Beer (0.5 Liter), Restaurants"
"1820","Fiji",3.5,"Imported Beer (0.33 Liter Bottle), Restaurants"
"1821","Fiji",1.3,"Soft Drink (Coca-Cola or Pepsi, 0.33 Liter Bottle), Restaurants"
"1822","Fiji",0.94,"Bottled Water (0.33 Liter), Restaurants"
"1823","Fiji",1.28,"Milk (Regular, 1 Liter), Markets"
"1824","Fiji",0.57,"Fresh White Bread (500 g Loaf), Markets"
"1825","Fiji",3.01,"Eggs (12, Large Size), Markets"
"1826","Fiji",8.89,"Local Cheese (1 kg), Markets"
"1827","Fiji",0.82,"Bottled Water (1.5 Liter), Markets"
"1828","Fiji",8.18,"Bottle of Wine (Mid-Range), Markets"
"1829","Fiji",2.12,"Domestic Beer (0.5 Liter Bottle), Markets"
"1830","Fiji",3.01,"Imported Beer (0.33 Liter Bottle), Markets"
"1831","Fiji",9.73,"Cigarettes (Pack of 20, Marlboro), Markets"
"1832","Fiji",7.78,"Chicken Fillets (1 kg), Markets"
"1833","Fiji",2.46,"Apples (1 kg), Markets"
"1834","Fiji",3.31,"Oranges (1 kg), Markets"
"1835","Fiji",1.17,"Potatoes (1 kg), Markets"
"1836","Fiji",1.04,"Lettuce (1 Head), Markets"
"1837","Fiji",2.86,"Cappuccino (Regular Size), Restaurants"
"1838","Fiji",1.07,"White Rice (1 kg), Markets"
"1839","Fiji",2.69,"Tomatoes (1 kg), Markets"
"1840","Fiji",2.53,"Bananas (1 kg), Markets"
"1841","Fiji",1.19,"Onions (1 kg), Markets"
"1842","Fiji",7.52,"Beef Round or Equivalent Back Leg Red Meat (1 kg), Markets"
"1843","Finland",16.3,"Meal at an Inexpensive Restaurant, Restaurants"
"1844","Finland",93.16,"Meal for Two at a Mid-Range Restaurant (Three Courses, Without Drinks), Restaurants"
"1845","Finland",11.64,"Combo Meal at McDonald's (or Equivalent Fast-Food Meal), Restaurants"
"1846","Finland",8.15,"Domestic Draft Beer (0.5 Liter), Restaurants"
"1847","Finland",8.73,"Imported Beer (0.33 Liter Bottle), Restaurants"
"1848","Finland",2.92,"Soft Drink (Coca-Cola or Pepsi, 0.33 Liter Bottle), Restaurants"
"1849","Finland",2.18,"Bottled Water (0.33 Liter), Restaurants"
"1850","Finland",1.36,"Milk (Regular, 1 Liter), Markets"
"1851","Finland",2.72,"Fresh White Bread (500 g Loaf), Markets"
"1852","Finland",3.45,"Eggs (12, Large Size), Markets"
"1853","Finland",9.33,"Local Cheese (1 kg), Markets"
"1854","Finland",1.93,"Bottled Water (1.5 Liter), Markets"
"1855","Finland",15.14,"Bottle of Wine (Mid-Range), Markets"
"1856","Finland",3.47,"Domestic Beer (0.5 Liter Bottle), Markets"
"1857","Finland",3.89,"Imported Beer (0.33 Liter Bottle), Markets"
"1858","Finland",12.81,"Cigarettes (Pack of 20, Marlboro), Markets"
"1859","Finland",14.35,"Chicken Fillets (1 kg), Markets"
"1860","Finland",2.7,"Apples (1 kg), Markets"
"1861","Finland",2.57,"Oranges (1 kg), Markets"
"1862","Finland",1.32,"Potatoes (1 kg), Markets"
"1863","Finland",2.23,"Lettuce (1 Head), Markets"
"1864","Finland",4.98,"Cappuccino (Regular Size), Restaurants"
"1865","Finland",2.81,"White Rice (1 kg), Markets"
"1866","Finland",4.47,"Tomatoes (1 kg), Markets"
"1867","Finland",2.15,"Bananas (1 kg), Markets"
"1868","Finland",1.85,"Onions (1 kg), Markets"
"1869","Finland",22.58,"Beef Round or Equivalent Back Leg Red Meat (1 kg), Markets"
"1870","France",17.47,"Meal at an Inexpensive Restaurant, Restaurants"
"1871","France",69.87,"Meal for Two at a Mid-Range Restaurant (Three Courses, Without Drinks), Restaurants"
"1872","France",12.81,"Combo Meal at McDonald's (or Equivalent Fast-Food Meal), Restaurants"
"1873","France",6.99,"Domestic Draft Beer (0.5 Liter), Restaurants"
"1874","France",5.82,"Imported Beer (0.33 Liter Bottle), Restaurants"
"1875","France",3.29,"Soft Drink (Coca-Cola or Pepsi, 0.33 Liter Bottle), Restaurants"
"1876","France",2.25,"Bottled Water (0.33 Liter), Restaurants"
"1877","France",1.36,"Milk (Regular, 1 Liter), Markets"
"1878","France",2.09,"Fresh White Bread (500 g Loaf), Markets"
"1879","France",4.42,"Eggs (12, Large Size), Markets"
"1880","France",20.46,"Local Cheese (1 kg), Markets"
"1881","France",0.81,"Bottled Water (1.5 Liter), Markets"
"1882","France",8.15,"Bottle of Wine (Mid-Range), Markets"
"1883","France",2.72,"Domestic Beer (0.5 Liter Bottle), Markets"
"1884","France",3.37,"Imported Beer (0.33 Liter Bottle), Markets"
"1885","France",13.97,"Cigarettes (Pack of 20, Marlboro), Markets"
"1886","France",14.33,"Chicken Fillets (1 kg), Markets"
"1887","France",3.24,"Apples (1 kg), Markets"
"1888","France",3.12,"Oranges (1 kg), Markets"
"1889","France",2.36,"Potatoes (1 kg), Markets"
"1890","France",1.59,"Lettuce (1 Head), Markets"
"1891","France",3.79,"Cappuccino (Regular Size), Restaurants"
"1892","France",2.7,"White Rice (1 kg), Markets"
"1893","France",3.68,"Tomatoes (1 kg), Markets"
"1894","France",2.4,"Bananas (1 kg), Markets"
"1895","France",2.51,"Onions (1 kg), Markets"
"1896","France",21.76,"Beef Round or Equivalent Back Leg Red Meat (1 kg), Markets"
"1897","French Guiana",13.39,"Meal at an Inexpensive Restaurant, Restaurants"
"1898","French Guiana",116.45,"Meal for Two at a Mid-Range Restaurant (Three Courses, Without Drinks), Restaurants"
"1899","French Guiana",11.06,"Combo Meal at McDonald's (or Equivalent Fast-Food Meal), Restaurants"
"1900","French Guiana",3.78,"Domestic Draft Beer (0.5 Liter), Restaurants"
"1901","French Guiana",4.66,"Imported Beer (0.33 Liter Bottle), Restaurants"
"1902","French Guiana",3.53,"Soft Drink (Coca-Cola or Pepsi, 0.33 Liter Bottle), Restaurants"
"1903","French Guiana",3.07,"Bottled Water (0.33 Liter), Restaurants"
"1904","French Guiana",3.11,"Milk (Regular, 1 Liter), Markets"
"1905","French Guiana",4.17,"Fresh White Bread (500 g Loaf), Markets"
"1906","French Guiana",7.76,"Eggs (12, Large Size), Markets"
"1907","French Guiana",29.11,"Local Cheese (1 kg), Markets"
"1908","French Guiana",1.95,"Bottled Water (1.5 Liter), Markets"
"1909","French Guiana",8.15,"Bottle of Wine (Mid-Range), Markets"
"1910","French Guiana",2.81,"Domestic Beer (0.5 Liter Bottle), Markets"
"1911","French Guiana",2.33,"Imported Beer (0.33 Liter Bottle), Markets"
"1912","French Guiana",9.32,"Cigarettes (Pack of 20, Marlboro), Markets"
"1913","French Guiana",17.08,"Chicken Fillets (1 kg), Markets"
"1914","French Guiana",5.4,"Apples (1 kg), Markets"
"1915","French Guiana",5.82,"Oranges (1 kg), Markets"
"1916","French Guiana",4.95,"Potatoes (1 kg), Markets"
"1917","French Guiana",3.49,"Lettuce (1 Head), Markets"
"1918","French Guiana",4.08,"Cappuccino (Regular Size), Restaurants"
"1919","French Guiana",3.11,"White Rice (1 kg), Markets"
"1920","French Guiana",10.09,"Tomatoes (1 kg), Markets"
"1921","French Guiana",4.66,"Bananas (1 kg), Markets"
"1922","French Guiana",6.7,"Onions (1 kg), Markets"
"1923","French Guiana",30.57,"Beef Round or Equivalent Back Leg Red Meat (1 kg), Markets"
"1924","French Polynesia",15.61,"Meal at an Inexpensive Restaurant, Restaurants"
"1925","French Polynesia",80.51,"Meal for Two at a Mid-Range Restaurant (Three Courses, Without Drinks), Restaurants"
"1926","French Polynesia",12.2,"Combo Meal at McDonald's (or Equivalent Fast-Food Meal), Restaurants"
"1927","French Polynesia",4.15,"Domestic Draft Beer (0.5 Liter), Restaurants"
"1928","French Polynesia",4.88,"Imported Beer (0.33 Liter Bottle), Restaurants"
"1929","French Polynesia",2.51,"Soft Drink (Coca-Cola or Pepsi, 0.33 Liter Bottle), Restaurants"
"1930","French Polynesia",2.2,"Bottled Water (0.33 Liter), Restaurants"
"1931","French Polynesia",1.51,"Milk (Regular, 1 Liter), Markets"
"1932","French Polynesia",2.83,"Fresh White Bread (500 g Loaf), Markets"
"1933","French Polynesia",7.58,"Eggs (12, Large Size), Markets"
"1934","French Polynesia",39.03,"Local Cheese (1 kg), Markets"
"1935","French Polynesia",1.25,"Bottled Water (1.5 Liter), Markets"
"1936","French Polynesia",24.4,"Bottle of Wine (Mid-Range), Markets"
"1937","French Polynesia",2.88,"Domestic Beer (0.5 Liter Bottle), Markets"
"1938","French Polynesia",4.72,"Imported Beer (0.33 Liter Bottle), Markets"
"1939","French Polynesia",12.15,"Cigarettes (Pack of 20, Marlboro), Markets"
"1940","French Polynesia",16.83,"Chicken Fillets (1 kg), Markets"
"1941","French Polynesia",5.27,"Apples (1 kg), Markets"
"1942","French Polynesia",6.83,"Oranges (1 kg), Markets"
"1943","French Polynesia",3,"Potatoes (1 kg), Markets"
"1944","French Polynesia",3.9,"Lettuce (1 Head), Markets"
"1945","French Polynesia",4.07,"Cappuccino (Regular Size), Restaurants"
"1946","French Polynesia",1.71,"White Rice (1 kg), Markets"
"1947","French Polynesia",7.86,"Tomatoes (1 kg), Markets"
"1948","French Polynesia",2.44,"Bananas (1 kg), Markets"
"1949","French Polynesia",2.68,"Onions (1 kg), Markets"
"1950","French Polynesia",27.32,"Beef Round or Equivalent Back Leg Red Meat (1 kg), Markets"
"1951","French Southern Territories",13.97,"Cigarettes (Pack of 20, Marlboro), Markets"
"1952","French Southern Territories",1.75,"Fresh White Bread (500 g Loaf), Markets"
"1953","French Southern Territories",11.64,"Bottle of Wine (Mid-Range), Markets"
"1954","Gabon",17.75,"Meal at an Inexpensive Restaurant, Restaurants"
"1955","Gabon",71.01,"Meal for Two at a Mid-Range Restaurant (Three Courses, Without Drinks), Restaurants"
"1956","Gabon",17.75,"Combo Meal at McDonald's (or Equivalent Fast-Food Meal), Restaurants"
"1957","Gabon",2.31,"Domestic Draft Beer (0.5 Liter), Restaurants"
"1958","Gabon",1.78,"Imported Beer (0.33 Liter Bottle), Restaurants"
"1959","Gabon",1.48,"Soft Drink (Coca-Cola or Pepsi, 0.33 Liter Bottle), Restaurants"
"1960","Gabon",1.69,"Bottled Water (0.33 Liter), Restaurants"
"1961","Gabon",3.03,"Milk (Regular, 1 Liter), Markets"
"1962","Gabon",1.52,"Fresh White Bread (500 g Loaf), Markets"
"1963","Gabon",5.5,"Eggs (12, Large Size), Markets"
"1964","Gabon",9.32,"Local Cheese (1 kg), Markets"
"1965","Gabon",1.95,"Bottled Water (1.5 Liter), Markets"
"1966","Gabon",10.39,"Bottle of Wine (Mid-Range), Markets"
"1967","Gabon",0.89,"Domestic Beer (0.5 Liter Bottle), Markets"
"1968","Gabon",1.78,"Imported Beer (0.33 Liter Bottle), Markets"
"1969","Gabon",2.66,"Cigarettes (Pack of 20, Marlboro), Markets"
"1970","Gabon",8.88,"Chicken Fillets (1 kg), Markets"
"1971","Gabon",4.44,"Apples (1 kg), Markets"
"1972","Gabon",3.55,"Oranges (1 kg), Markets"
"1973","Gabon",3.55,"Potatoes (1 kg), Markets"
"1974","Gabon",3.55,"Lettuce (1 Head), Markets"
"1975","Gabon",8.88,"Cappuccino (Regular Size), Restaurants"
"1976","Gabon",4.35,"White Rice (1 kg), Markets"
"1977","Gabon",3.55,"Tomatoes (1 kg), Markets"
"1978","Gabon",4.44,"Bananas (1 kg), Markets"
"1979","Gabon",3.55,"Onions (1 kg), Markets"
"1980","Gabon",26.63,"Beef Round or Equivalent Back Leg Red Meat (1 kg), Markets"
"1981","Gambia",6.51,"Meal at an Inexpensive Restaurant, Restaurants"
"1982","Gambia",75.69,"Meal for Two at a Mid-Range Restaurant (Three Courses, Without Drinks), Restaurants"
"1983","Gambia",8.15,"Combo Meal at McDonald's (or Equivalent Fast-Food Meal), Restaurants"
"1984","Gambia",4.66,"Domestic Draft Beer (0.5 Liter), Restaurants"
"1985","Gambia",4.66,"Imported Beer (0.33 Liter Bottle), Restaurants"
"1986","Gambia",2.01,"Soft Drink (Coca-Cola or Pepsi, 0.33 Liter Bottle), Restaurants"
"1987","Gambia",1.22,"Bottled Water (0.33 Liter), Restaurants"
"1988","Gambia",1.42,"Milk (Regular, 1 Liter), Markets"
"1989","Gambia",0.71,"Fresh White Bread (500 g Loaf), Markets"
"1990","Gambia",2.12,"Eggs (12, Large Size), Markets"
"1991","Gambia",6.16,"Local Cheese (1 kg), Markets"
"1992","Gambia",0.4,"Bottled Water (1.5 Liter), Markets"
"1993","Gambia",6.76,"Bottle of Wine (Mid-Range), Markets"
"1994","Gambia",1.56,"Domestic Beer (0.5 Liter Bottle), Markets"
"1995","Gambia",1.63,"Imported Beer (0.33 Liter Bottle), Markets"
"1996","Gambia",1.71,"Cigarettes (Pack of 20, Marlboro), Markets"
"1997","Gambia",8.77,"Chicken Fillets (1 kg), Markets"
"1998","Gambia",2.05,"Apples (1 kg), Markets"
"1999","Gambia",2.05,"Oranges (1 kg), Markets"
"2000","Gambia",1.01,"Potatoes (1 kg), Markets"
"2001","Gambia",0.27,"Lettuce (1 Head), Markets"
"2002","Gambia",3.19,"Cappuccino (Regular Size), Restaurants"
"2003","Gambia",1.18,"White Rice (1 kg), Markets"
"2004","Gambia",1.83,"Tomatoes (1 kg), Markets"
"2005","Gambia",1.6,"Bananas (1 kg), Markets"
"2006","Gambia",0.96,"Onions (1 kg), Markets"
"2007","Gambia",5.65,"Beef Round or Equivalent Back Leg Red Meat (1 kg), Markets"
"2008","Georgia",11.11,"Meal at an Inexpensive Restaurant, Restaurants"
"2009","Georgia",33.33,"Meal for Two at a Mid-Range Restaurant (Three Courses, Without Drinks), Restaurants"
"2010","Georgia",8.52,"Combo Meal at McDonald's (or Equivalent Fast-Food Meal), Restaurants"
"2011","Georgia",1.85,"Domestic Draft Beer (0.5 Liter), Restaurants"
"2012","Georgia",2.96,"Imported Beer (0.33 Liter Bottle), Restaurants"
"2013","Georgia",0.82,"Soft Drink (Coca-Cola or Pepsi, 0.33 Liter Bottle), Restaurants"
"2014","Georgia",0.46,"Bottled Water (0.33 Liter), Restaurants"
"2015","Georgia",1.87,"Milk (Regular, 1 Liter), Markets"
"2016","Georgia",0.59,"Fresh White Bread (500 g Loaf), Markets"
"2017","Georgia",2.42,"Eggs (12, Large Size), Markets"
"2018","Georgia",7.43,"Local Cheese (1 kg), Markets"
"2019","Georgia",0.66,"Bottled Water (1.5 Liter), Markets"
"2020","Georgia",5.56,"Bottle of Wine (Mid-Range), Markets"
"2021","Georgia",1.5,"Domestic Beer (0.5 Liter Bottle), Markets"
"2022","Georgia",2.14,"Imported Beer (0.33 Liter Bottle), Markets"
"2023","Georgia",2.96,"Cigarettes (Pack of 20, Marlboro), Markets"
"2024","Georgia",5.77,"Chicken Fillets (1 kg), Markets"
"2025","Georgia",1.19,"Apples (1 kg), Markets"
"2026","Georgia",1.68,"Oranges (1 kg), Markets"
"2027","Georgia",0.67,"Potatoes (1 kg), Markets"
"2028","Georgia",1.31,"Lettuce (1 Head), Markets"
"2029","Georgia",2.8,"Cappuccino (Regular Size), Restaurants"
"2030","Georgia",1.64,"White Rice (1 kg), Markets"
"2031","Georgia",1.77,"Tomatoes (1 kg), Markets"
"2032","Georgia",1.61,"Bananas (1 kg), Markets"
"2033","Georgia",0.62,"Onions (1 kg), Markets"
"2034","Georgia",9.73,"Beef Round or Equivalent Back Leg Red Meat (1 kg), Markets"
"2035","Germany",17.47,"Meal at an Inexpensive Restaurant, Restaurants"
"2036","Germany",75.69,"Meal for Two at a Mid-Range Restaurant (Three Courses, Without Drinks), Restaurants"
"2037","Germany",11.64,"Combo Meal at McDonald's (or Equivalent Fast-Food Meal), Restaurants"
"2038","Germany",5.24,"Domestic Draft Beer (0.5 Liter), Restaurants"
"2039","Germany",4.66,"Imported Beer (0.33 Liter Bottle), Restaurants"
"2040","Germany",3.42,"Soft Drink (Coca-Cola or Pepsi, 0.33 Liter Bottle), Restaurants"
"2041","Germany",3,"Bottled Water (0.33 Liter), Restaurants"
"2042","Germany",1.3,"Milk (Regular, 1 Liter), Markets"
"2043","Germany",2.23,"Fresh White Bread (500 g Loaf), Markets"
"2044","Germany",3.86,"Eggs (12, Large Size), Markets"
"2045","Germany",14.99,"Local Cheese (1 kg), Markets"
"2046","Germany",1.11,"Bottled Water (1.5 Liter), Markets"
"2047","Germany",6.98,"Bottle of Wine (Mid-Range), Markets"
"2048","Germany",1.08,"Domestic Beer (0.5 Liter Bottle), Markets"
"2049","Germany",1.58,"Imported Beer (0.33 Liter Bottle), Markets"
"2050","Germany",10.13,"Cigarettes (Pack of 20, Marlboro), Markets"
"2051","Germany",12.81,"Chicken Fillets (1 kg), Markets"
"2052","Germany",3.4,"Apples (1 kg), Markets"
"2053","Germany",2.3,"Oranges (1 kg), Markets"
"2054","Germany",1.57,"Potatoes (1 kg), Markets"
"2055","Germany",1.83,"Lettuce (1 Head), Markets"
"2056","Germany",4.13,"Cappuccino (Regular Size), Restaurants"
"2057","Germany",3.5,"White Rice (1 kg), Markets"
"2058","Germany",4.87,"Tomatoes (1 kg), Markets"
"2059","Germany",2,"Bananas (1 kg), Markets"
"2060","Germany",1.46,"Onions (1 kg), Markets"
"2061","Germany",20.72,"Beef Round or Equivalent Back Leg Red Meat (1 kg), Markets"
"2062","Ghana",6,"Meal at an Inexpensive Restaurant, Restaurants"
"2063","Ghana",45,"Meal for Two at a Mid-Range Restaurant (Three Courses, Without Drinks), Restaurants"
"2064","Ghana",8,"Combo Meal at McDonald's (or Equivalent Fast-Food Meal), Restaurants"
"2065","Ghana",1.49,"Domestic Draft Beer (0.5 Liter), Restaurants"
"2066","Ghana",2.5,"Imported Beer (0.33 Liter Bottle), Restaurants"
"2067","Ghana",0.97,"Soft Drink (Coca-Cola or Pepsi, 0.33 Liter Bottle), Restaurants"
"2068","Ghana",0.41,"Bottled Water (0.33 Liter), Restaurants"
"2069","Ghana",3.06,"Milk (Regular, 1 Liter), Markets"
"2070","Ghana",1.5,"Fresh White Bread (500 g Loaf), Markets"
"2071","Ghana",2.39,"Eggs (12, Large Size), Markets"
"2072","Ghana",8.6,"Local Cheese (1 kg), Markets"
"2073","Ghana",0.54,"Bottled Water (1.5 Liter), Markets"
"2074","Ghana",5.95,"Bottle of Wine (Mid-Range), Markets"
"2075","Ghana",1.24,"Domestic Beer (0.5 Liter Bottle), Markets"
"2076","Ghana",2.18,"Imported Beer (0.33 Liter Bottle), Markets"
"2077","Ghana",1.6,"Cigarettes (Pack of 20, Marlboro), Markets"
"2078","Ghana",5.33,"Chicken Fillets (1 kg), Markets"
"2079","Ghana",2.82,"Apples (1 kg), Markets"
"2080","Ghana",1.61,"Oranges (1 kg), Markets"
"2081","Ghana",2.85,"Potatoes (1 kg), Markets"
"2082","Ghana",0.85,"Lettuce (1 Head), Markets"
"2083","Ghana",3.43,"Cappuccino (Regular Size), Restaurants"
"2084","Ghana",2.44,"White Rice (1 kg), Markets"
"2085","Ghana",2.73,"Tomatoes (1 kg), Markets"
"2086","Ghana",1.43,"Bananas (1 kg), Markets"
"2087","Ghana",2.06,"Onions (1 kg), Markets"
"2088","Ghana",5.77,"Beef Round or Equivalent Back Leg Red Meat (1 kg), Markets"
"2089","Gibraltar",19.99,"Meal at an Inexpensive Restaurant, Restaurants"
"2090","Gibraltar",106.61,"Meal for Two at a Mid-Range Restaurant (Three Courses, Without Drinks), Restaurants"
"2091","Gibraltar",15.32,"Combo Meal at McDonald's (or Equivalent Fast-Food Meal), Restaurants"
"2092","Gibraltar",5.33,"Domestic Draft Beer (0.5 Liter), Restaurants"
"2093","Gibraltar",4.66,"Imported Beer (0.33 Liter Bottle), Restaurants"
"2094","Gibraltar",2.01,"Soft Drink (Coca-Cola or Pepsi, 0.33 Liter Bottle), Restaurants"
"2095","Gibraltar",2,"Bottled Water (0.33 Liter), Restaurants"
"2096","Gibraltar",1.87,"Milk (Regular, 1 Liter), Markets"
"2097","Gibraltar",2.16,"Fresh White Bread (500 g Loaf), Markets"
"2098","Gibraltar",5.45,"Eggs (12, Large Size), Markets"
"2099","Gibraltar",9.76,"Local Cheese (1 kg), Markets"
"2100","Gibraltar",1.28,"Bottled Water (1.5 Liter), Markets"
"2101","Gibraltar",11.33,"Bottle of Wine (Mid-Range), Markets"
"2102","Gibraltar",2.65,"Domestic Beer (0.5 Liter Bottle), Markets"
"2103","Gibraltar",2.75,"Imported Beer (0.33 Liter Bottle), Markets"
"2104","Gibraltar",5.13,"Cigarettes (Pack of 20, Marlboro), Markets"
"2105","Gibraltar",7.16,"Chicken Fillets (1 kg), Markets"
"2106","Gibraltar",3.83,"Apples (1 kg), Markets"
"2107","Gibraltar",4.33,"Oranges (1 kg), Markets"
"2108","Gibraltar",3.01,"Potatoes (1 kg), Markets"
"2109","Gibraltar",1.83,"Lettuce (1 Head), Markets"
"2110","Gibraltar",3.66,"Cappuccino (Regular Size), Restaurants"
"2111","Gibraltar",3.8,"White Rice (1 kg), Markets"
"2112","Gibraltar",3.56,"Tomatoes (1 kg), Markets"
"2113","Gibraltar",3.33,"Bananas (1 kg), Markets"
"2114","Gibraltar",2.38,"Onions (1 kg), Markets"
"2115","Gibraltar",14.83,"Beef Round or Equivalent Back Leg Red Meat (1 kg), Markets"
"2116","Greece",17.47,"Meal at an Inexpensive Restaurant, Restaurants"
"2117","Greece",58.22,"Meal for Two at a Mid-Range Restaurant (Three Courses, Without Drinks), Restaurants"
"2118","Greece",10.48,"Combo Meal at McDonald's (or Equivalent Fast-Food Meal), Restaurants"
"2119","Greece",5.82,"Domestic Draft Beer (0.5 Liter), Restaurants"
"2120","Greece",5.82,"Imported Beer (0.33 Liter Bottle), Restaurants"
"2121","Greece",2.4,"Soft Drink (Coca-Cola or Pepsi, 0.33 Liter Bottle), Restaurants"
"2122","Greece",0.61,"Bottled Water (0.33 Liter), Restaurants"
"2123","Greece",1.75,"Milk (Regular, 1 Liter), Markets"
"2124","Greece",1.44,"Fresh White Bread (500 g Loaf), Markets"
"2125","Greece",4.51,"Eggs (12, Large Size), Markets"
"2126","Greece",14.12,"Local Cheese (1 kg), Markets"
"2127","Greece",0.91,"Bottled Water (1.5 Liter), Markets"
"2128","Greece",9.32,"Bottle of Wine (Mid-Range), Markets"
"2129","Greece",2,"Domestic Beer (0.5 Liter Bottle), Markets"
"2130","Greece",3,"Imported Beer (0.33 Liter Bottle), Markets"
"2131","Greece",5.59,"Cigarettes (Pack of 20, Marlboro), Markets"
"2132","Greece",10.55,"Chicken Fillets (1 kg), Markets"
"2133","Greece",2.14,"Apples (1 kg), Markets"
"2134","Greece",1.52,"Oranges (1 kg), Markets"
"2135","Greece",1.28,"Potatoes (1 kg), Markets"
"2136","Greece",1.06,"Lettuce (1 Head), Markets"
"2137","Greece",4,"Cappuccino (Regular Size), Restaurants"
"2138","Greece",2.61,"White Rice (1 kg), Markets"
"2139","Greece",2.17,"Tomatoes (1 kg), Markets"
"2140","Greece",2.1,"Bananas (1 kg), Markets"
"2141","Greece",1.21,"Onions (1 kg), Markets"
"2142","Greece",14.92,"Beef Round or Equivalent Back Leg Red Meat (1 kg), Markets"
"2143","Greenland",18.71,"Meal at an Inexpensive Restaurant, Restaurants"
"2144","Greenland",109.14,"Meal for Two at a Mid-Range Restaurant (Three Courses, Without Drinks), Restaurants"
"2145","Greenland",15.65,"Combo Meal at McDonald's (or Equivalent Fast-Food Meal), Restaurants"
"2146","Greenland",10.91,"Domestic Draft Beer (0.5 Liter), Restaurants"
"2147","Greenland",8.38,"Imported Beer (0.33 Liter Bottle), Restaurants"
"2148","Greenland",2.45,"Soft Drink (Coca-Cola or Pepsi, 0.33 Liter Bottle), Restaurants"
"2149","Greenland",3,"Bottled Water (0.33 Liter), Restaurants"
"2150","Greenland",2.75,"Milk (Regular, 1 Liter), Markets"
"2151","Greenland",3.99,"Fresh White Bread (500 g Loaf), Markets"
"2152","Greenland",5.18,"Eggs (12, Large Size), Markets"
"2153","Greenland",38.61,"Local Cheese (1 kg), Markets"
"2154","Greenland",3.12,"Bottled Water (1.5 Liter), Markets"
"2155","Greenland",23.39,"Bottle of Wine (Mid-Range), Markets"
"2156","Greenland",6.18,"Domestic Beer (0.5 Liter Bottle), Markets"
"2157","Greenland",4.17,"Imported Beer (0.33 Liter Bottle), Markets"
"2158","Greenland",14.03,"Cigarettes (Pack of 20, Marlboro), Markets"
"2159","Greenland",27.57,"Chicken Fillets (1 kg), Markets"
"2160","Greenland",5.19,"Apples (1 kg), Markets"
"2161","Greenland",5.66,"Oranges (1 kg), Markets"
"2162","Greenland",3.83,"Potatoes (1 kg), Markets"
"2163","Greenland",6.52,"Lettuce (1 Head), Markets"
"2164","Greenland",6.22,"Cappuccino (Regular Size), Restaurants"
"2165","Greenland",5.06,"White Rice (1 kg), Markets"
"2166","Greenland",4.51,"Tomatoes (1 kg), Markets"
"2167","Greenland",4.82,"Bananas (1 kg), Markets"
"2168","Greenland",4.37,"Onions (1 kg), Markets"
"2169","Greenland",25.23,"Beef Round or Equivalent Back Leg Red Meat (1 kg), Markets"
"2170","Grenada",11.1,"Meal at an Inexpensive Restaurant, Restaurants"
"2171","Grenada",79.55,"Meal for Two at a Mid-Range Restaurant (Three Courses, Without Drinks), Restaurants"
"2172","Grenada",11.1,"Combo Meal at McDonald's (or Equivalent Fast-Food Meal), Restaurants"
"2173","Grenada",1.85,"Domestic Draft Beer (0.5 Liter), Restaurants"
"2174","Grenada",2.96,"Imported Beer (0.33 Liter Bottle), Restaurants"
"2175","Grenada",1.75,"Soft Drink (Coca-Cola or Pepsi, 0.33 Liter Bottle), Restaurants"
"2176","Grenada",1.37,"Bottled Water (0.33 Liter), Restaurants"
"2177","Grenada",3.89,"Milk (Regular, 1 Liter), Markets"
"2178","Grenada",1.8,"Fresh White Bread (500 g Loaf), Markets"
"2179","Grenada",4.39,"Eggs (12, Large Size), Markets"
"2180","Grenada",11.02,"Local Cheese (1 kg), Markets"
"2181","Grenada",2.31,"Bottled Water (1.5 Liter), Markets"
"2182","Grenada",10.36,"Bottle of Wine (Mid-Range), Markets"
"2183","Grenada",1.85,"Domestic Beer (0.5 Liter Bottle), Markets"
"2184","Grenada",2.36,"Imported Beer (0.33 Liter Bottle), Markets"
"2185","Grenada",5.55,"Cigarettes (Pack of 20, Marlboro), Markets"
"2186","Grenada",7.24,"Chicken Fillets (1 kg), Markets"
"2187","Grenada",10.09,"Apples (1 kg), Markets"
"2188","Grenada",2.39,"Oranges (1 kg), Markets"
"2189","Grenada",2.33,"Potatoes (1 kg), Markets"
"2190","Grenada",1.7,"Lettuce (1 Head), Markets"
"2191","Grenada",3.77,"Cappuccino (Regular Size), Restaurants"
"2192","Grenada",2.02,"White Rice (1 kg), Markets"
"2193","Grenada",5.58,"Tomatoes (1 kg), Markets"
"2194","Grenada",2.39,"Bananas (1 kg), Markets"
"2195","Grenada",2.03,"Onions (1 kg), Markets"
"2196","Grenada",15.6,"Beef Round or Equivalent Back Leg Red Meat (1 kg), Markets"
"2197","Guadeloupe",23.29,"Meal at an Inexpensive Restaurant, Restaurants"
"2198","Guadeloupe",87.34,"Meal for Two at a Mid-Range Restaurant (Three Courses, Without Drinks), Restaurants"
"2199","Guadeloupe",15.14,"Combo Meal at McDonald's (or Equivalent Fast-Food Meal), Restaurants"
"2200","Guadeloupe",8.15,"Domestic Draft Beer (0.5 Liter), Restaurants"
"2201","Guadeloupe",2.33,"Soft Drink (Coca-Cola or Pepsi, 0.33 Liter Bottle), Restaurants"
"2202","Guadeloupe",1.16,"Bottled Water (0.33 Liter), Restaurants"
"2203","Guadeloupe",1.55,"Milk (Regular, 1 Liter), Markets"
"2204","Guadeloupe",5.74,"Fresh White Bread (500 g Loaf), Markets"
"2205","Guadeloupe",7.86,"Eggs (12, Large Size), Markets"
"2206","Guadeloupe",12.55,"Local Cheese (1 kg), Markets"
"2207","Guadeloupe",1.25,"Bottled Water (1.5 Liter), Markets"
"2208","Guadeloupe",13.97,"Bottle of Wine (Mid-Range), Markets"
"2209","Guadeloupe",2.78,"Domestic Beer (0.5 Liter Bottle), Markets"
"2210","Guadeloupe",1.84,"Imported Beer (0.33 Liter Bottle), Markets"
"2211","Guadeloupe",12.23,"Cigarettes (Pack of 20, Marlboro), Markets"
"2212","Guadeloupe",16.9,"Chicken Fillets (1 kg), Markets"
"2213","Guadeloupe",5.01,"Apples (1 kg), Markets"
"2214","Guadeloupe",4.96,"Oranges (1 kg), Markets"
"2215","Guadeloupe",2.1,"Potatoes (1 kg), Markets"
"2216","Guadeloupe",4.07,"Lettuce (1 Head), Markets"
"2217","Guadeloupe",6.75,"White Rice (1 kg), Markets"
"2218","Guadeloupe",6.4,"Tomatoes (1 kg), Markets"
"2219","Guadeloupe",2.67,"Bananas (1 kg), Markets"
"2220","Guadeloupe",2.03,"Onions (1 kg), Markets"
"2221","Guadeloupe",29.65,"Beef Round or Equivalent Back Leg Red Meat (1 kg), Markets"
"2222","Guam",20,"Meal at an Inexpensive Restaurant, Restaurants"
"2223","Guam",75,"Meal for Two at a Mid-Range Restaurant (Three Courses, Without Drinks), Restaurants"
"2224","Guam",12,"Combo Meal at McDonald's (or Equivalent Fast-Food Meal), Restaurants"
"2225","Guam",6,"Domestic Draft Beer (0.5 Liter), Restaurants"
"2226","Guam",8,"Imported Beer (0.33 Liter Bottle), Restaurants"
"2227","Guam",1.96,"Soft Drink (Coca-Cola or Pepsi, 0.33 Liter Bottle), Restaurants"
"2228","Guam",1.42,"Bottled Water (0.33 Liter), Restaurants"
"2229","Guam",3.31,"Milk (Regular, 1 Liter), Markets"
"2230","Guam",6.24,"Fresh White Bread (500 g Loaf), Markets"
"2231","Guam",6.68,"Eggs (12, Large Size), Markets"
"2232","Guam",26.45,"Local Cheese (1 kg), Markets"
"2233","Guam",2.17,"Bottled Water (1.5 Liter), Markets"
"2234","Guam",14,"Bottle of Wine (Mid-Range), Markets"
"2235","Guam",2.45,"Domestic Beer (0.5 Liter Bottle), Markets"
"2236","Guam",3.56,"Imported Beer (0.33 Liter Bottle), Markets"
"2237","Guam",9.49,"Cigarettes (Pack of 20, Marlboro), Markets"
"2238","Guam",11.49,"Chicken Fillets (1 kg), Markets"
"2239","Guam",8.09,"Apples (1 kg), Markets"
"2240","Guam",8.67,"Oranges (1 kg), Markets"
"2241","Guam",4.87,"Potatoes (1 kg), Markets"
"2242","Guam",3.5,"Lettuce (1 Head), Markets"
"2243","Guam",5.54,"Cappuccino (Regular Size), Restaurants"
"2244","Guam",2.57,"White Rice (1 kg), Markets"
"2245","Guam",7.48,"Tomatoes (1 kg), Markets"
"2246","Guam",3.12,"Bananas (1 kg), Markets"
"2247","Guam",4.64,"Onions (1 kg), Markets"
"2248","Guam",18,"Beef Round or Equivalent Back Leg Red Meat (1 kg), Markets"
"2249","Guatemala",5.87,"Meal at an Inexpensive Restaurant, Restaurants"
"2250","Guatemala",51.23,"Meal for Two at a Mid-Range Restaurant (Three Courses, Without Drinks), Restaurants"
"2251","Guatemala",7.18,"Combo Meal at McDonald's (or Equivalent Fast-Food Meal), Restaurants"
"2252","Guatemala",3.26,"Domestic Draft Beer (0.5 Liter), Restaurants"
"2253","Guatemala",5.22,"Imported Beer (0.33 Liter Bottle), Restaurants"
"2254","Guatemala",1.25,"Soft Drink (Coca-Cola or Pepsi, 0.33 Liter Bottle), Restaurants"
"2255","Guatemala",1.01,"Bottled Water (0.33 Liter), Restaurants"
"2256","Guatemala",2.02,"Milk (Regular, 1 Liter), Markets"
"2257","Guatemala",2.58,"Fresh White Bread (500 g Loaf), Markets"
"2258","Guatemala",2.32,"Eggs (12, Large Size), Markets"
"2259","Guatemala",7.69,"Local Cheese (1 kg), Markets"
"2260","Guatemala",1.14,"Bottled Water (1.5 Liter), Markets"
"2261","Guatemala",7.83,"Bottle of Wine (Mid-Range), Markets"
"2262","Guatemala",2.08,"Domestic Beer (0.5 Liter Bottle), Markets"
"2263","Guatemala",2.9,"Imported Beer (0.33 Liter Bottle), Markets"
"2264","Guatemala",3.92,"Cigarettes (Pack of 20, Marlboro), Markets"
"2265","Guatemala",8.12,"Chicken Fillets (1 kg), Markets"
"2266","Guatemala",3.88,"Apples (1 kg), Markets"
"2267","Guatemala",3.24,"Oranges (1 kg), Markets"
"2268","Guatemala",1.59,"Potatoes (1 kg), Markets"
"2269","Guatemala",0.81,"Lettuce (1 Head), Markets"
"2270","Guatemala",3.55,"Cappuccino (Regular Size), Restaurants"
"2271","Guatemala",1.8,"White Rice (1 kg), Markets"
"2272","Guatemala",1.51,"Tomatoes (1 kg), Markets"
"2273","Guatemala",1.8,"Bananas (1 kg), Markets"
"2274","Guatemala",1.88,"Onions (1 kg), Markets"
"2275","Guatemala",10.23,"Beef Round or Equivalent Back Leg Red Meat (1 kg), Markets"
"2276","Guernsey",19.99,"Meal at an Inexpensive Restaurant, Restaurants"
"2277","Guernsey",83.29,"Meal for Two at a Mid-Range Restaurant (Three Courses, Without Drinks), Restaurants"
"2278","Guernsey",9.31,"Combo Meal at McDonald's (or Equivalent Fast-Food Meal), Restaurants"
"2279","Guernsey",6.66,"Domestic Draft Beer (0.5 Liter), Restaurants"
"2280","Guernsey",6.66,"Imported Beer (0.33 Liter Bottle), Restaurants"
"2281","Guernsey",2.81,"Soft Drink (Coca-Cola or Pepsi, 0.33 Liter Bottle), Restaurants"
"2282","Guernsey",2.09,"Bottled Water (0.33 Liter), Restaurants"
"2283","Guernsey",2.36,"Milk (Regular, 1 Liter), Markets"
"2284","Guernsey",2.29,"Fresh White Bread (500 g Loaf), Markets"
"2285","Guernsey",5.51,"Eggs (12, Large Size), Markets"
"2286","Guernsey",12.79,"Local Cheese (1 kg), Markets"
"2287","Guernsey",2.04,"Bottled Water (1.5 Liter), Markets"
"2288","Guernsey",10.99,"Bottle of Wine (Mid-Range), Markets"
"2289","Guernsey",2.79,"Domestic Beer (0.5 Liter Bottle), Markets"
"2290","Guernsey",2.22,"Imported Beer (0.33 Liter Bottle), Markets"
"2291","Guernsey",13.23,"Cigarettes (Pack of 20, Marlboro), Markets"
"2292","Guernsey",12.12,"Chicken Fillets (1 kg), Markets"
"2293","Guernsey",5.9,"Apples (1 kg), Markets"
"2294","Guernsey",4.79,"Oranges (1 kg), Markets"
"2295","Guernsey",2.79,"Potatoes (1 kg), Markets"
"2296","Guernsey",2.67,"Lettuce (1 Head), Markets"
"2297","Guernsey",4.61,"Cappuccino (Regular Size), Restaurants"
"2298","Guernsey",2.7,"White Rice (1 kg), Markets"
"2299","Guernsey",4.8,"Tomatoes (1 kg), Markets"
"2300","Guernsey",3.61,"Bananas (1 kg), Markets"
"2301","Guernsey",3.11,"Onions (1 kg), Markets"
"2302","Guernsey",16.66,"Beef Round or Equivalent Back Leg Red Meat (1 kg), Markets"
"2303","Guinea",6.43,"Meal at an Inexpensive Restaurant, Restaurants"
"2304","Guinea",31,"Meal for Two at a Mid-Range Restaurant (Three Courses, Without Drinks), Restaurants"
"2305","Guinea",10.77,"Combo Meal at McDonald's (or Equivalent Fast-Food Meal), Restaurants"
"2306","Guinea",2.5,"Domestic Draft Beer (0.5 Liter), Restaurants"
"2307","Guinea",4.05,"Imported Beer (0.33 Liter Bottle), Restaurants"
"2308","Guinea",1.62,"Soft Drink (Coca-Cola or Pepsi, 0.33 Liter Bottle), Restaurants"
"2309","Guinea",1.2,"Bottled Water (0.33 Liter), Restaurants"
"2310","Guinea",2.17,"Milk (Regular, 1 Liter), Markets"
"2311","Guinea",1.53,"Fresh White Bread (500 g Loaf), Markets"
"2312","Guinea",3.95,"Eggs (12, Large Size), Markets"
"2313","Guinea",18.56,"Local Cheese (1 kg), Markets"
"2314","Guinea",1.08,"Bottled Water (1.5 Liter), Markets"
"2315","Guinea",11,"Bottle of Wine (Mid-Range), Markets"
"2316","Guinea",1.58,"Domestic Beer (0.5 Liter Bottle), Markets"
"2317","Guinea",1.75,"Imported Beer (0.33 Liter Bottle), Markets"
"2318","Guinea",1.16,"Cigarettes (Pack of 20, Marlboro), Markets"
"2319","Guinea",6.25,"Chicken Fillets (1 kg), Markets"
"2320","Guinea",2.48,"Apples (1 kg), Markets"
"2321","Guinea",2.57,"Oranges (1 kg), Markets"
"2322","Guinea",1.9,"Potatoes (1 kg), Markets"
"2323","Guinea",1.05,"Lettuce (1 Head), Markets"
"2324","Guinea",3.32,"Cappuccino (Regular Size), Restaurants"
"2325","Guinea",1.5,"White Rice (1 kg), Markets"
"2326","Guinea",2.67,"Tomatoes (1 kg), Markets"
"2327","Guinea",2.44,"Bananas (1 kg), Markets"
"2328","Guinea",1.9,"Onions (1 kg), Markets"
"2329","Guinea",10.05,"Beef Round or Equivalent Back Leg Red Meat (1 kg), Markets"
"2330","Guinea-Bissau",5.33,"Meal at an Inexpensive Restaurant, Restaurants"
"2331","Guinea-Bissau",26.63,"Meal for Two at a Mid-Range Restaurant (Three Courses, Without Drinks), Restaurants"
"2332","Guinea-Bissau",9.42,"Combo Meal at McDonald's (or Equivalent Fast-Food Meal), Restaurants"
"2333","Guinea-Bissau",0.71,"Domestic Draft Beer (0.5 Liter), Restaurants"
"2334","Guinea-Bissau",1.07,"Soft Drink (Coca-Cola or Pepsi, 0.33 Liter Bottle), Restaurants"
"2335","Guinea-Bissau",0.89,"Bottled Water (0.33 Liter), Restaurants"
"2336","Guinea-Bissau",1.78,"Milk (Regular, 1 Liter), Markets"
"2337","Guinea-Bissau",0.98,"Fresh White Bread (500 g Loaf), Markets"
"2338","Guinea-Bissau",5.33,"Eggs (12, Large Size), Markets"
"2339","Guinea-Bissau",14.54,"Local Cheese (1 kg), Markets"
"2340","Guinea-Bissau",1.33,"Bottled Water (1.5 Liter), Markets"
"2341","Guinea-Bissau",7.1,"Bottle of Wine (Mid-Range), Markets"
"2342","Guinea-Bissau",1.34,"Domestic Beer (0.5 Liter Bottle), Markets"
"2343","Guinea-Bissau",0.89,"Imported Beer (0.33 Liter Bottle), Markets"
"2344","Guinea-Bissau",14.2,"Chicken Fillets (1 kg), Markets"
"2345","Guinea-Bissau",4.44,"Apples (1 kg), Markets"
"2346","Guinea-Bissau",4.44,"Oranges (1 kg), Markets"
"2347","Guinea-Bissau",1.42,"Potatoes (1 kg), Markets"
"2348","Guinea-Bissau",1.78,"Cappuccino (Regular Size), Restaurants"
"2349","Guinea-Bissau",2.13,"White Rice (1 kg), Markets"
"2350","Guinea-Bissau",0.18,"Tomatoes (1 kg), Markets"
"2351","Guinea-Bissau",1.07,"Bananas (1 kg), Markets"
"2352","Guinea-Bissau",1.42,"Onions (1 kg), Markets"
"2353","Guinea-Bissau",14.2,"Beef Round or Equivalent Back Leg Red Meat (1 kg), Markets"
"2354","Guyana",11.95,"Meal at an Inexpensive Restaurant, Restaurants"
"2355","Guyana",71.68,"Meal for Two at a Mid-Range Restaurant (Three Courses, Without Drinks), Restaurants"
"2356","Guyana",8.6,"Combo Meal at McDonald's (or Equivalent Fast-Food Meal), Restaurants"
"2357","Guyana",2.03,"Domestic Draft Beer (0.5 Liter), Restaurants"
"2358","Guyana",2.39,"Imported Beer (0.33 Liter Bottle), Restaurants"
"2359","Guyana",1.22,"Soft Drink (Coca-Cola or Pepsi, 0.33 Liter Bottle), Restaurants"
"2360","Guyana",0.69,"Bottled Water (0.33 Liter), Restaurants"
"2361","Guyana",3.48,"Milk (Regular, 1 Liter), Markets"
"2362","Guyana",2.04,"Fresh White Bread (500 g Loaf), Markets"
"2363","Guyana",3.76,"Eggs (12, Large Size), Markets"
"2364","Guyana",12.8,"Local Cheese (1 kg), Markets"
"2365","Guyana",1.6,"Bottled Water (1.5 Liter), Markets"
"2366","Guyana",14.67,"Bottle of Wine (Mid-Range), Markets"
"2367","Guyana",1.76,"Domestic Beer (0.5 Liter Bottle), Markets"
"2368","Guyana",2.69,"Imported Beer (0.33 Liter Bottle), Markets"
"2369","Guyana",2.44,"Cigarettes (Pack of 20, Marlboro), Markets"
"2370","Guyana",7.96,"Chicken Fillets (1 kg), Markets"
"2371","Guyana",7.19,"Apples (1 kg), Markets"
"2372","Guyana",3.71,"Oranges (1 kg), Markets"
"2373","Guyana",2.57,"Potatoes (1 kg), Markets"
"2374","Guyana",2.02,"Lettuce (1 Head), Markets"
"2375","Guyana",5.35,"Cappuccino (Regular Size), Restaurants"
"2376","Guyana",2.17,"White Rice (1 kg), Markets"
"2377","Guyana",5.77,"Tomatoes (1 kg), Markets"
"2378","Guyana",3.12,"Bananas (1 kg), Markets"
"2379","Guyana",3.22,"Onions (1 kg), Markets"
"2380","Guyana",9.52,"Beef Round or Equivalent Back Leg Red Meat (1 kg), Markets"
"2381","Haiti",14.56,"Meal at an Inexpensive Restaurant, Restaurants"
"2382","Haiti",91.98,"Meal for Two at a Mid-Range Restaurant (Three Courses, Without Drinks), Restaurants"
"2383","Haiti",9.63,"Combo Meal at McDonald's (or Equivalent Fast-Food Meal), Restaurants"
"2384","Haiti",6.33,"Domestic Draft Beer (0.5 Liter), Restaurants"
"2385","Haiti",8.1,"Imported Beer (0.33 Liter Bottle), Restaurants"
"2386","Haiti",2.31,"Soft Drink (Coca-Cola or Pepsi, 0.33 Liter Bottle), Restaurants"
"2387","Haiti",1.52,"Bottled Water (0.33 Liter), Restaurants"
"2388","Haiti",1.84,"Milk (Regular, 1 Liter), Markets"
"2389","Haiti",2.45,"Fresh White Bread (500 g Loaf), Markets"
"2390","Haiti",3.01,"Eggs (12, Large Size), Markets"
"2391","Haiti",8.19,"Local Cheese (1 kg), Markets"
"2392","Haiti",1.37,"Bottled Water (1.5 Liter), Markets"
"2393","Haiti",11.49,"Bottle of Wine (Mid-Range), Markets"
"2394","Haiti",1.4,"Domestic Beer (0.5 Liter Bottle), Markets"
"2395","Haiti",1.9,"Imported Beer (0.33 Liter Bottle), Markets"
"2396","Haiti",4.3,"Cigarettes (Pack of 20, Marlboro), Markets"
"2397","Haiti",9.12,"Chicken Fillets (1 kg), Markets"
"2398","Haiti",3.56,"Apples (1 kg), Markets"
"2399","Haiti",0.9,"Oranges (1 kg), Markets"
"2400","Haiti",6.71,"Potatoes (1 kg), Markets"
"2401","Haiti",0.94,"Lettuce (1 Head), Markets"
"2402","Haiti",2.26,"Cappuccino (Regular Size), Restaurants"
"2403","Haiti",3.06,"White Rice (1 kg), Markets"
"2404","Haiti",1.86,"Tomatoes (1 kg), Markets"
"2405","Haiti",1.54,"Bananas (1 kg), Markets"
"2406","Haiti",2.03,"Onions (1 kg), Markets"
"2407","Haiti",11,"Beef Round or Equivalent Back Leg Red Meat (1 kg), Markets"
"2408","Honduras",7.61,"Meal at an Inexpensive Restaurant, Restaurants"
"2409","Honduras",38.04,"Meal for Two at a Mid-Range Restaurant (Three Courses, Without Drinks), Restaurants"
"2410","Honduras",8.06,"Combo Meal at McDonald's (or Equivalent Fast-Food Meal), Restaurants"
"2411","Honduras",1.9,"Domestic Draft Beer (0.5 Liter), Restaurants"
"2412","Honduras",3.33,"Imported Beer (0.33 Liter Bottle), Restaurants"
"2413","Honduras",1.07,"Soft Drink (Coca-Cola or Pepsi, 0.33 Liter Bottle), Restaurants"
"2414","Honduras",0.9,"Bottled Water (0.33 Liter), Restaurants"
"2415","Honduras",1.46,"Milk (Regular, 1 Liter), Markets"
"2416","Honduras",1.99,"Fresh White Bread (500 g Loaf), Markets"
"2417","Honduras",1.94,"Eggs (12, Large Size), Markets"
"2418","Honduras",7.34,"Local Cheese (1 kg), Markets"
"2419","Honduras",1.26,"Bottled Water (1.5 Liter), Markets"
"2420","Honduras",9.75,"Bottle of Wine (Mid-Range), Markets"
"2421","Honduras",1.2,"Domestic Beer (0.5 Liter Bottle), Markets"
"2422","Honduras",1.52,"Imported Beer (0.33 Liter Bottle), Markets"
"2423","Honduras",2.83,"Cigarettes (Pack of 20, Marlboro), Markets"
"2424","Honduras",5.89,"Chicken Fillets (1 kg), Markets"
"2425","Honduras",3.15,"Apples (1 kg), Markets"
"2426","Honduras",2.77,"Oranges (1 kg), Markets"
"2427","Honduras",1.97,"Potatoes (1 kg), Markets"
"2428","Honduras",0.96,"Lettuce (1 Head), Markets"
"2429","Honduras",2.61,"Cappuccino (Regular Size), Restaurants"
"2430","Honduras",1.57,"White Rice (1 kg), Markets"
"2431","Honduras",1.59,"Tomatoes (1 kg), Markets"
"2432","Honduras",1.24,"Bananas (1 kg), Markets"
"2433","Honduras",1.87,"Onions (1 kg), Markets"
"2434","Honduras",10.79,"Beef Round or Equivalent Back Leg Red Meat (1 kg), Markets"
"2435","Hong Kong (China)",8.74,"Meal at an Inexpensive Restaurant, Restaurants"
"2436","Hong Kong (China)",70.66,"Meal for Two at a Mid-Range Restaurant (Three Courses, Without Drinks), Restaurants"
"2437","Hong Kong (China)",6.42,"Combo Meal at McDonald's (or Equivalent Fast-Food Meal), Restaurants"
"2438","Hong Kong (China)",6.42,"Domestic Draft Beer (0.5 Liter), Restaurants"
"2439","Hong Kong (China)",6.42,"Imported Beer (0.33 Liter Bottle), Restaurants"
"2440","Hong Kong (China)",1.29,"Soft Drink (Coca-Cola or Pepsi, 0.33 Liter Bottle), Restaurants"
"2441","Hong Kong (China)",1.07,"Bottled Water (0.33 Liter), Restaurants"
"2442","Hong Kong (China)",3.14,"Milk (Regular, 1 Liter), Markets"
"2443","Hong Kong (China)",2.1,"Fresh White Bread (500 g Loaf), Markets"
"2444","Hong Kong (China)",3.74,"Eggs (12, Large Size), Markets"
"2445","Hong Kong (China)",24.66,"Local Cheese (1 kg), Markets"
"2446","Hong Kong (China)",1.9,"Bottled Water (1.5 Liter), Markets"
"2447","Hong Kong (China)",15.42,"Bottle of Wine (Mid-Range), Markets"
"2448","Hong Kong (China)",1.92,"Domestic Beer (0.5 Liter Bottle), Markets"
"2449","Hong Kong (China)",2.43,"Imported Beer (0.33 Liter Bottle), Markets"
"2450","Hong Kong (China)",13.1,"Cigarettes (Pack of 20, Marlboro), Markets"
"2451","Hong Kong (China)",10.52,"Chicken Fillets (1 kg), Markets"
"2452","Hong Kong (China)",3.58,"Apples (1 kg), Markets"
"2453","Hong Kong (China)",3.9,"Oranges (1 kg), Markets"
"2454","Hong Kong (China)",2.42,"Potatoes (1 kg), Markets"
"2455","Hong Kong (China)",1.64,"Lettuce (1 Head), Markets"
"2456","Hong Kong (China)",5.12,"Cappuccino (Regular Size), Restaurants"
"2457","Hong Kong (China)",2.02,"White Rice (1 kg), Markets"
"2458","Hong Kong (China)",3.09,"Tomatoes (1 kg), Markets"
"2459","Hong Kong (China)",2.26,"Bananas (1 kg), Markets"
"2460","Hong Kong (China)",2.33,"Onions (1 kg), Markets"
"2461","Hong Kong (China)",20.68,"Beef Round or Equivalent Back Leg Red Meat (1 kg), Markets"
"2462","Hungary",11.64,"Meal at an Inexpensive Restaurant, Restaurants"
"2463","Hungary",57.78,"Meal for Two at a Mid-Range Restaurant (Three Courses, Without Drinks), Restaurants"
"2464","Hungary",9.12,"Combo Meal at McDonald's (or Equivalent Fast-Food Meal), Restaurants"
"2465","Hungary",2.43,"Domestic Draft Beer (0.5 Liter), Restaurants"
"2466","Hungary",2.74,"Imported Beer (0.33 Liter Bottle), Restaurants"
"2467","Hungary",1.64,"Soft Drink (Coca-Cola or Pepsi, 0.33 Liter Bottle), Restaurants"
"2468","Hungary",1.25,"Bottled Water (0.33 Liter), Restaurants"
"2469","Hungary",1.2,"Milk (Regular, 1 Liter), Markets"
"2470","Hungary",1.54,"Fresh White Bread (500 g Loaf), Markets"
"2471","Hungary",3.28,"Eggs (12, Large Size), Markets"
"2472","Hungary",10.13,"Local Cheese (1 kg), Markets"
"2473","Hungary",0.55,"Bottled Water (1.5 Liter), Markets"
"2474","Hungary",4.87,"Bottle of Wine (Mid-Range), Markets"
"2475","Hungary",1.22,"Domestic Beer (0.5 Liter Bottle), Markets"
"2476","Hungary",1.84,"Imported Beer (0.33 Liter Bottle), Markets"
"2477","Hungary",7.3,"Cigarettes (Pack of 20, Marlboro), Markets"
"2478","Hungary",6.53,"Chicken Fillets (1 kg), Markets"
"2479","Hungary",2.03,"Apples (1 kg), Markets"
"2480","Hungary",2.18,"Oranges (1 kg), Markets"
"2481","Hungary",1.12,"Potatoes (1 kg), Markets"
"2482","Hungary",1.51,"Lettuce (1 Head), Markets"
"2483","Hungary",2.52,"Cappuccino (Regular Size), Restaurants"
"2484","Hungary",2.33,"White Rice (1 kg), Markets"
"2485","Hungary",3.37,"Tomatoes (1 kg), Markets"
"2486","Hungary",2.08,"Bananas (1 kg), Markets"
"2487","Hungary",1.32,"Onions (1 kg), Markets"
"2488","Hungary",14.16,"Beef Round or Equivalent Back Leg Red Meat (1 kg), Markets"
"2489","Iceland",25.79,"Meal at an Inexpensive Restaurant, Restaurants"
"2490","Iceland",125.05,"Meal for Two at a Mid-Range Restaurant (Three Courses, Without Drinks), Restaurants"
"2491","Iceland",21.49,"Combo Meal at McDonald's (or Equivalent Fast-Food Meal), Restaurants"
"2492","Iceland",11.72,"Domestic Draft Beer (0.5 Liter), Restaurants"
"2493","Iceland",11.72,"Imported Beer (0.33 Liter Bottle), Restaurants"
"2494","Iceland",3.13,"Soft Drink (Coca-Cola or Pepsi, 0.33 Liter Bottle), Restaurants"
"2495","Iceland",2.65,"Bottled Water (0.33 Liter), Restaurants"
"2496","Iceland",1.88,"Milk (Regular, 1 Liter), Markets"
"2497","Iceland",4.03,"Fresh White Bread (500 g Loaf), Markets"
"2498","Iceland",6.42,"Eggs (12, Large Size), Markets"
"2499","Iceland",19.1,"Local Cheese (1 kg), Markets"
"2500","Iceland",2.07,"Bottled Water (1.5 Liter), Markets"
"2501","Iceland",23.45,"Bottle of Wine (Mid-Range), Markets"
"2502","Iceland",3.7,"Domestic Beer (0.5 Liter Bottle), Markets"
"2503","Iceland",3.26,"Imported Beer (0.33 Liter Bottle), Markets"
"2504","Iceland",13.29,"Cigarettes (Pack of 20, Marlboro), Markets"
"2505","Iceland",24.46,"Chicken Fillets (1 kg), Markets"
"2506","Iceland",3.21,"Apples (1 kg), Markets"
"2507","Iceland",3.02,"Oranges (1 kg), Markets"
"2508","Iceland",3.37,"Potatoes (1 kg), Markets"
"2509","Iceland",2.79,"Lettuce (1 Head), Markets"
"2510","Iceland",5.75,"Cappuccino (Regular Size), Restaurants"
"2511","Iceland",3.43,"White Rice (1 kg), Markets"
"2512","Iceland",5.04,"Tomatoes (1 kg), Markets"
"2513","Iceland",2.47,"Bananas (1 kg), Markets"
"2514","Iceland",2.11,"Onions (1 kg), Markets"
"2515","Iceland",42.75,"Beef Round or Equivalent Back Leg Red Meat (1 kg), Markets"
"2516","India",2.23,"Meal at an Inexpensive Restaurant, Restaurants"
"2517","India",13.36,"Meal for Two at a Mid-Range Restaurant (Three Courses, Without Drinks), Restaurants"
"2518","India",3.9,"Combo Meal at McDonald's (or Equivalent Fast-Food Meal), Restaurants"
"2519","India",1.95,"Domestic Draft Beer (0.5 Liter), Restaurants"
"2520","India",3.34,"Imported Beer (0.33 Liter Bottle), Restaurants"
"2521","India",0.41,"Soft Drink (Coca-Cola or Pepsi, 0.33 Liter Bottle), Restaurants"
"2522","India",0.16,"Bottled Water (0.33 Liter), Restaurants"
"2523","India",0.68,"Milk (Regular, 1 Liter), Markets"
"2524","India",0.49,"Fresh White Bread (500 g Loaf), Markets"
"2525","India",0.93,"Eggs (12, Large Size), Markets"
"2526","India",4.98,"Local Cheese (1 kg), Markets"
"2527","India",0.32,"Bottled Water (1.5 Liter), Markets"
"2528","India",8.1,"Bottle of Wine (Mid-Range), Markets"
"2529","India",1.79,"Domestic Beer (0.5 Liter Bottle), Markets"
"2530","India",2.84,"Imported Beer (0.33 Liter Bottle), Markets"
"2531","India",3.9,"Cigarettes (Pack of 20, Marlboro), Markets"
"2532","India",2.97,"Chicken Fillets (1 kg), Markets"
"2533","India",2.05,"Apples (1 kg), Markets"
"2534","India",1.05,"Oranges (1 kg), Markets"
"2535","India",0.38,"Potatoes (1 kg), Markets"
"2536","India",0.5,"Lettuce (1 Head), Markets"
"2537","India",1.79,"Cappuccino (Regular Size), Restaurants"
"2538","India",0.68,"White Rice (1 kg), Markets"
"2539","India",0.5,"Tomatoes (1 kg), Markets"
"2540","India",0.7,"Bananas (1 kg), Markets"
"2541","India",0.43,"Onions (1 kg), Markets"
"2542","India",5.51,"Beef Round or Equivalent Back Leg Red Meat (1 kg), Markets"
"2543","Indonesia",1.8,"Meal at an Inexpensive Restaurant, Restaurants"
"2544","Indonesia",15.01,"Meal for Two at a Mid-Range Restaurant (Three Courses, Without Drinks), Restaurants"
"2545","Indonesia",3.3,"Combo Meal at McDonald's (or Equivalent Fast-Food Meal), Restaurants"
"2546","Indonesia",2.4,"Domestic Draft Beer (0.5 Liter), Restaurants"
"2547","Indonesia",3.6,"Imported Beer (0.33 Liter Bottle), Restaurants"
"2548","Indonesia",0.54,"Soft Drink (Coca-Cola or Pepsi, 0.33 Liter Bottle), Restaurants"
"2549","Indonesia",0.27,"Bottled Water (0.33 Liter), Restaurants"
"2550","Indonesia",1.26,"Milk (Regular, 1 Liter), Markets"
"2551","Indonesia",1.2,"Fresh White Bread (500 g Loaf), Markets"
"2552","Indonesia",1.54,"Eggs (12, Large Size), Markets"
"2553","Indonesia",8.68,"Local Cheese (1 kg), Markets"
"2554","Indonesia",0.44,"Bottled Water (1.5 Liter), Markets"
"2555","Indonesia",18.01,"Bottle of Wine (Mid-Range), Markets"
"2556","Indonesia",2.13,"Domestic Beer (0.5 Liter Bottle), Markets"
"2557","Indonesia",3.18,"Imported Beer (0.33 Liter Bottle), Markets"
"2558","Indonesia",2.58,"Cigarettes (Pack of 20, Marlboro), Markets"
"2559","Indonesia",3.24,"Chicken Fillets (1 kg), Markets"
"2560","Indonesia",2.62,"Apples (1 kg), Markets"
"2561","Indonesia",1.87,"Oranges (1 kg), Markets"
"2562","Indonesia",1.4,"Potatoes (1 kg), Markets"
"2563","Indonesia",0.87,"Lettuce (1 Head), Markets"
"2564","Indonesia",1.7,"Cappuccino (Regular Size), Restaurants"
"2565","Indonesia",0.91,"White Rice (1 kg), Markets"
"2566","Indonesia",1.37,"Tomatoes (1 kg), Markets"
"2567","Indonesia",1.45,"Bananas (1 kg), Markets"
"2568","Indonesia",2.16,"Onions (1 kg), Markets"
"2569","Indonesia",7.88,"Beef Round or Equivalent Back Leg Red Meat (1 kg), Markets"
"2570","Iran",3.34,"Meal at an Inexpensive Restaurant, Restaurants"
"2571","Iran",18,"Meal for Two at a Mid-Range Restaurant (Three Courses, Without Drinks), Restaurants"
"2572","Iran",4,"Combo Meal at McDonald's (or Equivalent Fast-Food Meal), Restaurants"
"2573","Iran",0.78,"Domestic Draft Beer (0.5 Liter), Restaurants"
"2574","Iran",1.1,"Imported Beer (0.33 Liter Bottle), Restaurants"
"2575","Iran",0.58,"Soft Drink (Coca-Cola or Pepsi, 0.33 Liter Bottle), Restaurants"
"2576","Iran",0.92,"Bottled Water (0.33 Liter), Restaurants"
"2577","Iran",0.63,"Milk (Regular, 1 Liter), Markets"
"2578","Iran",0.49,"Fresh White Bread (500 g Loaf), Markets"
"2579","Iran",1.11,"Eggs (12, Large Size), Markets"
"2580","Iran",3.93,"Local Cheese (1 kg), Markets"
"2581","Iran",0.25,"Bottled Water (1.5 Liter), Markets"
"2582","Iran",0.8,"Bottle of Wine (Mid-Range), Markets"
"2583","Iran",0.54,"Domestic Beer (0.5 Liter Bottle), Markets"
"2584","Iran",1.37,"Imported Beer (0.33 Liter Bottle), Markets"
"2585","Iran",2.15,"Cigarettes (Pack of 20, Marlboro), Markets"
"2586","Iran",2.86,"Chicken Fillets (1 kg), Markets"
"2587","Iran",0.91,"Apples (1 kg), Markets"
"2588","Iran",0.89,"Oranges (1 kg), Markets"
"2589","Iran",0.54,"Potatoes (1 kg), Markets"
"2590","Iran",0.54,"Lettuce (1 Head), Markets"
"2591","Iran",1.13,"Cappuccino (Regular Size), Restaurants"
"2592","Iran",2.25,"White Rice (1 kg), Markets"
"2593","Iran",0.6,"Tomatoes (1 kg), Markets"
"2594","Iran",1.42,"Bananas (1 kg), Markets"
"2595","Iran",0.51,"Onions (1 kg), Markets"
"2596","Iran",9.31,"Beef Round or Equivalent Back Leg Red Meat (1 kg), Markets"
"2597","Iraq",4.58,"Meal at an Inexpensive Restaurant, Restaurants"
"2598","Iraq",22.9,"Meal for Two at a Mid-Range Restaurant (Three Courses, Without Drinks), Restaurants"
"2599","Iraq",6.87,"Combo Meal at McDonald's (or Equivalent Fast-Food Meal), Restaurants"
"2600","Iraq",2.29,"Domestic Draft Beer (0.5 Liter), Restaurants"
"2601","Iraq",2.86,"Imported Beer (0.33 Liter Bottle), Restaurants"
"2602","Iraq",0.4,"Soft Drink (Coca-Cola or Pepsi, 0.33 Liter Bottle), Restaurants"
"2603","Iraq",0.2,"Bottled Water (0.33 Liter), Restaurants"
"2604","Iraq",1.22,"Milk (Regular, 1 Liter), Markets"
"2605","Iraq",0.82,"Fresh White Bread (500 g Loaf), Markets"
"2606","Iraq",1.74,"Eggs (12, Large Size), Markets"
"2607","Iraq",4.85,"Local Cheese (1 kg), Markets"
"2608","Iraq",0.55,"Bottled Water (1.5 Liter), Markets"
"2609","Iraq",11.91,"Bottle of Wine (Mid-Range), Markets"
"2610","Iraq",1.88,"Domestic Beer (0.5 Liter Bottle), Markets"
"2611","Iraq",2.26,"Imported Beer (0.33 Liter Bottle), Markets"
"2612","Iraq",1.91,"Cigarettes (Pack of 20, Marlboro), Markets"
"2613","Iraq",4.2,"Chicken Fillets (1 kg), Markets"
"2614","Iraq",1.03,"Apples (1 kg), Markets"
"2615","Iraq",0.98,"Oranges (1 kg), Markets"
"2616","Iraq",0.64,"Potatoes (1 kg), Markets"
"2617","Iraq",0.63,"Lettuce (1 Head), Markets"
"2618","Iraq",2.42,"Cappuccino (Regular Size), Restaurants"
"2619","Iraq",1.55,"White Rice (1 kg), Markets"
"2620","Iraq",0.67,"Tomatoes (1 kg), Markets"
"2621","Iraq",1.13,"Bananas (1 kg), Markets"
"2622","Iraq",0.63,"Onions (1 kg), Markets"
"2623","Iraq",12.65,"Beef Round or Equivalent Back Leg Red Meat (1 kg), Markets"
"2624","Ireland",20.96,"Meal at an Inexpensive Restaurant, Restaurants"
"2625","Ireland",93.16,"Meal for Two at a Mid-Range Restaurant (Three Courses, Without Drinks), Restaurants"
"2626","Ireland",11.64,"Combo Meal at McDonald's (or Equivalent Fast-Food Meal), Restaurants"
"2627","Ireland",6.99,"Domestic Draft Beer (0.5 Liter), Restaurants"
"2628","Ireland",6.52,"Imported Beer (0.33 Liter Bottle), Restaurants"
"2629","Ireland",2.82,"Soft Drink (Coca-Cola or Pepsi, 0.33 Liter Bottle), Restaurants"
"2630","Ireland",2.2,"Bottled Water (0.33 Liter), Restaurants"
"2631","Ireland",1.61,"Milk (Regular, 1 Liter), Markets"
"2632","Ireland",2.19,"Fresh White Bread (500 g Loaf), Markets"
"2633","Ireland",4.27,"Eggs (12, Large Size), Markets"
"2634","Ireland",11.66,"Local Cheese (1 kg), Markets"
"2635","Ireland",2,"Bottled Water (1.5 Liter), Markets"
"2636","Ireland",13.97,"Bottle of Wine (Mid-Range), Markets"
"2637","Ireland",3.51,"Domestic Beer (0.5 Liter Bottle), Markets"
"2638","Ireland",3.8,"Imported Beer (0.33 Liter Bottle), Markets"
"2639","Ireland",20.38,"Cigarettes (Pack of 20, Marlboro), Markets"
"2640","Ireland",11.67,"Chicken Fillets (1 kg), Markets"
"2641","Ireland",3.12,"Apples (1 kg), Markets"
"2642","Ireland",3.16,"Oranges (1 kg), Markets"
"2643","Ireland",2.13,"Potatoes (1 kg), Markets"
"2644","Ireland",1.39,"Lettuce (1 Head), Markets"
"2645","Ireland",4.44,"Cappuccino (Regular Size), Restaurants"
"2646","Ireland",2.01,"White Rice (1 kg), Markets"
"2647","Ireland",4.61,"Tomatoes (1 kg), Markets"
"2648","Ireland",2.24,"Bananas (1 kg), Markets"
"2649","Ireland",1.55,"Onions (1 kg), Markets"
"2650","Ireland",13.56,"Beef Round or Equivalent Back Leg Red Meat (1 kg), Markets"
"2651","Isle Of Man",29.32,"Meal at an Inexpensive Restaurant, Restaurants"
"2652","Isle Of Man",113.27,"Meal for Two at a Mid-Range Restaurant (Three Courses, Without Drinks), Restaurants"
"2653","Isle Of Man",10.66,"Combo Meal at McDonald's (or Equivalent Fast-Food Meal), Restaurants"
"2654","Isle Of Man",6.53,"Domestic Draft Beer (0.5 Liter), Restaurants"
"2655","Isle Of Man",6,"Imported Beer (0.33 Liter Bottle), Restaurants"
"2656","Isle Of Man",2.6,"Soft Drink (Coca-Cola or Pepsi, 0.33 Liter Bottle), Restaurants"
"2657","Isle Of Man",1.92,"Bottled Water (0.33 Liter), Restaurants"
"2658","Isle Of Man",2.1,"Milk (Regular, 1 Liter), Markets"
"2659","Isle Of Man",2.47,"Fresh White Bread (500 g Loaf), Markets"
"2660","Isle Of Man",5.12,"Eggs (12, Large Size), Markets"
"2661","Isle Of Man",7.08,"Local Cheese (1 kg), Markets"
"2662","Isle Of Man",2.65,"Bottled Water (1.5 Liter), Markets"
"2663","Isle Of Man",12.66,"Bottle of Wine (Mid-Range), Markets"
"2664","Isle Of Man",4.47,"Domestic Beer (0.5 Liter Bottle), Markets"
"2665","Isle Of Man",4.3,"Imported Beer (0.33 Liter Bottle), Markets"
"2666","Isle Of Man",22.65,"Cigarettes (Pack of 20, Marlboro), Markets"
"2667","Isle Of Man",8.42,"Chicken Fillets (1 kg), Markets"
"2668","Isle Of Man",2.78,"Apples (1 kg), Markets"
"2669","Isle Of Man",2.83,"Oranges (1 kg), Markets"
"2670","Isle Of Man",3,"Potatoes (1 kg), Markets"
"2671","Isle Of Man",1.89,"Lettuce (1 Head), Markets"
"2672","Isle Of Man",5.31,"Cappuccino (Regular Size), Restaurants"
"2673","Isle Of Man",2.26,"White Rice (1 kg), Markets"
"2674","Isle Of Man",2.58,"Tomatoes (1 kg), Markets"
"2675","Isle Of Man",1.99,"Bananas (1 kg), Markets"
"2676","Isle Of Man",2.67,"Onions (1 kg), Markets"
"2677","Isle Of Man",10.37,"Beef Round or Equivalent Back Leg Red Meat (1 kg), Markets"
"2678","Israel",24.68,"Meal at an Inexpensive Restaurant, Restaurants"
"2679","Israel",92.54,"Meal for Two at a Mid-Range Restaurant (Three Courses, Without Drinks), Restaurants"
"2680","Israel",18.51,"Combo Meal at McDonald's (or Equivalent Fast-Food Meal), Restaurants"
"2681","Israel",9.87,"Domestic Draft Beer (0.5 Liter), Restaurants"
"2682","Israel",9.25,"Imported Beer (0.33 Liter Bottle), Restaurants"
"2683","Israel",3.16,"Soft Drink (Coca-Cola or Pepsi, 0.33 Liter Bottle), Restaurants"
"2684","Israel",2.54,"Bottled Water (0.33 Liter), Restaurants"
"2685","Israel",2.19,"Milk (Regular, 1 Liter), Markets"
"2686","Israel",2.97,"Fresh White Bread (500 g Loaf), Markets"
"2687","Israel",4.52,"Eggs (12, Large Size), Markets"
"2688","Israel",17.19,"Local Cheese (1 kg), Markets"
"2689","Israel",1.61,"Bottled Water (1.5 Liter), Markets"
"2690","Israel",13.88,"Bottle of Wine (Mid-Range), Markets"
"2691","Israel",3.07,"Domestic Beer (0.5 Liter Bottle), Markets"
"2692","Israel",3.63,"Imported Beer (0.33 Liter Bottle), Markets"
"2693","Israel",12.34,"Cigarettes (Pack of 20, Marlboro), Markets"
"2694","Israel",12.44,"Chicken Fillets (1 kg), Markets"
"2695","Israel",3.84,"Apples (1 kg), Markets"
"2696","Israel",2.18,"Oranges (1 kg), Markets"
"2697","Israel",1.78,"Potatoes (1 kg), Markets"
"2698","Israel",2.22,"Lettuce (1 Head), Markets"
"2699","Israel",4.47,"Cappuccino (Regular Size), Restaurants"
"2700","Israel",3.21,"White Rice (1 kg), Markets"
"2701","Israel",2.69,"Tomatoes (1 kg), Markets"
"2702","Israel",2.61,"Bananas (1 kg), Markets"
"2703","Israel",1.78,"Onions (1 kg), Markets"
"2704","Israel",22.14,"Beef Round or Equivalent Back Leg Red Meat (1 kg), Markets"
"2705","Italy",17.76,"Meal at an Inexpensive Restaurant, Restaurants"
"2706","Italy",81.51,"Meal for Two at a Mid-Range Restaurant (Three Courses, Without Drinks), Restaurants"
"2707","Italy",11.64,"Combo Meal at McDonald's (or Equivalent Fast-Food Meal), Restaurants"
"2708","Italy",5.82,"Domestic Draft Beer (0.5 Liter), Restaurants"
"2709","Italy",5.24,"Imported Beer (0.33 Liter Bottle), Restaurants"
"2710","Italy",3.03,"Soft Drink (Coca-Cola or Pepsi, 0.33 Liter Bottle), Restaurants"
"2711","Italy",1.4,"Bottled Water (0.33 Liter), Restaurants"
"2712","Italy",1.66,"Milk (Regular, 1 Liter), Markets"
"2713","Italy",2.38,"Fresh White Bread (500 g Loaf), Markets"
"2714","Italy",4.15,"Eggs (12, Large Size), Markets"
"2715","Italy",16.95,"Local Cheese (1 kg), Markets"
"2716","Italy",0.52,"Bottled Water (1.5 Liter), Markets"
"2717","Italy",6.99,"Bottle of Wine (Mid-Range), Markets"
"2718","Italy",1.83,"Domestic Beer (0.5 Liter Bottle), Markets"
"2719","Italy",2.48,"Imported Beer (0.33 Liter Bottle), Markets"
"2720","Italy",6.99,"Cigarettes (Pack of 20, Marlboro), Markets"
"2721","Italy",12.5,"Chicken Fillets (1 kg), Markets"
"2722","Italy",2.57,"Apples (1 kg), Markets"
"2723","Italy",2.7,"Oranges (1 kg), Markets"
"2724","Italy",2.02,"Potatoes (1 kg), Markets"
"2725","Italy",1.56,"Lettuce (1 Head), Markets"
"2726","Italy",2.01,"Cappuccino (Regular Size), Restaurants"
"2727","Italy",3.04,"White Rice (1 kg), Markets"
"2728","Italy",3.36,"Tomatoes (1 kg), Markets"
"2729","Italy",2.2,"Bananas (1 kg), Markets"
"2730","Italy",1.9,"Onions (1 kg), Markets"
"2731","Italy",20.45,"Beef Round or Equivalent Back Leg Red Meat (1 kg), Markets"
"2732","Ivory Coast",3.55,"Meal at an Inexpensive Restaurant, Restaurants"
"2733","Ivory Coast",72.18,"Meal for Two at a Mid-Range Restaurant (Three Courses, Without Drinks), Restaurants"
"2734","Ivory Coast",10.65,"Combo Meal at McDonald's (or Equivalent Fast-Food Meal), Restaurants"
"2735","Ivory Coast",1.07,"Domestic Draft Beer (0.5 Liter), Restaurants"
"2736","Ivory Coast",1.78,"Imported Beer (0.33 Liter Bottle), Restaurants"
"2737","Ivory Coast",0.82,"Soft Drink (Coca-Cola or Pepsi, 0.33 Liter Bottle), Restaurants"
"2738","Ivory Coast",0.83,"Bottled Water (0.33 Liter), Restaurants"
"2739","Ivory Coast",2.26,"Milk (Regular, 1 Liter), Markets"
"2740","Ivory Coast",0.46,"Fresh White Bread (500 g Loaf), Markets"
"2741","Ivory Coast",2.23,"Eggs (12, Large Size), Markets"
"2742","Ivory Coast",17.75,"Local Cheese (1 kg), Markets"
"2743","Ivory Coast",0.89,"Bottled Water (1.5 Liter), Markets"
"2744","Ivory Coast",6.66,"Bottle of Wine (Mid-Range), Markets"
"2745","Ivory Coast",1.12,"Domestic Beer (0.5 Liter Bottle), Markets"
"2746","Ivory Coast",1.29,"Imported Beer (0.33 Liter Bottle), Markets"
"2747","Ivory Coast",1.78,"Cigarettes (Pack of 20, Marlboro), Markets"
"2748","Ivory Coast",6.85,"Chicken Fillets (1 kg), Markets"
"2749","Ivory Coast",3.83,"Apples (1 kg), Markets"
"2750","Ivory Coast",1.87,"Oranges (1 kg), Markets"
"2751","Ivory Coast",1.71,"Potatoes (1 kg), Markets"
"2752","Ivory Coast",0.7,"Lettuce (1 Head), Markets"
"2753","Ivory Coast",1.89,"Cappuccino (Regular Size), Restaurants"
"2754","Ivory Coast",1.11,"White Rice (1 kg), Markets"
"2755","Ivory Coast",2.07,"Tomatoes (1 kg), Markets"
"2756","Ivory Coast",1.06,"Bananas (1 kg), Markets"
"2757","Ivory Coast",1.72,"Onions (1 kg), Markets"
"2758","Ivory Coast",6.53,"Beef Round or Equivalent Back Leg Red Meat (1 kg), Markets"
"2759","Jamaica",9.36,"Meal at an Inexpensive Restaurant, Restaurants"
"2760","Jamaica",62.38,"Meal for Two at a Mid-Range Restaurant (Three Courses, Without Drinks), Restaurants"
"2761","Jamaica",8.11,"Combo Meal at McDonald's (or Equivalent Fast-Food Meal), Restaurants"
"2762","Jamaica",2.5,"Domestic Draft Beer (0.5 Liter), Restaurants"
"2763","Jamaica",3.12,"Imported Beer (0.33 Liter Bottle), Restaurants"
"2764","Jamaica",1.32,"Soft Drink (Coca-Cola or Pepsi, 0.33 Liter Bottle), Restaurants"
"2765","Jamaica",0.79,"Bottled Water (0.33 Liter), Restaurants"
"2766","Jamaica",3.7,"Milk (Regular, 1 Liter), Markets"
"2767","Jamaica",3.05,"Fresh White Bread (500 g Loaf), Markets"
"2768","Jamaica",3.5,"Eggs (12, Large Size), Markets"
"2769","Jamaica",13.1,"Local Cheese (1 kg), Markets"
"2770","Jamaica",1.37,"Bottled Water (1.5 Liter), Markets"
"2771","Jamaica",11.85,"Bottle of Wine (Mid-Range), Markets"
"2772","Jamaica",2.66,"Domestic Beer (0.5 Liter Bottle), Markets"
"2773","Jamaica",3.11,"Imported Beer (0.33 Liter Bottle), Markets"
"2774","Jamaica",9.36,"Cigarettes (Pack of 20, Marlboro), Markets"
"2775","Jamaica",7.83,"Chicken Fillets (1 kg), Markets"
"2776","Jamaica",6.17,"Apples (1 kg), Markets"
"2777","Jamaica",4.54,"Oranges (1 kg), Markets"
"2778","Jamaica",2.31,"Potatoes (1 kg), Markets"
"2779","Jamaica",2.42,"Lettuce (1 Head), Markets"
"2780","Jamaica",4.24,"Cappuccino (Regular Size), Restaurants"
"2781","Jamaica",1.63,"White Rice (1 kg), Markets"
"2782","Jamaica",2.4,"Tomatoes (1 kg), Markets"
"2783","Jamaica",3.53,"Bananas (1 kg), Markets"
"2784","Jamaica",2.03,"Onions (1 kg), Markets"
"2785","Jamaica",7.66,"Beef Round or Equivalent Back Leg Red Meat (1 kg), Markets"
"2786","Japan",6.45,"Meal at an Inexpensive Restaurant, Restaurants"
"2787","Japan",32.25,"Meal for Two at a Mid-Range Restaurant (Three Courses, Without Drinks), Restaurants"
"2788","Japan",5.16,"Combo Meal at McDonald's (or Equivalent Fast-Food Meal), Restaurants"
"2789","Japan",3.22,"Domestic Draft Beer (0.5 Liter), Restaurants"
"2790","Japan",3.87,"Imported Beer (0.33 Liter Bottle), Restaurants"
"2791","Japan",1.04,"Soft Drink (Coca-Cola or Pepsi, 0.33 Liter Bottle), Restaurants"
"2792","Japan",0.75,"Bottled Water (0.33 Liter), Restaurants"
"2793","Japan",1.44,"Milk (Regular, 1 Liter), Markets"
"2794","Japan",1.41,"Fresh White Bread (500 g Loaf), Markets"
"2795","Japan",2.08,"Eggs (12, Large Size), Markets"
"2796","Japan",10.95,"Local Cheese (1 kg), Markets"
"2797","Japan",0.87,"Bottled Water (1.5 Liter), Markets"
"2798","Japan",7.74,"Bottle of Wine (Mid-Range), Markets"
"2799","Japan",2.03,"Domestic Beer (0.5 Liter Bottle), Markets"
"2800","Japan",2.71,"Imported Beer (0.33 Liter Bottle), Markets"
"2801","Japan",4,"Cigarettes (Pack of 20, Marlboro), Markets"
"2802","Japan",6.47,"Chicken Fillets (1 kg), Markets"
"2803","Japan",4.92,"Apples (1 kg), Markets"
"2804","Japan",4.27,"Oranges (1 kg), Markets"
"2805","Japan",2.64,"Potatoes (1 kg), Markets"
"2806","Japan",1.28,"Lettuce (1 Head), Markets"
"2807","Japan",3.09,"Cappuccino (Regular Size), Restaurants"
"2808","Japan",4.61,"White Rice (1 kg), Markets"
"2809","Japan",4.44,"Tomatoes (1 kg), Markets"
"2810","Japan",2.43,"Bananas (1 kg), Markets"
"2811","Japan",2.53,"Onions (1 kg), Markets"
"2812","Japan",18.18,"Beef Round or Equivalent Back Leg Red Meat (1 kg), Markets"
"2813","Jersey",36.65,"Meal at an Inexpensive Restaurant, Restaurants"
"2814","Jersey",119.93,"Meal for Two at a Mid-Range Restaurant (Three Courses, Without Drinks), Restaurants"
"2815","Jersey",10.66,"Combo Meal at McDonald's (or Equivalent Fast-Food Meal), Restaurants"
"2816","Jersey",7.66,"Domestic Draft Beer (0.5 Liter), Restaurants"
"2817","Jersey",6.66,"Imported Beer (0.33 Liter Bottle), Restaurants"
"2818","Jersey",3.33,"Soft Drink (Coca-Cola or Pepsi, 0.33 Liter Bottle), Restaurants"
"2819","Jersey",2.53,"Bottled Water (0.33 Liter), Restaurants"
"2820","Jersey",2.16,"Milk (Regular, 1 Liter), Markets"
"2821","Jersey",2.64,"Fresh White Bread (500 g Loaf), Markets"
"2822","Jersey",6.24,"Eggs (12, Large Size), Markets"
"2823","Jersey",6.75,"Local Cheese (1 kg), Markets"
"2824","Jersey",2.5,"Bottled Water (1.5 Liter), Markets"
"2825","Jersey",11.99,"Bottle of Wine (Mid-Range), Markets"
"2826","Jersey",4.44,"Domestic Beer (0.5 Liter Bottle), Markets"
"2827","Jersey",7.33,"Imported Beer (0.33 Liter Bottle), Markets"
"2828","Jersey",16.32,"Cigarettes (Pack of 20, Marlboro), Markets"
"2829","Jersey",11.99,"Chicken Fillets (1 kg), Markets"
"2830","Jersey",4.29,"Apples (1 kg), Markets"
"2831","Jersey",4.2,"Oranges (1 kg), Markets"
"2832","Jersey",3.88,"Potatoes (1 kg), Markets"
"2833","Jersey",1.99,"Lettuce (1 Head), Markets"
"2834","Jersey",4.81,"Cappuccino (Regular Size), Restaurants"
"2835","Jersey",3.51,"White Rice (1 kg), Markets"
"2836","Jersey",4.16,"Tomatoes (1 kg), Markets"
"2837","Jersey",3.16,"Bananas (1 kg), Markets"
"2838","Jersey",3.78,"Onions (1 kg), Markets"
"2839","Jersey",18.92,"Beef Round or Equivalent Back Leg Red Meat (1 kg), Markets"
"2840","Jordan",5.64,"Meal at an Inexpensive Restaurant, Restaurants"
"2841","Jordan",49.37,"Meal for Two at a Mid-Range Restaurant (Three Courses, Without Drinks), Restaurants"
"2842","Jordan",7.05,"Combo Meal at McDonald's (or Equivalent Fast-Food Meal), Restaurants"
"2843","Jordan",5.64,"Domestic Draft Beer (0.5 Liter), Restaurants"
"2844","Jordan",7.05,"Imported Beer (0.33 Liter Bottle), Restaurants"
"2845","Jordan",0.47,"Soft Drink (Coca-Cola or Pepsi, 0.33 Liter Bottle), Restaurants"
"2846","Jordan",0.36,"Bottled Water (0.33 Liter), Restaurants"
"2847","Jordan",1.45,"Milk (Regular, 1 Liter), Markets"
"2848","Jordan",0.53,"Fresh White Bread (500 g Loaf), Markets"
"2849","Jordan",2.16,"Eggs (12, Large Size), Markets"
"2850","Jordan",6.43,"Local Cheese (1 kg), Markets"
"2851","Jordan",0.59,"Bottled Water (1.5 Liter), Markets"
"2852","Jordan",21.16,"Bottle of Wine (Mid-Range), Markets"
"2853","Jordan",4.79,"Domestic Beer (0.5 Liter Bottle), Markets"
"2854","Jordan",5.31,"Imported Beer (0.33 Liter Bottle), Markets"
"2855","Jordan",3.53,"Cigarettes (Pack of 20, Marlboro), Markets"
"2856","Jordan",5.85,"Chicken Fillets (1 kg), Markets"
"2857","Jordan",1.9,"Apples (1 kg), Markets"
"2858","Jordan",1.31,"Oranges (1 kg), Markets"
"2859","Jordan",0.89,"Potatoes (1 kg), Markets"
"2860","Jordan",0.64,"Lettuce (1 Head), Markets"
"2861","Jordan",3.41,"Cappuccino (Regular Size), Restaurants"
"2862","Jordan",1.64,"White Rice (1 kg), Markets"
"2863","Jordan",0.75,"Tomatoes (1 kg), Markets"
"2864","Jordan",1.68,"Bananas (1 kg), Markets"
"2865","Jordan",0.73,"Onions (1 kg), Markets"
"2866","Jordan",11.74,"Beef Round or Equivalent Back Leg Red Meat (1 kg), Markets"
"2867","Kazakhstan",8.9,"Meal at an Inexpensive Restaurant, Restaurants"
"2868","Kazakhstan",31.65,"Meal for Two at a Mid-Range Restaurant (Three Courses, Without Drinks), Restaurants"
"2869","Kazakhstan",6.43,"Combo Meal at McDonald's (or Equivalent Fast-Food Meal), Restaurants"
"2870","Kazakhstan",1.24,"Domestic Draft Beer (0.5 Liter), Restaurants"
"2871","Kazakhstan",2.37,"Imported Beer (0.33 Liter Bottle), Restaurants"
"2872","Kazakhstan",0.98,"Soft Drink (Coca-Cola or Pepsi, 0.33 Liter Bottle), Restaurants"
"2873","Kazakhstan",0.56,"Bottled Water (0.33 Liter), Restaurants"
"2874","Kazakhstan",1.18,"Milk (Regular, 1 Liter), Markets"
"2875","Kazakhstan",0.44,"Fresh White Bread (500 g Loaf), Markets"
"2876","Kazakhstan",1.64,"Eggs (12, Large Size), Markets"
"2877","Kazakhstan",9.47,"Local Cheese (1 kg), Markets"
"2878","Kazakhstan",0.76,"Bottled Water (1.5 Liter), Markets"
"2879","Kazakhstan",7.52,"Bottle of Wine (Mid-Range), Markets"
"2880","Kazakhstan",0.95,"Domestic Beer (0.5 Liter Bottle), Markets"
"2881","Kazakhstan",1.8,"Imported Beer (0.33 Liter Bottle), Markets"
"2882","Kazakhstan",1.98,"Cigarettes (Pack of 20, Marlboro), Markets"
"2883","Kazakhstan",4.72,"Chicken Fillets (1 kg), Markets"
"2884","Kazakhstan",1.34,"Apples (1 kg), Markets"
"2885","Kazakhstan",1.99,"Oranges (1 kg), Markets"
"2886","Kazakhstan",0.62,"Potatoes (1 kg), Markets"
"2887","Kazakhstan",1.13,"Lettuce (1 Head), Markets"
"2888","Kazakhstan",2.15,"Cappuccino (Regular Size), Restaurants"
"2889","Kazakhstan",1.45,"White Rice (1 kg), Markets"
"2890","Kazakhstan",1.84,"Tomatoes (1 kg), Markets"
"2891","Kazakhstan",1.94,"Bananas (1 kg), Markets"
"2892","Kazakhstan",0.42,"Onions (1 kg), Markets"
"2893","Kazakhstan",7.55,"Beef Round or Equivalent Back Leg Red Meat (1 kg), Markets"
"2894","Kenya",3.86,"Meal at an Inexpensive Restaurant, Restaurants"
"2895","Kenya",30.89,"Meal for Two at a Mid-Range Restaurant (Three Courses, Without Drinks), Restaurants"
"2896","Kenya",6.95,"Combo Meal at McDonald's (or Equivalent Fast-Food Meal), Restaurants"
"2897","Kenya",2.32,"Domestic Draft Beer (0.5 Liter), Restaurants"
"2898","Kenya",2.7,"Imported Beer (0.33 Liter Bottle), Restaurants"
"2899","Kenya",0.61,"Soft Drink (Coca-Cola or Pepsi, 0.33 Liter Bottle), Restaurants"
"2900","Kenya",0.48,"Bottled Water (0.33 Liter), Restaurants"
"2901","Kenya",0.78,"Milk (Regular, 1 Liter), Markets"
"2902","Kenya",0.51,"Fresh White Bread (500 g Loaf), Markets"
"2903","Kenya",1.54,"Eggs (12, Large Size), Markets"
"2904","Kenya",9.9,"Local Cheese (1 kg), Markets"
"2905","Kenya",0.65,"Bottled Water (1.5 Liter), Markets"
"2906","Kenya",10.04,"Bottle of Wine (Mid-Range), Markets"
"2907","Kenya",2.06,"Domestic Beer (0.5 Liter Bottle), Markets"
"2908","Kenya",2.56,"Imported Beer (0.33 Liter Bottle), Markets"
"2909","Kenya",3.09,"Cigarettes (Pack of 20, Marlboro), Markets"
"2910","Kenya",6.42,"Chicken Fillets (1 kg), Markets"
"2911","Kenya",2.76,"Apples (1 kg), Markets"
"2912","Kenya",1.69,"Oranges (1 kg), Markets"
"2913","Kenya",0.82,"Potatoes (1 kg), Markets"
"2914","Kenya",0.69,"Lettuce (1 Head), Markets"
"2915","Kenya",2.23,"Cappuccino (Regular Size), Restaurants"
"2916","Kenya",1.41,"White Rice (1 kg), Markets"
"2917","Kenya",0.83,"Tomatoes (1 kg), Markets"
"2918","Kenya",1.01,"Bananas (1 kg), Markets"
"2919","Kenya",0.91,"Onions (1 kg), Markets"
"2920","Kenya",5.11,"Beef Round or Equivalent Back Leg Red Meat (1 kg), Markets"
"2921","Kiribati",4.99,"Meal at an Inexpensive Restaurant, Restaurants"
"2922","Kiribati",26.43,"Meal for Two at a Mid-Range Restaurant (Three Courses, Without Drinks), Restaurants"
"2923","Kiribati",9.91,"Combo Meal at McDonald's (or Equivalent Fast-Food Meal), Restaurants"
"2924","Kiribati",3.57,"Domestic Draft Beer (0.5 Liter), Restaurants"
"2925","Kiribati",5.95,"Imported Beer (0.33 Liter Bottle), Restaurants"
"2926","Kiribati",0.99,"Soft Drink (Coca-Cola or Pepsi, 0.33 Liter Bottle), Restaurants"
"2927","Kiribati",0.73,"Bottled Water (0.33 Liter), Restaurants"
"2928","Kiribati",2.18,"Milk (Regular, 1 Liter), Markets"
"2929","Kiribati",1.92,"Fresh White Bread (500 g Loaf), Markets"
"2930","Kiribati",6.34,"Eggs (12, Large Size), Markets"
"2931","Kiribati",16.52,"Local Cheese (1 kg), Markets"
"2932","Kiribati",0.35,"Bottled Water (1.5 Liter), Markets"
"2933","Kiribati",12.56,"Bottle of Wine (Mid-Range), Markets"
"2934","Kiribati",1.65,"Domestic Beer (0.5 Liter Bottle), Markets"
"2935","Kiribati",3.3,"Imported Beer (0.33 Liter Bottle), Markets"
"2936","Kiribati",5.95,"Cigarettes (Pack of 20, Marlboro), Markets"
"2937","Kiribati",5.62,"Chicken Fillets (1 kg), Markets"
"2938","Kiribati",6.41,"Apples (1 kg), Markets"
"2939","Kiribati",6.24,"Oranges (1 kg), Markets"
"2940","Kiribati",4.49,"Potatoes (1 kg), Markets"
"2941","Kiribati",3.35,"Lettuce (1 Head), Markets"
"2942","Kiribati",2.97,"Cappuccino (Regular Size), Restaurants"
"2943","Kiribati",1.39,"White Rice (1 kg), Markets"
"2944","Kiribati",5.76,"Tomatoes (1 kg), Markets"
"2945","Kiribati",3.3,"Bananas (1 kg), Markets"
"2946","Kiribati",3,"Onions (1 kg), Markets"
"2947","Kiribati",18.5,"Beef Round or Equivalent Back Leg Red Meat (1 kg), Markets"
"2948","Kosovo (Disputed Territory)",5.82,"Meal at an Inexpensive Restaurant, Restaurants"
"2949","Kosovo (Disputed Territory)",23.29,"Meal for Two at a Mid-Range Restaurant (Three Courses, Without Drinks), Restaurants"
"2950","Kosovo (Disputed Territory)",5.82,"Combo Meal at McDonald's (or Equivalent Fast-Food Meal), Restaurants"
"2951","Kosovo (Disputed Territory)",2.33,"Domestic Draft Beer (0.5 Liter), Restaurants"
"2952","Kosovo (Disputed Territory)",2.33,"Imported Beer (0.33 Liter Bottle), Restaurants"
"2953","Kosovo (Disputed Territory)",1.35,"Soft Drink (Coca-Cola or Pepsi, 0.33 Liter Bottle), Restaurants"
"2954","Kosovo (Disputed Territory)",1.01,"Bottled Water (0.33 Liter), Restaurants"
"2955","Kosovo (Disputed Territory)",1.35,"Milk (Regular, 1 Liter), Markets"
"2956","Kosovo (Disputed Territory)",0.63,"Fresh White Bread (500 g Loaf), Markets"
"2957","Kosovo (Disputed Territory)",1.62,"Eggs (12, Large Size), Markets"
"2958","Kosovo (Disputed Territory)",6.71,"Local Cheese (1 kg), Markets"
"2959","Kosovo (Disputed Territory)",0.56,"Bottled Water (1.5 Liter), Markets"
"2960","Kosovo (Disputed Territory)",5.82,"Bottle of Wine (Mid-Range), Markets"
"2961","Kosovo (Disputed Territory)",0.99,"Domestic Beer (0.5 Liter Bottle), Markets"
"2962","Kosovo (Disputed Territory)",1.29,"Imported Beer (0.33 Liter Bottle), Markets"
"2963","Kosovo (Disputed Territory)",3.49,"Cigarettes (Pack of 20, Marlboro), Markets"
"2964","Kosovo (Disputed Territory)",5.88,"Chicken Fillets (1 kg), Markets"
"2965","Kosovo (Disputed Territory)",1.25,"Apples (1 kg), Markets"
"2966","Kosovo (Disputed Territory)",1.44,"Oranges (1 kg), Markets"
"2967","Kosovo (Disputed Territory)",0.91,"Potatoes (1 kg), Markets"
"2968","Kosovo (Disputed Territory)",0.8,"Lettuce (1 Head), Markets"
"2969","Kosovo (Disputed Territory)",1.46,"Cappuccino (Regular Size), Restaurants"
"2970","Kosovo (Disputed Territory)",1.38,"White Rice (1 kg), Markets"
"2971","Kosovo (Disputed Territory)",1.18,"Tomatoes (1 kg), Markets"
"2972","Kosovo (Disputed Territory)",1.62,"Bananas (1 kg), Markets"
"2973","Kosovo (Disputed Territory)",0.87,"Onions (1 kg), Markets"
"2974","Kosovo (Disputed Territory)",11.06,"Beef Round or Equivalent Back Leg Red Meat (1 kg), Markets"
"2975","Kuwait",8.15,"Meal at an Inexpensive Restaurant, Restaurants"
"2976","Kuwait",52.15,"Meal for Two at a Mid-Range Restaurant (Three Courses, Without Drinks), Restaurants"
"2977","Kuwait",8.15,"Combo Meal at McDonald's (or Equivalent Fast-Food Meal), Restaurants"
"2978","Kuwait",2.93,"Domestic Draft Beer (0.5 Liter), Restaurants"
"2979","Kuwait",3.26,"Imported Beer (0.33 Liter Bottle), Restaurants"
"2980","Kuwait",0.51,"Soft Drink (Coca-Cola or Pepsi, 0.33 Liter Bottle), Restaurants"
"2981","Kuwait",0.36,"Bottled Water (0.33 Liter), Restaurants"
"2982","Kuwait",1.59,"Milk (Regular, 1 Liter), Markets"
"2983","Kuwait",1.13,"Fresh White Bread (500 g Loaf), Markets"
"2984","Kuwait",2.08,"Eggs (12, Large Size), Markets"
"2985","Kuwait",6.35,"Local Cheese (1 kg), Markets"
"2986","Kuwait",0.5,"Bottled Water (1.5 Liter), Markets"
"2987","Kuwait",3.26,"Bottle of Wine (Mid-Range), Markets"
"2988","Kuwait",1.26,"Domestic Beer (0.5 Liter Bottle), Markets"
"2989","Kuwait",1.74,"Imported Beer (0.33 Liter Bottle), Markets"
"2990","Kuwait",3.1,"Cigarettes (Pack of 20, Marlboro), Markets"
"2991","Kuwait",7.11,"Chicken Fillets (1 kg), Markets"
"2992","Kuwait",2.34,"Apples (1 kg), Markets"
"2993","Kuwait",1.75,"Oranges (1 kg), Markets"
"2994","Kuwait",1.38,"Potatoes (1 kg), Markets"
"2995","Kuwait",2.32,"Lettuce (1 Head), Markets"
"2996","Kuwait",5.14,"Cappuccino (Regular Size), Restaurants"
"2997","Kuwait",1.88,"White Rice (1 kg), Markets"
"2998","Kuwait",1.64,"Tomatoes (1 kg), Markets"
"2999","Kuwait",1.95,"Bananas (1 kg), Markets"
"3000","Kuwait",1.31,"Onions (1 kg), Markets"
"3001","Kuwait",10.26,"Beef Round or Equivalent Back Leg Red Meat (1 kg), Markets"
"3002","Kyrgyzstan",5.72,"Meal at an Inexpensive Restaurant, Restaurants"
"3003","Kyrgyzstan",22.87,"Meal for Two at a Mid-Range Restaurant (Three Courses, Without Drinks), Restaurants"
"3004","Kyrgyzstan",5.72,"Combo Meal at McDonald's (or Equivalent Fast-Food Meal), Restaurants"
"3005","Kyrgyzstan",1.37,"Domestic Draft Beer (0.5 Liter), Restaurants"
"3006","Kyrgyzstan",1.72,"Imported Beer (0.33 Liter Bottle), Restaurants"
"3007","Kyrgyzstan",0.7,"Soft Drink (Coca-Cola or Pepsi, 0.33 Liter Bottle), Restaurants"
"3008","Kyrgyzstan",0.34,"Bottled Water (0.33 Liter), Restaurants"
"3009","Kyrgyzstan",0.94,"Milk (Regular, 1 Liter), Markets"
"3010","Kyrgyzstan",0.41,"Fresh White Bread (500 g Loaf), Markets"
"3011","Kyrgyzstan",1.66,"Eggs (12, Large Size), Markets"
"3012","Kyrgyzstan",7.91,"Local Cheese (1 kg), Markets"
"3013","Kyrgyzstan",0.55,"Bottled Water (1.5 Liter), Markets"
"3014","Kyrgyzstan",7.72,"Bottle of Wine (Mid-Range), Markets"
"3015","Kyrgyzstan",1.19,"Domestic Beer (0.5 Liter Bottle), Markets"
"3016","Kyrgyzstan",1.83,"Imported Beer (0.33 Liter Bottle), Markets"
"3017","Kyrgyzstan",1.83,"Cigarettes (Pack of 20, Marlboro), Markets"
"3018","Kyrgyzstan",4.56,"Chicken Fillets (1 kg), Markets"
"3019","Kyrgyzstan",0.97,"Apples (1 kg), Markets"
"3020","Kyrgyzstan",2,"Oranges (1 kg), Markets"
"3021","Kyrgyzstan",0.57,"Potatoes (1 kg), Markets"
"3022","Kyrgyzstan",0.62,"Lettuce (1 Head), Markets"
"3023","Kyrgyzstan",2.1,"Cappuccino (Regular Size), Restaurants"
"3024","Kyrgyzstan",1.54,"White Rice (1 kg), Markets"
"3025","Kyrgyzstan",1.53,"Tomatoes (1 kg), Markets"
"3026","Kyrgyzstan",1.79,"Bananas (1 kg), Markets"
"3027","Kyrgyzstan",0.48,"Onions (1 kg), Markets"
"3028","Kyrgyzstan",7.99,"Beef Round or Equivalent Back Leg Red Meat (1 kg), Markets"
"3029","Laos",2.3,"Meal at an Inexpensive Restaurant, Restaurants"
"3030","Laos",18.44,"Meal for Two at a Mid-Range Restaurant (Three Courses, Without Drinks), Restaurants"
"3031","Laos",5.53,"Combo Meal at McDonald's (or Equivalent Fast-Food Meal), Restaurants"
"3032","Laos",1.38,"Domestic Draft Beer (0.5 Liter), Restaurants"
"3033","Laos",1.73,"Imported Beer (0.33 Liter Bottle), Restaurants"
"3034","Laos",0.72,"Soft Drink (Coca-Cola or Pepsi, 0.33 Liter Bottle), Restaurants"
"3035","Laos",0.45,"Bottled Water (0.33 Liter), Restaurants"
"3036","Laos",1.89,"Milk (Regular, 1 Liter), Markets"
"3037","Laos",1.03,"Fresh White Bread (500 g Loaf), Markets"
"3038","Laos",1.91,"Eggs (12, Large Size), Markets"
"3039","Laos",23.85,"Local Cheese (1 kg), Markets"
"3040","Laos",0.47,"Bottled Water (1.5 Liter), Markets"
"3041","Laos",11.06,"Bottle of Wine (Mid-Range), Markets"
"3042","Laos",1.15,"Domestic Beer (0.5 Liter Bottle), Markets"
"3043","Laos",1.17,"Imported Beer (0.33 Liter Bottle), Markets"
"3044","Laos",2,"Cigarettes (Pack of 20, Marlboro), Markets"
"3045","Laos",5.66,"Chicken Fillets (1 kg), Markets"
"3046","Laos",1.82,"Apples (1 kg), Markets"
"3047","Laos",2.1,"Oranges (1 kg), Markets"
"3048","Laos",1.59,"Potatoes (1 kg), Markets"
"3049","Laos",1.28,"Lettuce (1 Head), Markets"
"3050","Laos",1.68,"Cappuccino (Regular Size), Restaurants"
"3051","Laos",1.03,"White Rice (1 kg), Markets"
"3052","Laos",2.36,"Tomatoes (1 kg), Markets"
"3053","Laos",1.38,"Bananas (1 kg), Markets"
"3054","Laos",1.05,"Onions (1 kg), Markets"
"3055","Laos",6.12,"Beef Round or Equivalent Back Leg Red Meat (1 kg), Markets"
"3056","Latvia",13.97,"Meal at an Inexpensive Restaurant, Restaurants"
"3057","Latvia",69.87,"Meal for Two at a Mid-Range Restaurant (Three Courses, Without Drinks), Restaurants"
"3058","Latvia",8.15,"Combo Meal at McDonald's (or Equivalent Fast-Food Meal), Restaurants"
"3059","Latvia",5.24,"Domestic Draft Beer (0.5 Liter), Restaurants"
"3060","Latvia",4.66,"Imported Beer (0.33 Liter Bottle), Restaurants"
"3061","Latvia",1.7,"Soft Drink (Coca-Cola or Pepsi, 0.33 Liter Bottle), Restaurants"
"3062","Latvia",1.36,"Bottled Water (0.33 Liter), Restaurants"
"3063","Latvia",1.33,"Milk (Regular, 1 Liter), Markets"
"3064","Latvia",1.65,"Fresh White Bread (500 g Loaf), Markets"
"3065","Latvia",3.31,"Eggs (12, Large Size), Markets"
"3066","Latvia",11.73,"Local Cheese (1 kg), Markets"
"3067","Latvia",0.92,"Bottled Water (1.5 Liter), Markets"
"3068","Latvia",8.15,"Bottle of Wine (Mid-Range), Markets"
"3069","Latvia",1.78,"Domestic Beer (0.5 Liter Bottle), Markets"
"3070","Latvia",2.16,"Imported Beer (0.33 Liter Bottle), Markets"
"3071","Latvia",5.82,"Cigarettes (Pack of 20, Marlboro), Markets"
"3072","Latvia",7.99,"Chicken Fillets (1 kg), Markets"
"3073","Latvia",1.81,"Apples (1 kg), Markets"
"3074","Latvia",2.58,"Oranges (1 kg), Markets"
"3075","Latvia",1.02,"Potatoes (1 kg), Markets"
"3076","Latvia",1.82,"Lettuce (1 Head), Markets"
"3077","Latvia",3.4,"Cappuccino (Regular Size), Restaurants"
"3078","Latvia",3.13,"White Rice (1 kg), Markets"
"3079","Latvia",3.39,"Tomatoes (1 kg), Markets"
"3080","Latvia",1.85,"Bananas (1 kg), Markets"
"3081","Latvia",1.08,"Onions (1 kg), Markets"
"3082","Latvia",12.7,"Beef Round or Equivalent Back Leg Red Meat (1 kg), Markets"
"3083","Lebanon",10,"Meal at an Inexpensive Restaurant, Restaurants"
"3084","Lebanon",50,"Meal for Two at a Mid-Range Restaurant (Three Courses, Without Drinks), Restaurants"
"3085","Lebanon",8,"Combo Meal at McDonald's (or Equivalent Fast-Food Meal), Restaurants"
"3086","Lebanon",4,"Domestic Draft Beer (0.5 Liter), Restaurants"
"3087","Lebanon",5,"Imported Beer (0.33 Liter Bottle), Restaurants"
"3088","Lebanon",1.63,"Soft Drink (Coca-Cola or Pepsi, 0.33 Liter Bottle), Restaurants"
"3089","Lebanon",0.9,"Bottled Water (0.33 Liter), Restaurants"
"3090","Lebanon",1.66,"Milk (Regular, 1 Liter), Markets"
"3091","Lebanon",0.76,"Fresh White Bread (500 g Loaf), Markets"
"3092","Lebanon",2.85,"Eggs (12, Large Size), Markets"
"3093","Lebanon",8.48,"Local Cheese (1 kg), Markets"
"3094","Lebanon",0.66,"Bottled Water (1.5 Liter), Markets"
"3095","Lebanon",8,"Bottle of Wine (Mid-Range), Markets"
"3096","Lebanon",1.19,"Domestic Beer (0.5 Liter Bottle), Markets"
"3097","Lebanon",2.01,"Imported Beer (0.33 Liter Bottle), Markets"
"3098","Lebanon",2.75,"Cigarettes (Pack of 20, Marlboro), Markets"
"3099","Lebanon",8.29,"Chicken Fillets (1 kg), Markets"
"3100","Lebanon",1.65,"Apples (1 kg), Markets"
"3101","Lebanon",1.09,"Oranges (1 kg), Markets"
"3102","Lebanon",0.84,"Potatoes (1 kg), Markets"
"3103","Lebanon",0.77,"Lettuce (1 Head), Markets"
"3104","Lebanon",3.03,"Cappuccino (Regular Size), Restaurants"
"3105","Lebanon",1.55,"White Rice (1 kg), Markets"
"3106","Lebanon",1.03,"Tomatoes (1 kg), Markets"
"3107","Lebanon",1.33,"Bananas (1 kg), Markets"
"3108","Lebanon",1.03,"Onions (1 kg), Markets"
"3109","Lebanon",11.03,"Beef Round or Equivalent Back Leg Red Meat (1 kg), Markets"
"3110","Lesotho",8.83,"Meal at an Inexpensive Restaurant, Restaurants"
"3111","Lesotho",29.42,"Meal for Two at a Mid-Range Restaurant (Three Courses, Without Drinks), Restaurants"
"3112","Lesotho",8.83,"Combo Meal at McDonald's (or Equivalent Fast-Food Meal), Restaurants"
"3113","Lesotho",1.77,"Domestic Draft Beer (0.5 Liter), Restaurants"
"3114","Lesotho",2.21,"Imported Beer (0.33 Liter Bottle), Restaurants"
"3115","Lesotho",1.24,"Soft Drink (Coca-Cola or Pepsi, 0.33 Liter Bottle), Restaurants"
"3116","Lesotho",0.82,"Bottled Water (0.33 Liter), Restaurants"
"3117","Lesotho",1.07,"Milk (Regular, 1 Liter), Markets"
"3118","Lesotho",0.77,"Fresh White Bread (500 g Loaf), Markets"
"3119","Lesotho",1.47,"Eggs (12, Large Size), Markets"
"3120","Lesotho",6.32,"Local Cheese (1 kg), Markets"
"3121","Lesotho",0.8,"Bottled Water (1.5 Liter), Markets"
"3122","Lesotho",4.71,"Bottle of Wine (Mid-Range), Markets"
"3123","Lesotho",1.39,"Domestic Beer (0.5 Liter Bottle), Markets"
"3124","Lesotho",1.62,"Imported Beer (0.33 Liter Bottle), Markets"
"3125","Lesotho",5,"Cigarettes (Pack of 20, Marlboro), Markets"
"3126","Lesotho",6.03,"Chicken Fillets (1 kg), Markets"
"3127","Lesotho",1.76,"Apples (1 kg), Markets"
"3128","Lesotho",2.35,"Oranges (1 kg), Markets"
"3129","Lesotho",1.51,"Potatoes (1 kg), Markets"
"3130","Lesotho",1.51,"Lettuce (1 Head), Markets"
"3131","Lesotho",1.54,"Cappuccino (Regular Size), Restaurants"
"3132","Lesotho",2.06,"White Rice (1 kg), Markets"
"3133","Lesotho",2.35,"Tomatoes (1 kg), Markets"
"3134","Lesotho",1.82,"Bananas (1 kg), Markets"
"3135","Lesotho",1.21,"Onions (1 kg), Markets"
"3136","Lesotho",5.37,"Beef Round or Equivalent Back Leg Red Meat (1 kg), Markets"
"3137","Liberia",7.5,"Meal at an Inexpensive Restaurant, Restaurants"
"3138","Liberia",150,"Meal for Two at a Mid-Range Restaurant (Three Courses, Without Drinks), Restaurants"
"3139","Liberia",11,"Combo Meal at McDonald's (or Equivalent Fast-Food Meal), Restaurants"
"3140","Liberia",3,"Domestic Draft Beer (0.5 Liter), Restaurants"
"3141","Liberia",3,"Imported Beer (0.33 Liter Bottle), Restaurants"
"3142","Liberia",2,"Soft Drink (Coca-Cola or Pepsi, 0.33 Liter Bottle), Restaurants"
"3143","Liberia",2,"Bottled Water (0.33 Liter), Restaurants"
"3144","Liberia",2.12,"Milk (Regular, 1 Liter), Markets"
"3145","Liberia",1.79,"Fresh White Bread (500 g Loaf), Markets"
"3146","Liberia",3.6,"Eggs (12, Large Size), Markets"
"3147","Liberia",11.81,"Local Cheese (1 kg), Markets"
"3148","Liberia",2,"Bottled Water (1.5 Liter), Markets"
"3149","Liberia",7,"Bottle of Wine (Mid-Range), Markets"
"3150","Liberia",2.5,"Domestic Beer (0.5 Liter Bottle), Markets"
"3151","Liberia",3.33,"Imported Beer (0.33 Liter Bottle), Markets"
"3152","Liberia",5,"Cigarettes (Pack of 20, Marlboro), Markets"
"3153","Liberia",11.85,"Chicken Fillets (1 kg), Markets"
"3154","Liberia",1.64,"Apples (1 kg), Markets"
"3155","Liberia",10.29,"Oranges (1 kg), Markets"
"3156","Liberia",1.75,"Potatoes (1 kg), Markets"
"3157","Liberia",4.67,"Lettuce (1 Head), Markets"
"3158","Liberia",3.33,"Cappuccino (Regular Size), Restaurants"
"3159","Liberia",5.16,"White Rice (1 kg), Markets"
"3160","Liberia",11.02,"Tomatoes (1 kg), Markets"
"3161","Liberia",8.45,"Bananas (1 kg), Markets"
"3162","Liberia",10.66,"Onions (1 kg), Markets"
"3163","Liberia",35.64,"Beef Round or Equivalent Back Leg Red Meat (1 kg), Markets"
"3164","Libya",3.68,"Meal at an Inexpensive Restaurant, Restaurants"
"3165","Libya",14.7,"Meal for Two at a Mid-Range Restaurant (Three Courses, Without Drinks), Restaurants"
"3166","Libya",2.76,"Combo Meal at McDonald's (or Equivalent Fast-Food Meal), Restaurants"
"3167","Libya",0.55,"Domestic Draft Beer (0.5 Liter), Restaurants"
"3168","Libya",0.55,"Imported Beer (0.33 Liter Bottle), Restaurants"
"3169","Libya",0.47,"Soft Drink (Coca-Cola or Pepsi, 0.33 Liter Bottle), Restaurants"
"3170","Libya",0.18,"Bottled Water (0.33 Liter), Restaurants"
"3171","Libya",0.97,"Milk (Regular, 1 Liter), Markets"
"3172","Libya",0.28,"Fresh White Bread (500 g Loaf), Markets"
"3173","Libya",1.32,"Eggs (12, Large Size), Markets"
"3174","Libya",5.05,"Local Cheese (1 kg), Markets"
"3175","Libya",0.23,"Bottled Water (1.5 Liter), Markets"
"3176","Libya",1.04,"Bottle of Wine (Mid-Range), Markets"
"3177","Libya",0.73,"Domestic Beer (0.5 Liter Bottle), Markets"
"3178","Libya",0.68,"Imported Beer (0.33 Liter Bottle), Markets"
"3179","Libya",2.02,"Cigarettes (Pack of 20, Marlboro), Markets"
"3180","Libya",3.38,"Chicken Fillets (1 kg), Markets"
"3181","Libya",2.02,"Apples (1 kg), Markets"
"3182","Libya",0.79,"Oranges (1 kg), Markets"
"3183","Libya",0.64,"Potatoes (1 kg), Markets"
"3184","Libya",0.43,"Lettuce (1 Head), Markets"
"3185","Libya",0.53,"Cappuccino (Regular Size), Restaurants"
"3186","Libya",1.11,"White Rice (1 kg), Markets"
"3187","Libya",0.55,"Tomatoes (1 kg), Markets"
"3188","Libya",1.41,"Bananas (1 kg), Markets"
"3189","Libya",0.52,"Onions (1 kg), Markets"
"3190","Libya",9.97,"Beef Round or Equivalent Back Leg Red Meat (1 kg), Markets"
"3191","Liechtenstein",34.23,"Meal at an Inexpensive Restaurant, Restaurants"
"3192","Liechtenstein",124.48,"Meal for Two at a Mid-Range Restaurant (Three Courses, Without Drinks), Restaurants"
"3193","Liechtenstein",20.54,"Combo Meal at McDonald's (or Equivalent Fast-Food Meal), Restaurants"
"3194","Liechtenstein",7.47,"Domestic Draft Beer (0.5 Liter), Restaurants"
"3195","Liechtenstein",6.85,"Imported Beer (0.33 Liter Bottle), Restaurants"
"3196","Liechtenstein",4.82,"Soft Drink (Coca-Cola or Pepsi, 0.33 Liter Bottle), Restaurants"
"3197","Liechtenstein",5.6,"Bottled Water (0.33 Liter), Restaurants"
"3198","Liechtenstein",2.58,"Milk (Regular, 1 Liter), Markets"
"3199","Liechtenstein",4.11,"Fresh White Bread (500 g Loaf), Markets"
"3200","Liechtenstein",11.3,"Eggs (12, Large Size), Markets"
"3201","Liechtenstein",29.05,"Local Cheese (1 kg), Markets"
"3202","Liechtenstein",2.22,"Bottled Water (1.5 Liter), Markets"
"3203","Liechtenstein",18.67,"Bottle of Wine (Mid-Range), Markets"
"3204","Liechtenstein",2.04,"Domestic Beer (0.5 Liter Bottle), Markets"
"3205","Liechtenstein",1.81,"Imported Beer (0.33 Liter Bottle), Markets"
"3206","Liechtenstein",12.45,"Cigarettes (Pack of 20, Marlboro), Markets"
"3207","Liechtenstein",26.76,"Chicken Fillets (1 kg), Markets"
"3208","Liechtenstein",3.65,"Apples (1 kg), Markets"
"3209","Liechtenstein",4.27,"Oranges (1 kg), Markets"
"3210","Liechtenstein",2.7,"Potatoes (1 kg), Markets"
"3211","Liechtenstein",2.18,"Lettuce (1 Head), Markets"
"3212","Liechtenstein",6.3,"Cappuccino (Regular Size), Restaurants"
"3213","Liechtenstein",2.99,"White Rice (1 kg), Markets"
"3214","Liechtenstein",4.81,"Tomatoes (1 kg), Markets"
"3215","Liechtenstein",4.61,"Bananas (1 kg), Markets"
"3216","Liechtenstein",2.17,"Onions (1 kg), Markets"
"3217","Liechtenstein",60.71,"Beef Round or Equivalent Back Leg Red Meat (1 kg), Markets"
"3218","Lithuania",13.97,"Meal at an Inexpensive Restaurant, Restaurants"
"3219","Lithuania",69.87,"Meal for Two at a Mid-Range Restaurant (Three Courses, Without Drinks), Restaurants"
"3220","Lithuania",8.15,"Combo Meal at McDonald's (or Equivalent Fast-Food Meal), Restaurants"
"3221","Lithuania",5.82,"Domestic Draft Beer (0.5 Liter), Restaurants"
"3222","Lithuania",4.95,"Imported Beer (0.33 Liter Bottle), Restaurants"
"3223","Lithuania",2.23,"Soft Drink (Coca-Cola or Pepsi, 0.33 Liter Bottle), Restaurants"
"3224","Lithuania",2.19,"Bottled Water (0.33 Liter), Restaurants"
"3225","Lithuania",1.5,"Milk (Regular, 1 Liter), Markets"
"3226","Lithuania",1.68,"Fresh White Bread (500 g Loaf), Markets"
"3227","Lithuania",3.07,"Eggs (12, Large Size), Markets"
"3228","Lithuania",12.17,"Local Cheese (1 kg), Markets"
"3229","Lithuania",0.9,"Bottled Water (1.5 Liter), Markets"
"3230","Lithuania",10.29,"Bottle of Wine (Mid-Range), Markets"
"3231","Lithuania",1.75,"Domestic Beer (0.5 Liter Bottle), Markets"
"3232","Lithuania",2.05,"Imported Beer (0.33 Liter Bottle), Markets"
"3233","Lithuania",5.94,"Cigarettes (Pack of 20, Marlboro), Markets"
"3234","Lithuania",7.74,"Chicken Fillets (1 kg), Markets"
"3235","Lithuania",1.59,"Apples (1 kg), Markets"
"3236","Lithuania",2.16,"Oranges (1 kg), Markets"
"3237","Lithuania",0.9,"Potatoes (1 kg), Markets"
"3238","Lithuania",1.81,"Lettuce (1 Head), Markets"
"3239","Lithuania",3.63,"Cappuccino (Regular Size), Restaurants"
"3240","Lithuania",2.52,"White Rice (1 kg), Markets"
"3241","Lithuania",3.38,"Tomatoes (1 kg), Markets"
"3242","Lithuania",1.67,"Bananas (1 kg), Markets"
"3243","Lithuania",0.94,"Onions (1 kg), Markets"
"3244","Lithuania",12.44,"Beef Round or Equivalent Back Leg Red Meat (1 kg), Markets"
"3245","Luxembourg",23.29,"Meal at an Inexpensive Restaurant, Restaurants"
"3246","Luxembourg",93.16,"Meal for Two at a Mid-Range Restaurant (Three Courses, Without Drinks), Restaurants"
"3247","Luxembourg",15.14,"Combo Meal at McDonald's (or Equivalent Fast-Food Meal), Restaurants"
"3248","Luxembourg",5.82,"Domestic Draft Beer (0.5 Liter), Restaurants"
"3249","Luxembourg",5.82,"Imported Beer (0.33 Liter Bottle), Restaurants"
"3250","Luxembourg",3.66,"Soft Drink (Coca-Cola or Pepsi, 0.33 Liter Bottle), Restaurants"
"3251","Luxembourg",3.75,"Bottled Water (0.33 Liter), Restaurants"
"3252","Luxembourg",1.82,"Milk (Regular, 1 Liter), Markets"
"3253","Luxembourg",3.26,"Fresh White Bread (500 g Loaf), Markets"
"3254","Luxembourg",4.95,"Eggs (12, Large Size), Markets"
"3255","Luxembourg",20.89,"Local Cheese (1 kg), Markets"
"3256","Luxembourg",1.01,"Bottled Water (1.5 Liter), Markets"
"3257","Luxembourg",11.64,"Bottle of Wine (Mid-Range), Markets"
"3258","Luxembourg",2.38,"Domestic Beer (0.5 Liter Bottle), Markets"
"3259","Luxembourg",2.74,"Imported Beer (0.33 Liter Bottle), Markets"
"3260","Luxembourg",7.57,"Cigarettes (Pack of 20, Marlboro), Markets"
"3261","Luxembourg",15.82,"Chicken Fillets (1 kg), Markets"
"3262","Luxembourg",3.22,"Apples (1 kg), Markets"
"3263","Luxembourg",3.5,"Oranges (1 kg), Markets"
"3264","Luxembourg",2.78,"Potatoes (1 kg), Markets"
"3265","Luxembourg",2.14,"Lettuce (1 Head), Markets"
"3266","Luxembourg",4.45,"Cappuccino (Regular Size), Restaurants"
"3267","Luxembourg",3.19,"White Rice (1 kg), Markets"
"3268","Luxembourg",4.35,"Tomatoes (1 kg), Markets"
"3269","Luxembourg",2.48,"Bananas (1 kg), Markets"
"3270","Luxembourg",2.67,"Onions (1 kg), Markets"
"3271","Luxembourg",25.82,"Beef Round or Equivalent Back Leg Red Meat (1 kg), Markets"
"3272","Macao (China)",6.24,"Meal at an Inexpensive Restaurant, Restaurants"
"3273","Macao (China)",56.12,"Meal for Two at a Mid-Range Restaurant (Three Courses, Without Drinks), Restaurants"
"3274","Macao (China)",6.24,"Combo Meal at McDonald's (or Equivalent Fast-Food Meal), Restaurants"
"3275","Macao (China)",5.99,"Domestic Draft Beer (0.5 Liter), Restaurants"
"3276","Macao (China)",7.23,"Imported Beer (0.33 Liter Bottle), Restaurants"
"3277","Macao (China)",1.25,"Soft Drink (Coca-Cola or Pepsi, 0.33 Liter Bottle), Restaurants"
"3278","Macao (China)",0.77,"Bottled Water (0.33 Liter), Restaurants"
"3279","Macao (China)",3.24,"Milk (Regular, 1 Liter), Markets"
"3280","Macao (China)",1.67,"Fresh White Bread (500 g Loaf), Markets"
"3281","Macao (China)",3.18,"Eggs (12, Large Size), Markets"
"3282","Macao (China)",17.53,"Local Cheese (1 kg), Markets"
"3283","Macao (China)",1.17,"Bottled Water (1.5 Liter), Markets"
"3284","Macao (China)",12.35,"Bottle of Wine (Mid-Range), Markets"
"3285","Macao (China)",1.4,"Domestic Beer (0.5 Liter Bottle), Markets"
"3286","Macao (China)",2.08,"Imported Beer (0.33 Liter Bottle), Markets"
"3287","Macao (China)",6.24,"Cigarettes (Pack of 20, Marlboro), Markets"
"3288","Macao (China)",7.84,"Chicken Fillets (1 kg), Markets"
"3289","Macao (China)",3.62,"Apples (1 kg), Markets"
"3290","Macao (China)",3.81,"Oranges (1 kg), Markets"
"3291","Macao (China)",4.37,"Potatoes (1 kg), Markets"
"3292","Macao (China)",1.93,"Lettuce (1 Head), Markets"
"3293","Macao (China)",5.01,"Cappuccino (Regular Size), Restaurants"
"3294","Macao (China)",1.7,"White Rice (1 kg), Markets"
"3295","Macao (China)",2.98,"Tomatoes (1 kg), Markets"
"3296","Macao (China)",2.95,"Bananas (1 kg), Markets"
"3297","Macao (China)",3.44,"Onions (1 kg), Markets"
"3298","Macao (China)",22.94,"Beef Round or Equivalent Back Leg Red Meat (1 kg), Markets"
"3299","Madagascar",2.24,"Meal at an Inexpensive Restaurant, Restaurants"
"3300","Madagascar",17.92,"Meal for Two at a Mid-Range Restaurant (Three Courses, Without Drinks), Restaurants"
"3301","Madagascar",4.48,"Combo Meal at McDonald's (or Equivalent Fast-Food Meal), Restaurants"
"3302","Madagascar",1.12,"Domestic Draft Beer (0.5 Liter), Restaurants"
"3303","Madagascar",1.57,"Imported Beer (0.33 Liter Bottle), Restaurants"
"3304","Madagascar",0.92,"Soft Drink (Coca-Cola or Pepsi, 0.33 Liter Bottle), Restaurants"
"3305","Madagascar",0.62,"Bottled Water (0.33 Liter), Restaurants"
"3306","Madagascar",1.14,"Milk (Regular, 1 Liter), Markets"
"3307","Madagascar",0.99,"Fresh White Bread (500 g Loaf), Markets"
"3308","Madagascar",2.07,"Eggs (12, Large Size), Markets"
"3309","Madagascar",9.92,"Local Cheese (1 kg), Markets"
"3310","Madagascar",0.66,"Bottled Water (1.5 Liter), Markets"
"3311","Madagascar",4.93,"Bottle of Wine (Mid-Range), Markets"
"3312","Madagascar",0.86,"Domestic Beer (0.5 Liter Bottle), Markets"
"3313","Madagascar",1.38,"Imported Beer (0.33 Liter Bottle), Markets"
"3314","Madagascar",1.79,"Cigarettes (Pack of 20, Marlboro), Markets"
"3315","Madagascar",5.09,"Chicken Fillets (1 kg), Markets"
"3316","Madagascar",1.24,"Apples (1 kg), Markets"
"3317","Madagascar",1.09,"Oranges (1 kg), Markets"
"3318","Madagascar",0.59,"Potatoes (1 kg), Markets"
"3319","Madagascar",0.36,"Lettuce (1 Head), Markets"
"3320","Madagascar",1.3,"Cappuccino (Regular Size), Restaurants"
"3321","Madagascar",0.72,"White Rice (1 kg), Markets"
"3322","Madagascar",0.92,"Tomatoes (1 kg), Markets"
"3323","Madagascar",0.64,"Bananas (1 kg), Markets"
"3324","Madagascar",0.83,"Onions (1 kg), Markets"
"3325","Madagascar",4.57,"Beef Round or Equivalent Back Leg Red Meat (1 kg), Markets"
"3326","Malawi",4.95,"Meal at an Inexpensive Restaurant, Restaurants"
"3327","Malawi",21.62,"Meal for Two at a Mid-Range Restaurant (Three Courses, Without Drinks), Restaurants"
"3328","Malawi",8.56,"Combo Meal at McDonald's (or Equivalent Fast-Food Meal), Restaurants"
"3329","Malawi",1.22,"Domestic Draft Beer (0.5 Liter), Restaurants"
"3330","Malawi",2.96,"Imported Beer (0.33 Liter Bottle), Restaurants"
"3331","Malawi",0.87,"Soft Drink (Coca-Cola or Pepsi, 0.33 Liter Bottle), Restaurants"
"3332","Malawi",0.44,"Bottled Water (0.33 Liter), Restaurants"
"3333","Malawi",1.03,"Milk (Regular, 1 Liter), Markets"
"3334","Malawi",1.29,"Fresh White Bread (500 g Loaf), Markets"
"3335","Malawi",2.31,"Eggs (12, Large Size), Markets"
"3336","Malawi",7.44,"Local Cheese (1 kg), Markets"
"3337","Malawi",1.14,"Bottled Water (1.5 Liter), Markets"
"3338","Malawi",12.64,"Bottle of Wine (Mid-Range), Markets"
"3339","Malawi",0.95,"Domestic Beer (0.5 Liter Bottle), Markets"
"3340","Malawi",1.98,"Imported Beer (0.33 Liter Bottle), Markets"
"3341","Malawi",2.37,"Cigarettes (Pack of 20, Marlboro), Markets"
"3342","Malawi",3.39,"Chicken Fillets (1 kg), Markets"
"3343","Malawi",2.43,"Apples (1 kg), Markets"
"3344","Malawi",2.23,"Oranges (1 kg), Markets"
"3345","Malawi",1.36,"Potatoes (1 kg), Markets"
"3346","Malawi",0.32,"Lettuce (1 Head), Markets"
"3347","Malawi",2.85,"Cappuccino (Regular Size), Restaurants"
"3348","Malawi",1.58,"White Rice (1 kg), Markets"
"3349","Malawi",1.22,"Tomatoes (1 kg), Markets"
"3350","Malawi",1.83,"Bananas (1 kg), Markets"
"3351","Malawi",1.35,"Onions (1 kg), Markets"
"3352","Malawi",5.39,"Beef Round or Equivalent Back Leg Red Meat (1 kg), Markets"
"3353","Malaysia",3.64,"Meal at an Inexpensive Restaurant, Restaurants"
"3354","Malaysia",24.26,"Meal for Two at a Mid-Range Restaurant (Three Courses, Without Drinks), Restaurants"
"3355","Malaysia",4.85,"Combo Meal at McDonald's (or Equivalent Fast-Food Meal), Restaurants"
"3356","Malaysia",3.64,"Domestic Draft Beer (0.5 Liter), Restaurants"
"3357","Malaysia",4.85,"Imported Beer (0.33 Liter Bottle), Restaurants"
"3358","Malaysia",0.78,"Soft Drink (Coca-Cola or Pepsi, 0.33 Liter Bottle), Restaurants"
"3359","Malaysia",0.4,"Bottled Water (0.33 Liter), Restaurants"
"3360","Malaysia",1.86,"Milk (Regular, 1 Liter), Markets"
"3361","Malaysia",1.01,"Fresh White Bread (500 g Loaf), Markets"
"3362","Malaysia",2.08,"Eggs (12, Large Size), Markets"
"3363","Malaysia",13.28,"Local Cheese (1 kg), Markets"
"3364","Malaysia",0.58,"Bottled Water (1.5 Liter), Markets"
"3365","Malaysia",18.19,"Bottle of Wine (Mid-Range), Markets"
"3366","Malaysia",2.87,"Domestic Beer (0.5 Liter Bottle), Markets"
"3367","Malaysia",3.91,"Imported Beer (0.33 Liter Bottle), Markets"
"3368","Malaysia",4.37,"Cigarettes (Pack of 20, Marlboro), Markets"
"3369","Malaysia",4.3,"Chicken Fillets (1 kg), Markets"
"3370","Malaysia",2.91,"Apples (1 kg), Markets"
"3371","Malaysia",2.67,"Oranges (1 kg), Markets"
"3372","Malaysia",1.18,"Potatoes (1 kg), Markets"
"3373","Malaysia",1.13,"Lettuce (1 Head), Markets"
"3374","Malaysia",2.87,"Cappuccino (Regular Size), Restaurants"
"3375","Malaysia",1.45,"White Rice (1 kg), Markets"
"3376","Malaysia",1.56,"Tomatoes (1 kg), Markets"
"3377","Malaysia",1.55,"Bananas (1 kg), Markets"
"3378","Malaysia",1.33,"Onions (1 kg), Markets"
"3379","Malaysia",8.73,"Beef Round or Equivalent Back Leg Red Meat (1 kg), Markets"
"3380","Maldives",6.49,"Meal at an Inexpensive Restaurant, Restaurants"
"3381","Maldives",50.29,"Meal for Two at a Mid-Range Restaurant (Three Courses, Without Drinks), Restaurants"
"3382","Maldives",9.73,"Combo Meal at McDonald's (or Equivalent Fast-Food Meal), Restaurants"
"3383","Maldives",4.87,"Domestic Draft Beer (0.5 Liter), Restaurants"
"3384","Maldives",9.73,"Imported Beer (0.33 Liter Bottle), Restaurants"
"3385","Maldives",1.5,"Soft Drink (Coca-Cola or Pepsi, 0.33 Liter Bottle), Restaurants"
"3386","Maldives",0.31,"Bottled Water (0.33 Liter), Restaurants"
"3387","Maldives",1.72,"Milk (Regular, 1 Liter), Markets"
"3388","Maldives",1.51,"Fresh White Bread (500 g Loaf), Markets"
"3389","Maldives",1.62,"Eggs (12, Large Size), Markets"
"3390","Maldives",8.65,"Local Cheese (1 kg), Markets"
"3391","Maldives",0.66,"Bottled Water (1.5 Liter), Markets"
"3392","Maldives",9.73,"Bottle of Wine (Mid-Range), Markets"
"3393","Maldives",2.92,"Domestic Beer (0.5 Liter Bottle), Markets"
"3394","Maldives",4.33,"Imported Beer (0.33 Liter Bottle), Markets"
"3395","Maldives",12.98,"Cigarettes (Pack of 20, Marlboro), Markets"
"3396","Maldives",5.67,"Chicken Fillets (1 kg), Markets"
"3397","Maldives",4.13,"Apples (1 kg), Markets"
"3398","Maldives",3.81,"Oranges (1 kg), Markets"
"3399","Maldives",1.46,"Potatoes (1 kg), Markets"
"3400","Maldives",2.6,"Lettuce (1 Head), Markets"
"3401","Maldives",3.37,"Cappuccino (Regular Size), Restaurants"
"3402","Maldives",0.9,"White Rice (1 kg), Markets"
"3403","Maldives",3.14,"Tomatoes (1 kg), Markets"
"3404","Maldives",3.73,"Bananas (1 kg), Markets"
"3405","Maldives",1.19,"Onions (1 kg), Markets"
"3406","Maldives",10.33,"Beef Round or Equivalent Back Leg Red Meat (1 kg), Markets"
"3407","Mali",6.7,"Meal at an Inexpensive Restaurant, Restaurants"
"3408","Mali",37.44,"Meal for Two at a Mid-Range Restaurant (Three Courses, Without Drinks), Restaurants"
"3409","Mali",6.42,"Combo Meal at McDonald's (or Equivalent Fast-Food Meal), Restaurants"
"3410","Mali",2.39,"Domestic Draft Beer (0.5 Liter), Restaurants"
"3411","Mali",21,"Imported Beer (0.33 Liter Bottle), Restaurants"
"3412","Mali",0.77,"Soft Drink (Coca-Cola or Pepsi, 0.33 Liter Bottle), Restaurants"
"3413","Mali",0.58,"Bottled Water (0.33 Liter), Restaurants"
"3414","Mali",2.34,"Milk (Regular, 1 Liter), Markets"
"3415","Mali",3.43,"Fresh White Bread (500 g Loaf), Markets"
"3416","Mali",4.04,"Eggs (12, Large Size), Markets"
"3417","Mali",17.76,"Local Cheese (1 kg), Markets"
"3418","Mali",2.31,"Bottled Water (1.5 Liter), Markets"
"3419","Mali",1.5,"Domestic Beer (0.5 Liter Bottle), Markets"
"3420","Mali",1.32,"Imported Beer (0.33 Liter Bottle), Markets"
"3421","Mali",0.97,"Cigarettes (Pack of 20, Marlboro), Markets"
"3422","Mali",17.02,"Chicken Fillets (1 kg), Markets"
"3423","Mali",3.1,"Apples (1 kg), Markets"
"3424","Mali",2.83,"Oranges (1 kg), Markets"
"3425","Mali",1.63,"Potatoes (1 kg), Markets"
"3426","Mali",0.1,"Lettuce (1 Head), Markets"
"3427","Mali",1.89,"Cappuccino (Regular Size), Restaurants"
"3428","Mali",2.34,"Tomatoes (1 kg), Markets"
"3429","Mali",1.44,"Bananas (1 kg), Markets"
"3430","Mali",1.6,"Onions (1 kg), Markets"
"3431","Mali",13.27,"Beef Round or Equivalent Back Leg Red Meat (1 kg), Markets"
"3432","Malta",17.47,"Meal at an Inexpensive Restaurant, Restaurants"
"3433","Malta",87.34,"Meal for Two at a Mid-Range Restaurant (Three Courses, Without Drinks), Restaurants"
"3434","Malta",11.64,"Combo Meal at McDonald's (or Equivalent Fast-Food Meal), Restaurants"
"3435","Malta",4.28,"Domestic Draft Beer (0.5 Liter), Restaurants"
"3436","Malta",4.08,"Imported Beer (0.33 Liter Bottle), Restaurants"
"3437","Malta",2.56,"Soft Drink (Coca-Cola or Pepsi, 0.33 Liter Bottle), Restaurants"
"3438","Malta",1.65,"Bottled Water (0.33 Liter), Restaurants"
"3439","Malta",1.34,"Milk (Regular, 1 Liter), Markets"
"3440","Malta",1.36,"Fresh White Bread (500 g Loaf), Markets"
"3441","Malta",3.81,"Eggs (12, Large Size), Markets"
"3442","Malta",11.05,"Local Cheese (1 kg), Markets"
"3443","Malta",0.93,"Bottled Water (1.5 Liter), Markets"
"3444","Malta",8.15,"Bottle of Wine (Mid-Range), Markets"
"3445","Malta",1.82,"Domestic Beer (0.5 Liter Bottle), Markets"
"3446","Malta",2.37,"Imported Beer (0.33 Liter Bottle), Markets"
"3447","Malta",6.93,"Cigarettes (Pack of 20, Marlboro), Markets"
"3448","Malta",9.78,"Chicken Fillets (1 kg), Markets"
"3449","Malta",3.17,"Apples (1 kg), Markets"
"3450","Malta",2.83,"Oranges (1 kg), Markets"
"3451","Malta",2.05,"Potatoes (1 kg), Markets"
"3452","Malta",1.95,"Lettuce (1 Head), Markets"
"3453","Malta",2.88,"Cappuccino (Regular Size), Restaurants"
"3454","Malta",3.72,"White Rice (1 kg), Markets"
"3455","Malta",3.26,"Tomatoes (1 kg), Markets"
"3456","Malta",2.13,"Bananas (1 kg), Markets"
"3457","Malta",2.12,"Onions (1 kg), Markets"
"3458","Malta",16.93,"Beef Round or Equivalent Back Leg Red Meat (1 kg), Markets"
"3459","Marshall Islands",12.5,"Meal at an Inexpensive Restaurant, Restaurants"
"3460","Marshall Islands",30,"Meal for Two at a Mid-Range Restaurant (Three Courses, Without Drinks), Restaurants"
"3461","Marshall Islands",10.5,"Combo Meal at McDonald's (or Equivalent Fast-Food Meal), Restaurants"
"3462","Marshall Islands",4.5,"Domestic Draft Beer (0.5 Liter), Restaurants"
"3463","Marshall Islands",5,"Imported Beer (0.33 Liter Bottle), Restaurants"
"3464","Marshall Islands",1.83,"Soft Drink (Coca-Cola or Pepsi, 0.33 Liter Bottle), Restaurants"
"3465","Marshall Islands",2.33,"Bottled Water (0.33 Liter), Restaurants"
"3466","Marshall Islands",2.25,"Milk (Regular, 1 Liter), Markets"
"3467","Marshall Islands",3.4,"Fresh White Bread (500 g Loaf), Markets"
"3468","Marshall Islands",4.04,"Eggs (12, Large Size), Markets"
"3469","Marshall Islands",29.14,"Local Cheese (1 kg), Markets"
"3470","Marshall Islands",1.52,"Bottled Water (1.5 Liter), Markets"
"3471","Marshall Islands",10,"Bottle of Wine (Mid-Range), Markets"
"3472","Marshall Islands",2.17,"Imported Beer (0.33 Liter Bottle), Markets"
"3473","Marshall Islands",11,"Chicken Fillets (1 kg), Markets"
"3474","Marshall Islands",4.39,"Apples (1 kg), Markets"
"3475","Marshall Islands",8.71,"Oranges (1 kg), Markets"
"3476","Marshall Islands",5.27,"Potatoes (1 kg), Markets"
"3477","Marshall Islands",3.92,"Lettuce (1 Head), Markets"
"3478","Marshall Islands",4.06,"Cappuccino (Regular Size), Restaurants"
"3479","Marshall Islands",1.8,"White Rice (1 kg), Markets"
"3480","Marshall Islands",12.76,"Tomatoes (1 kg), Markets"
"3481","Marshall Islands",7.25,"Bananas (1 kg), Markets"
"3482","Marshall Islands",5.5,"Onions (1 kg), Markets"
"3483","Marshall Islands",18.28,"Beef Round or Equivalent Back Leg Red Meat (1 kg), Markets"
"3484","Martinique",23.29,"Meal at an Inexpensive Restaurant, Restaurants"
"3485","Martinique",83.84,"Meal for Two at a Mid-Range Restaurant (Three Courses, Without Drinks), Restaurants"
"3486","Martinique",14.44,"Combo Meal at McDonald's (or Equivalent Fast-Food Meal), Restaurants"
"3487","Martinique",7.57,"Domestic Draft Beer (0.5 Liter), Restaurants"
"3488","Martinique",5.24,"Imported Beer (0.33 Liter Bottle), Restaurants"
"3489","Martinique",3.78,"Soft Drink (Coca-Cola or Pepsi, 0.33 Liter Bottle), Restaurants"
"3490","Martinique",3.88,"Bottled Water (0.33 Liter), Restaurants"
"3491","Martinique",1.8,"Milk (Regular, 1 Liter), Markets"
"3492","Martinique",1.69,"Fresh White Bread (500 g Loaf), Markets"
"3493","Martinique",3.76,"Eggs (12, Large Size), Markets"
"3494","Martinique",19.8,"Local Cheese (1 kg), Markets"
"3495","Martinique",0.77,"Bottled Water (1.5 Liter), Markets"
"3496","Martinique",8.79,"Bottle of Wine (Mid-Range), Markets"
"3497","Martinique",1.8,"Domestic Beer (0.5 Liter Bottle), Markets"
"3498","Martinique",2.89,"Imported Beer (0.33 Liter Bottle), Markets"
"3499","Martinique",12.34,"Cigarettes (Pack of 20, Marlboro), Markets"
"3500","Martinique",19.93,"Chicken Fillets (1 kg), Markets"
"3501","Martinique",3.96,"Apples (1 kg), Markets"
"3502","Martinique",3.05,"Oranges (1 kg), Markets"
"3503","Martinique",2.32,"Potatoes (1 kg), Markets"
"3504","Martinique",1.33,"Lettuce (1 Head), Markets"
"3505","Martinique",5.24,"Cappuccino (Regular Size), Restaurants"
"3506","Martinique",3.72,"White Rice (1 kg), Markets"
"3507","Martinique",6.75,"Tomatoes (1 kg), Markets"
"3508","Martinique",1.39,"Bananas (1 kg), Markets"
"3509","Martinique",2.32,"Onions (1 kg), Markets"
"3510","Martinique",20.96,"Beef Round or Equivalent Back Leg Red Meat (1 kg), Markets"
"3511","Mauritania",2.77,"Meal at an Inexpensive Restaurant, Restaurants"
"3512","Mauritania",24.04,"Meal for Two at a Mid-Range Restaurant (Three Courses, Without Drinks), Restaurants"
"3513","Mauritania",6.14,"Combo Meal at McDonald's (or Equivalent Fast-Food Meal), Restaurants"
"3514","Mauritania",1.96,"Domestic Draft Beer (0.5 Liter), Restaurants"
"3515","Mauritania",1.76,"Imported Beer (0.33 Liter Bottle), Restaurants"
"3516","Mauritania",1.78,"Soft Drink (Coca-Cola or Pepsi, 0.33 Liter Bottle), Restaurants"
"3517","Mauritania",2.16,"Bottled Water (0.33 Liter), Restaurants"
"3518","Mauritania",1.5,"Milk (Regular, 1 Liter), Markets"
"3519","Mauritania",0.27,"Fresh White Bread (500 g Loaf), Markets"
"3520","Mauritania",2.31,"Eggs (12, Large Size), Markets"
"3521","Mauritania",7.53,"Local Cheese (1 kg), Markets"
"3522","Mauritania",0.67,"Bottled Water (1.5 Liter), Markets"
"3523","Mauritania",10.06,"Bottle of Wine (Mid-Range), Markets"
"3524","Mauritania",2.59,"Domestic Beer (0.5 Liter Bottle), Markets"
"3525","Mauritania",1.74,"Imported Beer (0.33 Liter Bottle), Markets"
"3526","Mauritania",2.51,"Cigarettes (Pack of 20, Marlboro), Markets"
"3527","Mauritania",5.19,"Chicken Fillets (1 kg), Markets"
"3528","Mauritania",2.1,"Apples (1 kg), Markets"
"3529","Mauritania",1.38,"Oranges (1 kg), Markets"
"3530","Mauritania",0.79,"Potatoes (1 kg), Markets"
"3531","Mauritania",0.56,"Lettuce (1 Head), Markets"
"3532","Mauritania",2.3,"Cappuccino (Regular Size), Restaurants"
"3533","Mauritania",1.31,"White Rice (1 kg), Markets"
"3534","Mauritania",0.95,"Tomatoes (1 kg), Markets"
"3535","Mauritania",1.87,"Bananas (1 kg), Markets"
"3536","Mauritania",0.76,"Onions (1 kg), Markets"
"3537","Mauritania",6.62,"Beef Round or Equivalent Back Leg Red Meat (1 kg), Markets"
"3538","Mauritius",6.51,"Meal at an Inexpensive Restaurant, Restaurants"
"3539","Mauritius",43.42,"Meal for Two at a Mid-Range Restaurant (Three Courses, Without Drinks), Restaurants"
"3540","Mauritius",6.51,"Combo Meal at McDonald's (or Equivalent Fast-Food Meal), Restaurants"
"3541","Mauritius",2.17,"Domestic Draft Beer (0.5 Liter), Restaurants"
"3542","Mauritius",3.26,"Imported Beer (0.33 Liter Bottle), Restaurants"
"3543","Mauritius",1.05,"Soft Drink (Coca-Cola or Pepsi, 0.33 Liter Bottle), Restaurants"
"3544","Mauritius",0.68,"Bottled Water (0.33 Liter), Restaurants"
"3545","Mauritius",1.41,"Milk (Regular, 1 Liter), Markets"
"3546","Mauritius",0.69,"Fresh White Bread (500 g Loaf), Markets"
"3547","Mauritius",2.3,"Eggs (12, Large Size), Markets"
"3548","Mauritius",9.43,"Local Cheese (1 kg), Markets"
"3549","Mauritius",0.65,"Bottled Water (1.5 Liter), Markets"
"3550","Mauritius",10.86,"Bottle of Wine (Mid-Range), Markets"
"3551","Mauritius",1.68,"Domestic Beer (0.5 Liter Bottle), Markets"
"3552","Mauritius",2.05,"Imported Beer (0.33 Liter Bottle), Markets"
"3553","Mauritius",6.51,"Cigarettes (Pack of 20, Marlboro), Markets"
"3554","Mauritius",5.69,"Chicken Fillets (1 kg), Markets"
"3555","Mauritius",2.27,"Apples (1 kg), Markets"
"3556","Mauritius",2.19,"Oranges (1 kg), Markets"
"3557","Mauritius",1.06,"Potatoes (1 kg), Markets"
"3558","Mauritius",0.88,"Lettuce (1 Head), Markets"
"3559","Mauritius",2.52,"Cappuccino (Regular Size), Restaurants"
"3560","Mauritius",1.89,"White Rice (1 kg), Markets"
"3561","Mauritius",2.89,"Tomatoes (1 kg), Markets"
"3562","Mauritius",1.98,"Bananas (1 kg), Markets"
"3563","Mauritius",1.07,"Onions (1 kg), Markets"
"3564","Mauritius",12.38,"Beef Round or Equivalent Back Leg Red Meat (1 kg), Markets"
"3565","Mexico",10.96,"Meal at an Inexpensive Restaurant, Restaurants"
"3566","Mexico",43.86,"Meal for Two at a Mid-Range Restaurant (Three Courses, Without Drinks), Restaurants"
"3567","Mexico",8.5,"Combo Meal at McDonald's (or Equivalent Fast-Food Meal), Restaurants"
"3568","Mexico",2.47,"Domestic Draft Beer (0.5 Liter), Restaurants"
"3569","Mexico",4.39,"Imported Beer (0.33 Liter Bottle), Restaurants"
"3570","Mexico",1.42,"Soft Drink (Coca-Cola or Pepsi, 0.33 Liter Bottle), Restaurants"
"3571","Mexico",1.01,"Bottled Water (0.33 Liter), Restaurants"
"3572","Mexico",1.6,"Milk (Regular, 1 Liter), Markets"
"3573","Mexico",2.73,"Fresh White Bread (500 g Loaf), Markets"
"3574","Mexico",2.49,"Eggs (12, Large Size), Markets"
"3575","Mexico",9.15,"Local Cheese (1 kg), Markets"
"3576","Mexico",1.11,"Bottled Water (1.5 Liter), Markets"
"3577","Mexico",10.96,"Bottle of Wine (Mid-Range), Markets"
"3578","Mexico",1.71,"Domestic Beer (0.5 Liter Bottle), Markets"
"3579","Mexico",3.26,"Imported Beer (0.33 Liter Bottle), Markets"
"3580","Mexico",4.39,"Cigarettes (Pack of 20, Marlboro), Markets"
"3581","Mexico",8.33,"Chicken Fillets (1 kg), Markets"
"3582","Mexico",2.9,"Apples (1 kg), Markets"
"3583","Mexico",2.07,"Oranges (1 kg), Markets"
"3584","Mexico",2.07,"Potatoes (1 kg), Markets"
"3585","Mexico",1.39,"Lettuce (1 Head), Markets"
"3586","Mexico",3.55,"Cappuccino (Regular Size), Restaurants"
"3587","Mexico",1.79,"White Rice (1 kg), Markets"
"3588","Mexico",1.95,"Tomatoes (1 kg), Markets"
"3589","Mexico",1.57,"Bananas (1 kg), Markets"
"3590","Mexico",2.16,"Onions (1 kg), Markets"
"3591","Mexico",11.63,"Beef Round or Equivalent Back Leg Red Meat (1 kg), Markets"
"3592","Micronesia",30,"Meal at an Inexpensive Restaurant, Restaurants"
"3593","Micronesia",45,"Meal for Two at a Mid-Range Restaurant (Three Courses, Without Drinks), Restaurants"
"3594","Micronesia",6.75,"Combo Meal at McDonald's (or Equivalent Fast-Food Meal), Restaurants"
"3595","Micronesia",1,"Domestic Draft Beer (0.5 Liter), Restaurants"
"3596","Micronesia",2.5,"Imported Beer (0.33 Liter Bottle), Restaurants"
"3597","Micronesia",1.47,"Soft Drink (Coca-Cola or Pepsi, 0.33 Liter Bottle), Restaurants"
"3598","Micronesia",3,"Bottled Water (0.33 Liter), Restaurants"
"3599","Micronesia",0.24,"Milk (Regular, 1 Liter), Markets"
"3600","Micronesia",3.06,"Fresh White Bread (500 g Loaf), Markets"
"3601","Micronesia",7.25,"Eggs (12, Large Size), Markets"
"3602","Micronesia",6.42,"Local Cheese (1 kg), Markets"
"3603","Micronesia",1.37,"Bottled Water (1.5 Liter), Markets"
"3604","Micronesia",4.88,"Bottle of Wine (Mid-Range), Markets"
"3605","Micronesia",2.61,"Domestic Beer (0.5 Liter Bottle), Markets"
"3606","Micronesia",2.8,"Imported Beer (0.33 Liter Bottle), Markets"
"3607","Micronesia",13.5,"Cigarettes (Pack of 20, Marlboro), Markets"
"3608","Micronesia",4.8,"Chicken Fillets (1 kg), Markets"
"3609","Micronesia",5.47,"Apples (1 kg), Markets"
"3610","Micronesia",5.14,"Oranges (1 kg), Markets"
"3611","Micronesia",4.5,"Potatoes (1 kg), Markets"
"3612","Micronesia",3.13,"Lettuce (1 Head), Markets"
"3613","Micronesia",3.83,"Cappuccino (Regular Size), Restaurants"
"3614","Micronesia",3.38,"White Rice (1 kg), Markets"
"3615","Micronesia",3.75,"Tomatoes (1 kg), Markets"
"3616","Micronesia",3.8,"Bananas (1 kg), Markets"
"3617","Micronesia",2.95,"Onions (1 kg), Markets"
"3618","Micronesia",11.02,"Beef Round or Equivalent Back Leg Red Meat (1 kg), Markets"
"3619","Moldova",8.83,"Meal at an Inexpensive Restaurant, Restaurants"
"3620","Moldova",35.32,"Meal for Two at a Mid-Range Restaurant (Three Courses, Without Drinks), Restaurants"
"3621","Moldova",8.24,"Combo Meal at McDonald's (or Equivalent Fast-Food Meal), Restaurants"
"3622","Moldova",1.77,"Domestic Draft Beer (0.5 Liter), Restaurants"
"3623","Moldova",2.06,"Imported Beer (0.33 Liter Bottle), Restaurants"
"3624","Moldova",0.9,"Soft Drink (Coca-Cola or Pepsi, 0.33 Liter Bottle), Restaurants"
"3625","Moldova",0.6,"Bottled Water (0.33 Liter), Restaurants"
"3626","Moldova",1.23,"Milk (Regular, 1 Liter), Markets"
"3627","Moldova",0.62,"Fresh White Bread (500 g Loaf), Markets"
"3628","Moldova",2.52,"Eggs (12, Large Size), Markets"
"3629","Moldova",10.35,"Local Cheese (1 kg), Markets"
"3630","Moldova",0.87,"Bottled Water (1.5 Liter), Markets"
"3631","Moldova",5,"Bottle of Wine (Mid-Range), Markets"
"3632","Moldova",1.26,"Domestic Beer (0.5 Liter Bottle), Markets"
"3633","Moldova",2.06,"Imported Beer (0.33 Liter Bottle), Markets"
"3634","Moldova",3.53,"Cigarettes (Pack of 20, Marlboro), Markets"
"3635","Moldova",5.47,"Chicken Fillets (1 kg), Markets"
"3636","Moldova",0.94,"Apples (1 kg), Markets"
"3637","Moldova",1.82,"Oranges (1 kg), Markets"
"3638","Moldova",0.78,"Potatoes (1 kg), Markets"
"3639","Moldova",1.33,"Lettuce (1 Head), Markets"
"3640","Moldova",1.74,"Cappuccino (Regular Size), Restaurants"
"3641","Moldova",1.45,"White Rice (1 kg), Markets"
"3642","Moldova",2.05,"Tomatoes (1 kg), Markets"
"3643","Moldova",1.9,"Bananas (1 kg), Markets"
"3644","Moldova",0.57,"Onions (1 kg), Markets"
"3645","Moldova",8.79,"Beef Round or Equivalent Back Leg Red Meat (1 kg), Markets"
"3646","Monaco",29.11,"Meal at an Inexpensive Restaurant, Restaurants"
"3647","Monaco",174.67,"Meal for Two at a Mid-Range Restaurant (Three Courses, Without Drinks), Restaurants"
"3648","Monaco",12.81,"Combo Meal at McDonald's (or Equivalent Fast-Food Meal), Restaurants"
"3649","Monaco",10.48,"Domestic Draft Beer (0.5 Liter), Restaurants"
"3650","Monaco",9.43,"Imported Beer (0.33 Liter Bottle), Restaurants"
"3651","Monaco",6.81,"Soft Drink (Coca-Cola or Pepsi, 0.33 Liter Bottle), Restaurants"
"3652","Monaco",8.16,"Bottled Water (0.33 Liter), Restaurants"
"3653","Monaco",2.18,"Milk (Regular, 1 Liter), Markets"
"3654","Monaco",5.24,"Fresh White Bread (500 g Loaf), Markets"
"3655","Monaco",5.23,"Eggs (12, Large Size), Markets"
"3656","Monaco",23.29,"Local Cheese (1 kg), Markets"
"3657","Monaco",9.7,"Bottled Water (1.5 Liter), Markets"
"3658","Monaco",13.97,"Bottle of Wine (Mid-Range), Markets"
"3659","Monaco",1.8,"Domestic Beer (0.5 Liter Bottle), Markets"
"3660","Monaco",5.03,"Imported Beer (0.33 Liter Bottle), Markets"
"3661","Monaco",15.43,"Cigarettes (Pack of 20, Marlboro), Markets"
"3662","Monaco",20.38,"Chicken Fillets (1 kg), Markets"
"3663","Monaco",4.42,"Apples (1 kg), Markets"
"3664","Monaco",4.01,"Oranges (1 kg), Markets"
"3665","Monaco",5.05,"Potatoes (1 kg), Markets"
"3666","Monaco",2.52,"Lettuce (1 Head), Markets"
"3667","Monaco",4.75,"Cappuccino (Regular Size), Restaurants"
"3668","Monaco",3.16,"White Rice (1 kg), Markets"
"3669","Monaco",5.62,"Tomatoes (1 kg), Markets"
"3670","Monaco",6.21,"Bananas (1 kg), Markets"
"3671","Monaco",4.65,"Onions (1 kg), Markets"
"3672","Monaco",23.29,"Beef Round or Equivalent Back Leg Red Meat (1 kg), Markets"
"3673","Mongolia",4.61,"Meal at an Inexpensive Restaurant, Restaurants"
"3674","Mongolia",27.92,"Meal for Two at a Mid-Range Restaurant (Three Courses, Without Drinks), Restaurants"
"3675","Mongolia",5.15,"Combo Meal at McDonald's (or Equivalent Fast-Food Meal), Restaurants"
"3676","Mongolia",1.95,"Domestic Draft Beer (0.5 Liter), Restaurants"
"3677","Mongolia",2.23,"Imported Beer (0.33 Liter Bottle), Restaurants"
"3678","Mongolia",0.66,"Soft Drink (Coca-Cola or Pepsi, 0.33 Liter Bottle), Restaurants"
"3679","Mongolia",0.4,"Bottled Water (0.33 Liter), Restaurants"
"3680","Mongolia",1.38,"Milk (Regular, 1 Liter), Markets"
"3681","Mongolia",0.84,"Fresh White Bread (500 g Loaf), Markets"
"3682","Mongolia",2.15,"Eggs (12, Large Size), Markets"
"3683","Mongolia",10.15,"Local Cheese (1 kg), Markets"
"3684","Mongolia",0.7,"Bottled Water (1.5 Liter), Markets"
"3685","Mongolia",8.65,"Bottle of Wine (Mid-Range), Markets"
"3686","Mongolia",1.34,"Domestic Beer (0.5 Liter Bottle), Markets"
"3687","Mongolia",1.67,"Imported Beer (0.33 Liter Bottle), Markets"
"3688","Mongolia",1.67,"Cigarettes (Pack of 20, Marlboro), Markets"
"3689","Mongolia",5.37,"Chicken Fillets (1 kg), Markets"
"3690","Mongolia",2.96,"Apples (1 kg), Markets"
"3691","Mongolia",3.66,"Oranges (1 kg), Markets"
"3692","Mongolia",0.67,"Potatoes (1 kg), Markets"
"3693","Mongolia",1.16,"Lettuce (1 Head), Markets"
"3694","Mongolia",2.4,"Cappuccino (Regular Size), Restaurants"
"3695","Mongolia",1.88,"White Rice (1 kg), Markets"
"3696","Mongolia",2.65,"Tomatoes (1 kg), Markets"
"3697","Mongolia",2.19,"Bananas (1 kg), Markets"
"3698","Mongolia",0.96,"Onions (1 kg), Markets"
"3699","Mongolia",4.59,"Beef Round or Equivalent Back Leg Red Meat (1 kg), Markets"
"3700","Montenegro",11.64,"Meal at an Inexpensive Restaurant, Restaurants"
"3701","Montenegro",49.49,"Meal for Two at a Mid-Range Restaurant (Three Courses, Without Drinks), Restaurants"
"3702","Montenegro",9.9,"Combo Meal at McDonald's (or Equivalent Fast-Food Meal), Restaurants"
"3703","Montenegro",2.91,"Domestic Draft Beer (0.5 Liter), Restaurants"
"3704","Montenegro",3.49,"Imported Beer (0.33 Liter Bottle), Restaurants"
"3705","Montenegro",2.42,"Soft Drink (Coca-Cola or Pepsi, 0.33 Liter Bottle), Restaurants"
"3706","Montenegro",1.54,"Bottled Water (0.33 Liter), Restaurants"
"3707","Montenegro",1.33,"Milk (Regular, 1 Liter), Markets"
"3708","Montenegro",1.03,"Fresh White Bread (500 g Loaf), Markets"
"3709","Montenegro",3.24,"Eggs (12, Large Size), Markets"
"3710","Montenegro",9.16,"Local Cheese (1 kg), Markets"
"3711","Montenegro",0.88,"Bottled Water (1.5 Liter), Markets"
"3712","Montenegro",5.82,"Bottle of Wine (Mid-Range), Markets"
"3713","Montenegro",1.14,"Domestic Beer (0.5 Liter Bottle), Markets"
"3714","Montenegro",1.76,"Imported Beer (0.33 Liter Bottle), Markets"
"3715","Montenegro",4.19,"Cigarettes (Pack of 20, Marlboro), Markets"
"3716","Montenegro",8.11,"Chicken Fillets (1 kg), Markets"
"3717","Montenegro",1.43,"Apples (1 kg), Markets"
"3718","Montenegro",1.62,"Oranges (1 kg), Markets"
"3719","Montenegro",1,"Potatoes (1 kg), Markets"
"3720","Montenegro",1.61,"Lettuce (1 Head), Markets"
"3721","Montenegro",2.52,"Cappuccino (Regular Size), Restaurants"
"3722","Montenegro",2.35,"White Rice (1 kg), Markets"
"3723","Montenegro",2.64,"Tomatoes (1 kg), Markets"
"3724","Montenegro",1.74,"Bananas (1 kg), Markets"
"3725","Montenegro",1.16,"Onions (1 kg), Markets"
"3726","Montenegro",12.16,"Beef Round or Equivalent Back Leg Red Meat (1 kg), Markets"
"3727","Montserrat",18.5,"Meal at an Inexpensive Restaurant, Restaurants"
"3728","Montserrat",48.1,"Meal for Two at a Mid-Range Restaurant (Three Courses, Without Drinks), Restaurants"
"3729","Montserrat",7.4,"Combo Meal at McDonald's (or Equivalent Fast-Food Meal), Restaurants"
"3730","Montserrat",2.59,"Domestic Draft Beer (0.5 Liter), Restaurants"
"3731","Montserrat",4.44,"Imported Beer (0.33 Liter Bottle), Restaurants"
"3732","Montserrat",2.47,"Soft Drink (Coca-Cola or Pepsi, 0.33 Liter Bottle), Restaurants"
"3733","Montserrat",1.42,"Bottled Water (0.33 Liter), Restaurants"
"3734","Montserrat",3.33,"Milk (Regular, 1 Liter), Markets"
"3735","Montserrat",2.96,"Fresh White Bread (500 g Loaf), Markets"
"3736","Montserrat",7.1,"Eggs (12, Large Size), Markets"
"3737","Montserrat",5.92,"Local Cheese (1 kg), Markets"
"3738","Montserrat",21.28,"Bottle of Wine (Mid-Range), Markets"
"3739","Montserrat",4.44,"Imported Beer (0.33 Liter Bottle), Markets"
"3740","Montserrat",9.25,"Chicken Fillets (1 kg), Markets"
"3741","Montserrat",3.26,"Apples (1 kg), Markets"
"3742","Montserrat",5.18,"Lettuce (1 Head), Markets"
"3743","Montserrat",6.29,"Cappuccino (Regular Size), Restaurants"
"3744","Montserrat",4.44,"Tomatoes (1 kg), Markets"
"3745","Montserrat",2.22,"Onions (1 kg), Markets"
"3746","Montserrat",24.05,"Beef Round or Equivalent Back Leg Red Meat (1 kg), Markets"
"3747","Morocco",4.33,"Meal at an Inexpensive Restaurant, Restaurants"
"3748","Morocco",27.09,"Meal for Two at a Mid-Range Restaurant (Three Courses, Without Drinks), Restaurants"
"3749","Morocco",6.5,"Combo Meal at McDonald's (or Equivalent Fast-Food Meal), Restaurants"
"3750","Morocco",3.25,"Domestic Draft Beer (0.5 Liter), Restaurants"
"3751","Morocco",3.79,"Imported Beer (0.33 Liter Bottle), Restaurants"
"3752","Morocco",0.62,"Soft Drink (Coca-Cola or Pepsi, 0.33 Liter Bottle), Restaurants"
"3753","Morocco",0.38,"Bottled Water (0.33 Liter), Restaurants"
"3754","Morocco",0.91,"Milk (Regular, 1 Liter), Markets"
"3755","Morocco",0.55,"Fresh White Bread (500 g Loaf), Markets"
"3756","Morocco",1.95,"Eggs (12, Large Size), Markets"
"3757","Morocco",10.66,"Local Cheese (1 kg), Markets"
"3758","Morocco",0.61,"Bottled Water (1.5 Liter), Markets"
"3759","Morocco",7.59,"Bottle of Wine (Mid-Range), Markets"
"3760","Morocco",2.62,"Domestic Beer (0.5 Liter Bottle), Markets"
"3761","Morocco",2.75,"Imported Beer (0.33 Liter Bottle), Markets"
"3762","Morocco",4.33,"Cigarettes (Pack of 20, Marlboro), Markets"
"3763","Morocco",6.14,"Chicken Fillets (1 kg), Markets"
"3764","Morocco",1.47,"Apples (1 kg), Markets"
"3765","Morocco",0.82,"Oranges (1 kg), Markets"
"3766","Morocco",0.7,"Potatoes (1 kg), Markets"
"3767","Morocco",0.46,"Lettuce (1 Head), Markets"
"3768","Morocco",1.78,"Cappuccino (Regular Size), Restaurants"
"3769","Morocco",1.8,"White Rice (1 kg), Markets"
"3770","Morocco",0.81,"Tomatoes (1 kg), Markets"
"3771","Morocco",1.34,"Bananas (1 kg), Markets"
"3772","Morocco",0.73,"Onions (1 kg), Markets"
"3773","Morocco",10.85,"Beef Round or Equivalent Back Leg Red Meat (1 kg), Markets"
"3774","Mozambique",9.11,"Meal at an Inexpensive Restaurant, Restaurants"
"3775","Mozambique",43.04,"Meal for Two at a Mid-Range Restaurant (Three Courses, Without Drinks), Restaurants"
"3776","Mozambique",7.82,"Combo Meal at McDonald's (or Equivalent Fast-Food Meal), Restaurants"
"3777","Mozambique",1.56,"Domestic Draft Beer (0.5 Liter), Restaurants"
"3778","Mozambique",1.56,"Imported Beer (0.33 Liter Bottle), Restaurants"
"3779","Mozambique",0.89,"Soft Drink (Coca-Cola or Pepsi, 0.33 Liter Bottle), Restaurants"
"3780","Mozambique",0.58,"Bottled Water (0.33 Liter), Restaurants"
"3781","Mozambique",1.63,"Milk (Regular, 1 Liter), Markets"
"3782","Mozambique",0.88,"Fresh White Bread (500 g Loaf), Markets"
"3783","Mozambique",2.3,"Eggs (12, Large Size), Markets"
"3784","Mozambique",15.13,"Local Cheese (1 kg), Markets"
"3785","Mozambique",0.75,"Bottled Water (1.5 Liter), Markets"
"3786","Mozambique",7.04,"Bottle of Wine (Mid-Range), Markets"
"3787","Mozambique",0.98,"Domestic Beer (0.5 Liter Bottle), Markets"
"3788","Mozambique",1.41,"Imported Beer (0.33 Liter Bottle), Markets"
"3789","Mozambique",2.58,"Cigarettes (Pack of 20, Marlboro), Markets"
"3790","Mozambique",5.06,"Chicken Fillets (1 kg), Markets"
"3791","Mozambique",2.3,"Apples (1 kg), Markets"
"3792","Mozambique",2.01,"Oranges (1 kg), Markets"
"3793","Mozambique",1.06,"Potatoes (1 kg), Markets"
"3794","Mozambique",0.92,"Lettuce (1 Head), Markets"
"3795","Mozambique",2.21,"Cappuccino (Regular Size), Restaurants"
"3796","Mozambique",1.59,"White Rice (1 kg), Markets"
"3797","Mozambique",1.39,"Tomatoes (1 kg), Markets"
"3798","Mozambique",1.02,"Bananas (1 kg), Markets"
"3799","Mozambique",0.84,"Onions (1 kg), Markets"
"3800","Mozambique",5.35,"Beef Round or Equivalent Back Leg Red Meat (1 kg), Markets"
"3801","Myanmar",2,"Meal at an Inexpensive Restaurant, Restaurants"
"3802","Myanmar",18.46,"Meal for Two at a Mid-Range Restaurant (Three Courses, Without Drinks), Restaurants"
"3803","Myanmar",5,"Combo Meal at McDonald's (or Equivalent Fast-Food Meal), Restaurants"
"3804","Myanmar",1,"Domestic Draft Beer (0.5 Liter), Restaurants"
"3805","Myanmar",1.5,"Imported Beer (0.33 Liter Bottle), Restaurants"
"3806","Myanmar",0.94,"Soft Drink (Coca-Cola or Pepsi, 0.33 Liter Bottle), Restaurants"
"3807","Myanmar",0.67,"Bottled Water (0.33 Liter), Restaurants"
"3808","Myanmar",1.56,"Milk (Regular, 1 Liter), Markets"
"3809","Myanmar",1.02,"Fresh White Bread (500 g Loaf), Markets"
"3810","Myanmar",1.77,"Eggs (12, Large Size), Markets"
"3811","Myanmar",8.14,"Local Cheese (1 kg), Markets"
"3812","Myanmar",0.44,"Bottled Water (1.5 Liter), Markets"
"3813","Myanmar",9.59,"Bottle of Wine (Mid-Range), Markets"
"3814","Myanmar",0.9,"Domestic Beer (0.5 Liter Bottle), Markets"
"3815","Myanmar",1.37,"Imported Beer (0.33 Liter Bottle), Markets"
"3816","Myanmar",1.64,"Cigarettes (Pack of 20, Marlboro), Markets"
"3817","Myanmar",5.32,"Chicken Fillets (1 kg), Markets"
"3818","Myanmar",5.1,"Apples (1 kg), Markets"
"3819","Myanmar",3.07,"Oranges (1 kg), Markets"
"3820","Myanmar",2.02,"Potatoes (1 kg), Markets"
"3821","Myanmar",1.07,"Lettuce (1 Head), Markets"
"3822","Myanmar",1.44,"Cappuccino (Regular Size), Restaurants"
"3823","Myanmar",1.48,"White Rice (1 kg), Markets"
"3824","Myanmar",2.63,"Tomatoes (1 kg), Markets"
"3825","Myanmar",1.05,"Bananas (1 kg), Markets"
"3826","Myanmar",1.28,"Onions (1 kg), Markets"
"3827","Myanmar",7.22,"Beef Round or Equivalent Back Leg Red Meat (1 kg), Markets"
"3828","Namibia",7.94,"Meal at an Inexpensive Restaurant, Restaurants"
"3829","Namibia",35.28,"Meal for Two at a Mid-Range Restaurant (Three Courses, Without Drinks), Restaurants"
"3830","Namibia",5,"Combo Meal at McDonald's (or Equivalent Fast-Food Meal), Restaurants"
"3831","Namibia",1.47,"Domestic Draft Beer (0.5 Liter), Restaurants"
"3832","Namibia",1.76,"Imported Beer (0.33 Liter Bottle), Restaurants"
"3833","Namibia",0.95,"Soft Drink (Coca-Cola or Pepsi, 0.33 Liter Bottle), Restaurants"
"3834","Namibia",0.94,"Bottled Water (0.33 Liter), Restaurants"
"3835","Namibia",1.43,"Milk (Regular, 1 Liter), Markets"
"3836","Namibia",0.89,"Fresh White Bread (500 g Loaf), Markets"
"3837","Namibia",2.83,"Eggs (12, Large Size), Markets"
"3838","Namibia",8.74,"Local Cheese (1 kg), Markets"
"3839","Namibia",1.1,"Bottled Water (1.5 Liter), Markets"
"3840","Namibia",5.88,"Bottle of Wine (Mid-Range), Markets"
"3841","Namibia",1.32,"Domestic Beer (0.5 Liter Bottle), Markets"
"3842","Namibia",1.76,"Imported Beer (0.33 Liter Bottle), Markets"
"3843","Namibia",3,"Cigarettes (Pack of 20, Marlboro), Markets"
"3844","Namibia",5.61,"Chicken Fillets (1 kg), Markets"
"3845","Namibia",2.01,"Apples (1 kg), Markets"
"3846","Namibia",1.71,"Oranges (1 kg), Markets"
"3847","Namibia",1.92,"Potatoes (1 kg), Markets"
"3848","Namibia",1.95,"Lettuce (1 Head), Markets"
"3849","Namibia",1.85,"Cappuccino (Regular Size), Restaurants"
"3850","Namibia",1.95,"White Rice (1 kg), Markets"
"3851","Namibia",2.09,"Tomatoes (1 kg), Markets"
"3852","Namibia",2,"Bananas (1 kg), Markets"
"3853","Namibia",1.76,"Onions (1 kg), Markets"
"3854","Namibia",8.22,"Beef Round or Equivalent Back Leg Red Meat (1 kg), Markets"
"3855","Nauru",9.91,"Meal at an Inexpensive Restaurant, Restaurants"
"3856","Nauru",23.13,"Meal for Two at a Mid-Range Restaurant (Three Courses, Without Drinks), Restaurants"
"3857","Nauru",9.91,"Combo Meal at McDonald's (or Equivalent Fast-Food Meal), Restaurants"
"3858","Nauru",6.61,"Domestic Draft Beer (0.5 Liter), Restaurants"
"3859","Nauru",4.63,"Imported Beer (0.33 Liter Bottle), Restaurants"
"3860","Nauru",0.99,"Soft Drink (Coca-Cola or Pepsi, 0.33 Liter Bottle), Restaurants"
"3861","Nauru",0.99,"Bottled Water (0.33 Liter), Restaurants"
"3862","Nauru",2.97,"Milk (Regular, 1 Liter), Markets"
"3863","Nauru",1.65,"Fresh White Bread (500 g Loaf), Markets"
"3864","Nauru",16.52,"Bottle of Wine (Mid-Range), Markets"
"3865","Nauru",3.3,"Potatoes (1 kg), Markets"
"3866","Nauru",3.3,"Lettuce (1 Head), Markets"
"3867","Nauru",3.3,"Cappuccino (Regular Size), Restaurants"
"3868","Nauru",3.3,"Onions (1 kg), Markets"
"3869","Nepal",1.74,"Meal at an Inexpensive Restaurant, Restaurants"
"3870","Nepal",14.26,"Meal for Two at a Mid-Range Restaurant (Three Courses, Without Drinks), Restaurants"
"3871","Nepal",6.96,"Combo Meal at McDonald's (or Equivalent Fast-Food Meal), Restaurants"
"3872","Nepal",2.26,"Domestic Draft Beer (0.5 Liter), Restaurants"
"3873","Nepal",3.48,"Imported Beer (0.33 Liter Bottle), Restaurants"
"3874","Nepal",0.48,"Soft Drink (Coca-Cola or Pepsi, 0.33 Liter Bottle), Restaurants"
"3875","Nepal",0.16,"Bottled Water (0.33 Liter), Restaurants"
"3876","Nepal",0.72,"Milk (Regular, 1 Liter), Markets"
"3877","Nepal",0.46,"Fresh White Bread (500 g Loaf), Markets"
"3878","Nepal",1.55,"Eggs (12, Large Size), Markets"
"3879","Nepal",7.13,"Local Cheese (1 kg), Markets"
"3880","Nepal",0.25,"Bottled Water (1.5 Liter), Markets"
"3881","Nepal",6.96,"Bottle of Wine (Mid-Range), Markets"
"3882","Nepal",2.27,"Domestic Beer (0.5 Liter Bottle), Markets"
"3883","Nepal",3.16,"Imported Beer (0.33 Liter Bottle), Markets"
"3884","Nepal",2.78,"Cigarettes (Pack of 20, Marlboro), Markets"
"3885","Nepal",3,"Chicken Fillets (1 kg), Markets"
"3886","Nepal",2.15,"Apples (1 kg), Markets"
"3887","Nepal",1.11,"Oranges (1 kg), Markets"
"3888","Nepal",0.41,"Potatoes (1 kg), Markets"
"3889","Nepal",0.45,"Lettuce (1 Head), Markets"
"3890","Nepal",1.52,"Cappuccino (Regular Size), Restaurants"
"3891","Nepal",0.8,"White Rice (1 kg), Markets"
"3892","Nepal",0.6,"Tomatoes (1 kg), Markets"
"3893","Nepal",0.96,"Bananas (1 kg), Markets"
"3894","Nepal",0.61,"Onions (1 kg), Markets"
"3895","Nepal",5.67,"Beef Round or Equivalent Back Leg Red Meat (1 kg), Markets"
"3896","Netherlands",23.29,"Meal at an Inexpensive Restaurant, Restaurants"
"3897","Netherlands",93.16,"Meal for Two at a Mid-Range Restaurant (Three Courses, Without Drinks), Restaurants"
"3898","Netherlands",13.97,"Combo Meal at McDonald's (or Equivalent Fast-Food Meal), Restaurants"
"3899","Netherlands",6.99,"Domestic Draft Beer (0.5 Liter), Restaurants"
"3900","Netherlands",5.82,"Imported Beer (0.33 Liter Bottle), Restaurants"
"3901","Netherlands",3.64,"Soft Drink (Coca-Cola or Pepsi, 0.33 Liter Bottle), Restaurants"
"3902","Netherlands",3,"Bottled Water (0.33 Liter), Restaurants"
"3903","Netherlands",1.37,"Milk (Regular, 1 Liter), Markets"
"3904","Netherlands",2.32,"Fresh White Bread (500 g Loaf), Markets"
"3905","Netherlands",4.97,"Eggs (12, Large Size), Markets"
"3906","Netherlands",14.31,"Local Cheese (1 kg), Markets"
"3907","Netherlands",0.94,"Bottled Water (1.5 Liter), Markets"
"3908","Netherlands",6.99,"Bottle of Wine (Mid-Range), Markets"
"3909","Netherlands",1.55,"Domestic Beer (0.5 Liter Bottle), Markets"
"3910","Netherlands",2.72,"Imported Beer (0.33 Liter Bottle), Markets"
"3911","Netherlands",14.56,"Cigarettes (Pack of 20, Marlboro), Markets"
"3912","Netherlands",15.27,"Chicken Fillets (1 kg), Markets"
"3913","Netherlands",2.74,"Apples (1 kg), Markets"
"3914","Netherlands",2.02,"Oranges (1 kg), Markets"
"3915","Netherlands",1.98,"Potatoes (1 kg), Markets"
"3916","Netherlands",1.3,"Lettuce (1 Head), Markets"
"3917","Netherlands",4.25,"Cappuccino (Regular Size), Restaurants"
"3918","Netherlands",2.94,"White Rice (1 kg), Markets"
"3919","Netherlands",4.43,"Tomatoes (1 kg), Markets"
"3920","Netherlands",2.53,"Bananas (1 kg), Markets"
"3921","Netherlands",2.06,"Onions (1 kg), Markets"
"3922","Netherlands",17.35,"Beef Round or Equivalent Back Leg Red Meat (1 kg), Markets"
"3923","New Caledonia",19.52,"Meal at an Inexpensive Restaurant, Restaurants"
"3924","New Caledonia",97.58,"Meal for Two at a Mid-Range Restaurant (Three Courses, Without Drinks), Restaurants"
"3925","New Caledonia",14.64,"Combo Meal at McDonald's (or Equivalent Fast-Food Meal), Restaurants"
"3926","New Caledonia",10.49,"Domestic Draft Beer (0.5 Liter), Restaurants"
"3927","New Caledonia",8.05,"Imported Beer (0.33 Liter Bottle), Restaurants"
"3928","New Caledonia",1.95,"Soft Drink (Coca-Cola or Pepsi, 0.33 Liter Bottle), Restaurants"
"3929","New Caledonia",1.17,"Bottled Water (0.33 Liter), Restaurants"
"3930","New Caledonia",1.25,"Milk (Regular, 1 Liter), Markets"
"3931","New Caledonia",3.61,"Fresh White Bread (500 g Loaf), Markets"
"3932","New Caledonia",6.45,"Eggs (12, Large Size), Markets"
"3933","New Caledonia",30.9,"Local Cheese (1 kg), Markets"
"3934","New Caledonia",1.53,"Bottled Water (1.5 Liter), Markets"
"3935","New Caledonia",15.61,"Bottle of Wine (Mid-Range), Markets"
"3936","New Caledonia",5.36,"Domestic Beer (0.5 Liter Bottle), Markets"
"3937","New Caledonia",6.18,"Imported Beer (0.33 Liter Bottle), Markets"
"3938","New Caledonia",19.71,"Cigarettes (Pack of 20, Marlboro), Markets"
"3939","New Caledonia",24.88,"Chicken Fillets (1 kg), Markets"
"3940","New Caledonia",4.23,"Apples (1 kg), Markets"
"3941","New Caledonia",6.59,"Oranges (1 kg), Markets"
"3942","New Caledonia",4.02,"Potatoes (1 kg), Markets"
"3943","New Caledonia",3.32,"Lettuce (1 Head), Markets"
"3944","New Caledonia",4.76,"Cappuccino (Regular Size), Restaurants"
"3945","New Caledonia",2.28,"White Rice (1 kg), Markets"
"3946","New Caledonia",8.29,"Tomatoes (1 kg), Markets"
"3947","New Caledonia",7.44,"Bananas (1 kg), Markets"
"3948","New Caledonia",3.58,"Onions (1 kg), Markets"
"3949","New Caledonia",28.05,"Beef Round or Equivalent Back Leg Red Meat (1 kg), Markets"
"3950","New Zealand",14.42,"Meal at an Inexpensive Restaurant, Restaurants"
"3951","New Zealand",74.99,"Meal for Two at a Mid-Range Restaurant (Three Courses, Without Drinks), Restaurants"
"3952","New Zealand",9.23,"Combo Meal at McDonald's (or Equivalent Fast-Food Meal), Restaurants"
"3953","New Zealand",6.34,"Domestic Draft Beer (0.5 Liter), Restaurants"
"3954","New Zealand",6.92,"Imported Beer (0.33 Liter Bottle), Restaurants"
"3955","New Zealand",2.23,"Soft Drink (Coca-Cola or Pepsi, 0.33 Liter Bottle), Restaurants"
"3956","New Zealand",2.08,"Bottled Water (0.33 Liter), Restaurants"
"3957","New Zealand",1.78,"Milk (Regular, 1 Liter), Markets"
"3958","New Zealand",1.88,"Fresh White Bread (500 g Loaf), Markets"
"3959","New Zealand",6.24,"Eggs (12, Large Size), Markets"
"3960","New Zealand",8.01,"Local Cheese (1 kg), Markets"
"3961","New Zealand",1.07,"Bottled Water (1.5 Liter), Markets"
"3962","New Zealand",9.23,"Bottle of Wine (Mid-Range), Markets"
"3963","New Zealand",2.87,"Domestic Beer (0.5 Liter Bottle), Markets"
"3964","New Zealand",3.33,"Imported Beer (0.33 Liter Bottle), Markets"
"3965","New Zealand",23.59,"Cigarettes (Pack of 20, Marlboro), Markets"
"3966","New Zealand",9.31,"Chicken Fillets (1 kg), Markets"
"3967","New Zealand",2.72,"Apples (1 kg), Markets"
"3968","New Zealand",2.98,"Oranges (1 kg), Markets"
"3969","New Zealand",1.9,"Potatoes (1 kg), Markets"
"3970","New Zealand",2.18,"Lettuce (1 Head), Markets"
"3971","New Zealand",3.38,"Cappuccino (Regular Size), Restaurants"
"3972","New Zealand",1.74,"White Rice (1 kg), Markets"
"3973","New Zealand",4.79,"Tomatoes (1 kg), Markets"
"3974","New Zealand",2.16,"Bananas (1 kg), Markets"
"3975","New Zealand",1.59,"Onions (1 kg), Markets"
"3976","New Zealand",13.28,"Beef Round or Equivalent Back Leg Red Meat (1 kg), Markets"
"3977","Nicaragua",4.4,"Meal at an Inexpensive Restaurant, Restaurants"
"3978","Nicaragua",31.5,"Meal for Two at a Mid-Range Restaurant (Three Courses, Without Drinks), Restaurants"
"3979","Nicaragua",7,"Combo Meal at McDonald's (or Equivalent Fast-Food Meal), Restaurants"
"3980","Nicaragua",1.36,"Domestic Draft Beer (0.5 Liter), Restaurants"
"3981","Nicaragua",2,"Imported Beer (0.33 Liter Bottle), Restaurants"
"3982","Nicaragua",0.81,"Soft Drink (Coca-Cola or Pepsi, 0.33 Liter Bottle), Restaurants"
"3983","Nicaragua",0.64,"Bottled Water (0.33 Liter), Restaurants"
"3984","Nicaragua",1.19,"Milk (Regular, 1 Liter), Markets"
"3985","Nicaragua",2.03,"Fresh White Bread (500 g Loaf), Markets"
"3986","Nicaragua",2.15,"Eggs (12, Large Size), Markets"
"3987","Nicaragua",8.63,"Local Cheese (1 kg), Markets"
"3988","Nicaragua",1.03,"Bottled Water (1.5 Liter), Markets"
"3989","Nicaragua",10,"Bottle of Wine (Mid-Range), Markets"
"3990","Nicaragua",1.41,"Domestic Beer (0.5 Liter Bottle), Markets"
"3991","Nicaragua",2.15,"Imported Beer (0.33 Liter Bottle), Markets"
"3992","Nicaragua",3.17,"Cigarettes (Pack of 20, Marlboro), Markets"
"3993","Nicaragua",6.04,"Chicken Fillets (1 kg), Markets"
"3994","Nicaragua",4.14,"Apples (1 kg), Markets"
"3995","Nicaragua",2.34,"Oranges (1 kg), Markets"
"3996","Nicaragua",3.59,"Potatoes (1 kg), Markets"
"3997","Nicaragua",0.88,"Lettuce (1 Head), Markets"
"3998","Nicaragua",2.17,"Cappuccino (Regular Size), Restaurants"
"3999","Nicaragua",1.58,"White Rice (1 kg), Markets"
"4000","Nicaragua",2.22,"Tomatoes (1 kg), Markets"
"4001","Nicaragua",1.26,"Bananas (1 kg), Markets"
"4002","Nicaragua",2.01,"Onions (1 kg), Markets"
"4003","Nicaragua",7.41,"Beef Round or Equivalent Back Leg Red Meat (1 kg), Markets"
"4004","Niger",5.33,"Meal at an Inexpensive Restaurant, Restaurants"
"4005","Niger",35.5,"Meal for Two at a Mid-Range Restaurant (Three Courses, Without Drinks), Restaurants"
"4006","Niger",10.21,"Combo Meal at McDonald's (or Equivalent Fast-Food Meal), Restaurants"
"4007","Niger",1.55,"Domestic Draft Beer (0.5 Liter), Restaurants"
"4008","Niger",3.55,"Imported Beer (0.33 Liter Bottle), Restaurants"
"4009","Niger",1.49,"Soft Drink (Coca-Cola or Pepsi, 0.33 Liter Bottle), Restaurants"
"4010","Niger",0.71,"Bottled Water (0.33 Liter), Restaurants"
"4011","Niger",2.49,"Milk (Regular, 1 Liter), Markets"
"4012","Niger",0.59,"Fresh White Bread (500 g Loaf), Markets"
"4013","Niger",2.25,"Eggs (12, Large Size), Markets"
"4014","Niger",1.07,"Bottled Water (1.5 Liter), Markets"
"4015","Niger",10.65,"Bottle of Wine (Mid-Range), Markets"
"4016","Niger",1.38,"Domestic Beer (0.5 Liter Bottle), Markets"
"4017","Niger",2.22,"Imported Beer (0.33 Liter Bottle), Markets"
"4018","Niger",2.66,"Cigarettes (Pack of 20, Marlboro), Markets"
"4019","Niger",6.11,"Chicken Fillets (1 kg), Markets"
"4020","Niger",3.55,"Apples (1 kg), Markets"
"4021","Niger",2.96,"Oranges (1 kg), Markets"
"4022","Niger",1.48,"Potatoes (1 kg), Markets"
"4023","Niger",0.89,"Lettuce (1 Head), Markets"
"4024","Niger",3.33,"Cappuccino (Regular Size), Restaurants"
"4025","Niger",1.33,"White Rice (1 kg), Markets"
"4026","Niger",1.72,"Tomatoes (1 kg), Markets"
"4027","Niger",1.66,"Bananas (1 kg), Markets"
"4028","Niger",0.71,"Onions (1 kg), Markets"
"4029","Niger",7.99,"Beef Round or Equivalent Back Leg Red Meat (1 kg), Markets"
"4030","Nigeria",2,"Meal at an Inexpensive Restaurant, Restaurants"
"4031","Nigeria",32.59,"Meal for Two at a Mid-Range Restaurant (Three Courses, Without Drinks), Restaurants"
"4032","Nigeria",5,"Combo Meal at McDonald's (or Equivalent Fast-Food Meal), Restaurants"
"4033","Nigeria",0.96,"Domestic Draft Beer (0.5 Liter), Restaurants"
"4034","Nigeria",1.3,"Imported Beer (0.33 Liter Bottle), Restaurants"
"4035","Nigeria",0.4,"Soft Drink (Coca-Cola or Pepsi, 0.33 Liter Bottle), Restaurants"
"4036","Nigeria",0.27,"Bottled Water (0.33 Liter), Restaurants"
"4037","Nigeria",2.85,"Milk (Regular, 1 Liter), Markets"
"4038","Nigeria",1.23,"Fresh White Bread (500 g Loaf), Markets"
"4039","Nigeria",1.89,"Eggs (12, Large Size), Markets"
"4040","Nigeria",5.72,"Local Cheese (1 kg), Markets"
"4041","Nigeria",0.5,"Bottled Water (1.5 Liter), Markets"
"4042","Nigeria",4,"Bottle of Wine (Mid-Range), Markets"
"4043","Nigeria",0.87,"Domestic Beer (0.5 Liter Bottle), Markets"
"4044","Nigeria",1.16,"Imported Beer (0.33 Liter Bottle), Markets"
"4045","Nigeria",1.3,"Cigarettes (Pack of 20, Marlboro), Markets"
"4046","Nigeria",4.62,"Chicken Fillets (1 kg), Markets"
"4047","Nigeria",3.16,"Apples (1 kg), Markets"
"4048","Nigeria",1.55,"Oranges (1 kg), Markets"
"4049","Nigeria",2.03,"Potatoes (1 kg), Markets"
"4050","Nigeria",0.74,"Lettuce (1 Head), Markets"
"4051","Nigeria",2.16,"Cappuccino (Regular Size), Restaurants"
"4052","Nigeria",2.33,"White Rice (1 kg), Markets"
"4053","Nigeria",1.86,"Tomatoes (1 kg), Markets"
"4054","Nigeria",1.91,"Bananas (1 kg), Markets"
"4055","Nigeria",1.73,"Onions (1 kg), Markets"
"4056","Nigeria",4.59,"Beef Round or Equivalent Back Leg Red Meat (1 kg), Markets"
"4057","Niue",17.3,"Meal at an Inexpensive Restaurant, Restaurants"
"4058","Niue",35.76,"Meal for Two at a Mid-Range Restaurant (Three Courses, Without Drinks), Restaurants"
"4059","Niue",14.42,"Combo Meal at McDonald's (or Equivalent Fast-Food Meal), Restaurants"
"4060","Niue",4.61,"Domestic Draft Beer (0.5 Liter), Restaurants"
"4061","Niue",3.46,"Imported Beer (0.33 Liter Bottle), Restaurants"
"4062","Niue",2.88,"Soft Drink (Coca-Cola or Pepsi, 0.33 Liter Bottle), Restaurants"
"4063","Niue",2.88,"Bottled Water (0.33 Liter), Restaurants"
"4064","Niue",2.31,"Fresh White Bread (500 g Loaf), Markets"
"4065","Niue",2.88,"Eggs (12, Large Size), Markets"
"4066","Niue",14.42,"Bottle of Wine (Mid-Range), Markets"
"4067","Niue",17.3,"Cigarettes (Pack of 20, Marlboro), Markets"
"4068","Niue",2.88,"Cappuccino (Regular Size), Restaurants"
"4069","North Korea",2.91,"Meal at an Inexpensive Restaurant, Restaurants"
"4070","North Korea",23.52,"Meal for Two at a Mid-Range Restaurant (Three Courses, Without Drinks), Restaurants"
"4071","North Korea",12.94,"Combo Meal at McDonald's (or Equivalent Fast-Food Meal), Restaurants"
"4072","North Korea",13.97,"Domestic Draft Beer (0.5 Liter), Restaurants"
"4073","North Korea",2.91,"Imported Beer (0.33 Liter Bottle), Restaurants"
"4074","North Korea",2.29,"Soft Drink (Coca-Cola or Pepsi, 0.33 Liter Bottle), Restaurants"
"4075","North Korea",1.16,"Bottled Water (0.33 Liter), Restaurants"
"4076","North Korea",0.94,"Milk (Regular, 1 Liter), Markets"
"4077","North Korea",2.14,"Fresh White Bread (500 g Loaf), Markets"
"4078","North Korea",2.48,"Eggs (12, Large Size), Markets"
"4079","North Korea",4.66,"Local Cheese (1 kg), Markets"
"4080","North Korea",0.47,"Bottled Water (1.5 Liter), Markets"
"4081","North Korea",8.15,"Bottle of Wine (Mid-Range), Markets"
"4082","North Korea",1.16,"Domestic Beer (0.5 Liter Bottle), Markets"
"4083","North Korea",2.33,"Imported Beer (0.33 Liter Bottle), Markets"
"4084","North Korea",4.66,"Cigarettes (Pack of 20, Marlboro), Markets"
"4085","North Korea",2.33,"Chicken Fillets (1 kg), Markets"
"4086","North Korea",6.99,"Apples (1 kg), Markets"
"4087","North Korea",2.33,"Oranges (1 kg), Markets"
"4088","North Korea",3.49,"Potatoes (1 kg), Markets"
"4089","North Korea",2.33,"Lettuce (1 Head), Markets"
"4090","North Korea",1.16,"Cappuccino (Regular Size), Restaurants"
"4091","North Korea",1.65,"White Rice (1 kg), Markets"
"4092","North Korea",2.33,"Tomatoes (1 kg), Markets"
"4093","North Korea",4.66,"Bananas (1 kg), Markets"
"4094","North Korea",3.49,"Onions (1 kg), Markets"
"4095","North Korea",5.82,"Beef Round or Equivalent Back Leg Red Meat (1 kg), Markets"
"4096","North Macedonia",7.58,"Meal at an Inexpensive Restaurant, Restaurants"
"4097","North Macedonia",28.42,"Meal for Two at a Mid-Range Restaurant (Three Courses, Without Drinks), Restaurants"
"4098","North Macedonia",6.06,"Combo Meal at McDonald's (or Equivalent Fast-Food Meal), Restaurants"
"4099","North Macedonia",2.27,"Domestic Draft Beer (0.5 Liter), Restaurants"
"4100","North Macedonia",2.84,"Imported Beer (0.33 Liter Bottle), Restaurants"
"4101","North Macedonia",1.76,"Soft Drink (Coca-Cola or Pepsi, 0.33 Liter Bottle), Restaurants"
"4102","North Macedonia",1.26,"Bottled Water (0.33 Liter), Restaurants"
"4103","North Macedonia",1.34,"Milk (Regular, 1 Liter), Markets"
"4104","North Macedonia",0.74,"Fresh White Bread (500 g Loaf), Markets"
"4105","North Macedonia",2.24,"Eggs (12, Large Size), Markets"
"4106","North Macedonia",8.89,"Local Cheese (1 kg), Markets"
"4107","North Macedonia",0.57,"Bottled Water (1.5 Liter), Markets"
"4108","North Macedonia",6.63,"Bottle of Wine (Mid-Range), Markets"
"4109","North Macedonia",1.08,"Domestic Beer (0.5 Liter Bottle), Markets"
"4110","North Macedonia",1.45,"Imported Beer (0.33 Liter Bottle), Markets"
"4111","North Macedonia",3.22,"Cigarettes (Pack of 20, Marlboro), Markets"
"4112","North Macedonia",7.08,"Chicken Fillets (1 kg), Markets"
"4113","North Macedonia",1.11,"Apples (1 kg), Markets"
"4114","North Macedonia",1.41,"Oranges (1 kg), Markets"
"4115","North Macedonia",0.92,"Potatoes (1 kg), Markets"
"4116","North Macedonia",0.69,"Lettuce (1 Head), Markets"
"4117","North Macedonia",1.86,"Cappuccino (Regular Size), Restaurants"
"4118","North Macedonia",1.7,"White Rice (1 kg), Markets"
"4119","North Macedonia",2.01,"Tomatoes (1 kg), Markets"
"4120","North Macedonia",1.47,"Bananas (1 kg), Markets"
"4121","North Macedonia",1.01,"Onions (1 kg), Markets"
"4122","North Macedonia",12.68,"Beef Round or Equivalent Back Leg Red Meat (1 kg), Markets"
"4123","Northern Mariana Islands",15,"Meal at an Inexpensive Restaurant, Restaurants"
"4124","Northern Mariana Islands",45,"Meal for Two at a Mid-Range Restaurant (Three Courses, Without Drinks), Restaurants"
"4125","Northern Mariana Islands",14,"Combo Meal at McDonald's (or Equivalent Fast-Food Meal), Restaurants"
"4126","Northern Mariana Islands",6,"Domestic Draft Beer (0.5 Liter), Restaurants"
"4127","Northern Mariana Islands",9,"Imported Beer (0.33 Liter Bottle), Restaurants"
"4128","Northern Mariana Islands",2,"Soft Drink (Coca-Cola or Pepsi, 0.33 Liter Bottle), Restaurants"
"4129","Northern Mariana Islands",1.65,"Bottled Water (0.33 Liter), Restaurants"
"4130","Northern Mariana Islands",3.54,"Milk (Regular, 1 Liter), Markets"
"4131","Northern Mariana Islands",5.63,"Fresh White Bread (500 g Loaf), Markets"
"4132","Northern Mariana Islands",5.99,"Eggs (12, Large Size), Markets"
"4133","Northern Mariana Islands",20,"Local Cheese (1 kg), Markets"
"4134","Northern Mariana Islands",3,"Bottled Water (1.5 Liter), Markets"
"4135","Northern Mariana Islands",29.5,"Bottle of Wine (Mid-Range), Markets"
"4136","Northern Mariana Islands",3,"Domestic Beer (0.5 Liter Bottle), Markets"
"4137","Northern Mariana Islands",4,"Imported Beer (0.33 Liter Bottle), Markets"
"4138","Northern Mariana Islands",20,"Cigarettes (Pack of 20, Marlboro), Markets"
"4139","Northern Mariana Islands",31.61,"Chicken Fillets (1 kg), Markets"
"4140","Northern Mariana Islands",12.3,"Apples (1 kg), Markets"
"4141","Northern Mariana Islands",6.59,"Oranges (1 kg), Markets"
"4142","Northern Mariana Islands",3.06,"Potatoes (1 kg), Markets"
"4143","Northern Mariana Islands",4.99,"Lettuce (1 Head), Markets"
"4144","Northern Mariana Islands",5.5,"Cappuccino (Regular Size), Restaurants"
"4145","Northern Mariana Islands",84,"White Rice (1 kg), Markets"
"4146","Northern Mariana Islands",5,"Tomatoes (1 kg), Markets"
"4147","Northern Mariana Islands",1,"Bananas (1 kg), Markets"
"4148","Northern Mariana Islands",2.96,"Onions (1 kg), Markets"
"4149","Northern Mariana Islands",12.3,"Beef Round or Equivalent Back Leg Red Meat (1 kg), Markets"
"4150","Norway",21.75,"Meal at an Inexpensive Restaurant, Restaurants"
"4151","Norway",104.38,"Meal for Two at a Mid-Range Restaurant (Three Courses, Without Drinks), Restaurants"
"4152","Norway",14.83,"Combo Meal at McDonald's (or Equivalent Fast-Food Meal), Restaurants"
"4153","Norway",10.88,"Domestic Draft Beer (0.5 Liter), Restaurants"
"4154","Norway",9.89,"Imported Beer (0.33 Liter Bottle), Restaurants"
"4155","Norway",3.45,"Soft Drink (Coca-Cola or Pepsi, 0.33 Liter Bottle), Restaurants"
"4156","Norway",2.83,"Bottled Water (0.33 Liter), Restaurants"
"4157","Norway",2.25,"Milk (Regular, 1 Liter), Markets"
"4158","Norway",3.46,"Fresh White Bread (500 g Loaf), Markets"
"4159","Norway",4.61,"Eggs (12, Large Size), Markets"
"4160","Norway",12.3,"Local Cheese (1 kg), Markets"
"4161","Norway",2.17,"Bottled Water (1.5 Liter), Markets"
"4162","Norway",16.81,"Bottle of Wine (Mid-Range), Markets"
"4163","Norway",3.36,"Domestic Beer (0.5 Liter Bottle), Markets"
"4164","Norway",4.19,"Imported Beer (0.33 Liter Bottle), Markets"
"4165","Norway",15.82,"Cigarettes (Pack of 20, Marlboro), Markets"
"4166","Norway",15.25,"Chicken Fillets (1 kg), Markets"
"4167","Norway",3.47,"Apples (1 kg), Markets"
"4168","Norway",3.33,"Oranges (1 kg), Markets"
"4169","Norway",2.38,"Potatoes (1 kg), Markets"
"4170","Norway",2.75,"Lettuce (1 Head), Markets"
"4171","Norway",5.02,"Cappuccino (Regular Size), Restaurants"
"4172","Norway",3.31,"White Rice (1 kg), Markets"
"4173","Norway",4.77,"Tomatoes (1 kg), Markets"
"4174","Norway",2.57,"Bananas (1 kg), Markets"
"4175","Norway",2.67,"Onions (1 kg), Markets"
"4176","Norway",30.15,"Beef Round or Equivalent Back Leg Red Meat (1 kg), Markets"
"4177","Oman",5.2,"Meal at an Inexpensive Restaurant, Restaurants"
"4178","Oman",26.01,"Meal for Two at a Mid-Range Restaurant (Three Courses, Without Drinks), Restaurants"
"4179","Oman",9.1,"Combo Meal at McDonald's (or Equivalent Fast-Food Meal), Restaurants"
"4180","Oman",12.35,"Domestic Draft Beer (0.5 Liter), Restaurants"
"4181","Oman",13,"Imported Beer (0.33 Liter Bottle), Restaurants"
"4182","Oman",0.93,"Soft Drink (Coca-Cola or Pepsi, 0.33 Liter Bottle), Restaurants"
"4183","Oman",0.29,"Bottled Water (0.33 Liter), Restaurants"
"4184","Oman",2,"Milk (Regular, 1 Liter), Markets"
"4185","Oman",1.21,"Fresh White Bread (500 g Loaf), Markets"
"4186","Oman",2.63,"Eggs (12, Large Size), Markets"
"4187","Oman",6.75,"Local Cheese (1 kg), Markets"
"4188","Oman",0.59,"Bottled Water (1.5 Liter), Markets"
"4189","Oman",15.6,"Bottle of Wine (Mid-Range), Markets"
"4190","Oman",4.76,"Domestic Beer (0.5 Liter Bottle), Markets"
"4191","Oman",7.02,"Imported Beer (0.33 Liter Bottle), Markets"
"4192","Oman",6.24,"Cigarettes (Pack of 20, Marlboro), Markets"
"4193","Oman",6.4,"Chicken Fillets (1 kg), Markets"
"4194","Oman",2.68,"Apples (1 kg), Markets"
"4195","Oman",2.04,"Oranges (1 kg), Markets"
"4196","Oman",1.13,"Potatoes (1 kg), Markets"
"4197","Oman",1.14,"Lettuce (1 Head), Markets"
"4198","Oman",4.85,"Cappuccino (Regular Size), Restaurants"
"4199","Oman",1.8,"White Rice (1 kg), Markets"
"4200","Oman",1.23,"Tomatoes (1 kg), Markets"
"4201","Oman",1.81,"Bananas (1 kg), Markets"
"4202","Oman",1.21,"Onions (1 kg), Markets"
"4203","Oman",10,"Beef Round or Equivalent Back Leg Red Meat (1 kg), Markets"
"4204","Pakistan",1.77,"Meal at an Inexpensive Restaurant, Restaurants"
"4205","Pakistan",12.42,"Meal for Two at a Mid-Range Restaurant (Three Courses, Without Drinks), Restaurants"
"4206","Pakistan",4.97,"Combo Meal at McDonald's (or Equivalent Fast-Food Meal), Restaurants"
"4207","Pakistan",1.95,"Domestic Draft Beer (0.5 Liter), Restaurants"
"4208","Pakistan",4.26,"Imported Beer (0.33 Liter Bottle), Restaurants"
"4209","Pakistan",0.37,"Soft Drink (Coca-Cola or Pepsi, 0.33 Liter Bottle), Restaurants"
"4210","Pakistan",0.22,"Bottled Water (0.33 Liter), Restaurants"
"4211","Pakistan",0.8,"Milk (Regular, 1 Liter), Markets"
"4212","Pakistan",0.58,"Fresh White Bread (500 g Loaf), Markets"
"4213","Pakistan",1.19,"Eggs (12, Large Size), Markets"
"4214","Pakistan",5.78,"Local Cheese (1 kg), Markets"
"4215","Pakistan",0.38,"Bottled Water (1.5 Liter), Markets"
"4216","Pakistan",1.95,"Bottle of Wine (Mid-Range), Markets"
"4217","Pakistan",1.12,"Domestic Beer (0.5 Liter Bottle), Markets"
"4218","Pakistan",2.19,"Imported Beer (0.33 Liter Bottle), Markets"
"4219","Pakistan",2.13,"Cigarettes (Pack of 20, Marlboro), Markets"
"4220","Pakistan",2.95,"Chicken Fillets (1 kg), Markets"
"4221","Pakistan",1.08,"Apples (1 kg), Markets"
"4222","Pakistan",0.81,"Oranges (1 kg), Markets"
"4223","Pakistan",0.36,"Potatoes (1 kg), Markets"
"4224","Pakistan",0.39,"Lettuce (1 Head), Markets"
"4225","Pakistan",1.86,"Cappuccino (Regular Size), Restaurants"
"4226","Pakistan",1.19,"White Rice (1 kg), Markets"
"4227","Pakistan",0.51,"Tomatoes (1 kg), Markets"
"4228","Pakistan",0.65,"Bananas (1 kg), Markets"
"4229","Pakistan",0.46,"Onions (1 kg), Markets"
"4230","Pakistan",4.5,"Beef Round or Equivalent Back Leg Red Meat (1 kg), Markets"
"4231","Palau",12,"Meal at an Inexpensive Restaurant, Restaurants"
"4232","Palau",75,"Meal for Two at a Mid-Range Restaurant (Three Courses, Without Drinks), Restaurants"
"4233","Palau",10,"Combo Meal at McDonald's (or Equivalent Fast-Food Meal), Restaurants"
"4234","Palau",1.5,"Domestic Draft Beer (0.5 Liter), Restaurants"
"4235","Palau",2.2,"Imported Beer (0.33 Liter Bottle), Restaurants"
"4236","Palau",1.37,"Soft Drink (Coca-Cola or Pepsi, 0.33 Liter Bottle), Restaurants"
"4237","Palau",1.07,"Bottled Water (0.33 Liter), Restaurants"
"4238","Palau",2.64,"Milk (Regular, 1 Liter), Markets"
"4239","Palau",3.13,"Fresh White Bread (500 g Loaf), Markets"
"4240","Palau",5.97,"Eggs (12, Large Size), Markets"
"4241","Palau",10,"Local Cheese (1 kg), Markets"
"4242","Palau",1.67,"Bottled Water (1.5 Liter), Markets"
"4243","Palau",22.5,"Bottle of Wine (Mid-Range), Markets"
"4244","Palau",3.44,"Domestic Beer (0.5 Liter Bottle), Markets"
"4245","Palau",3.35,"Imported Beer (0.33 Liter Bottle), Markets"
"4246","Palau",11.25,"Cigarettes (Pack of 20, Marlboro), Markets"
"4247","Palau",13.88,"Chicken Fillets (1 kg), Markets"
"4248","Palau",5.28,"Apples (1 kg), Markets"
"4249","Palau",5.51,"Oranges (1 kg), Markets"
"4250","Palau",4.61,"Potatoes (1 kg), Markets"
"4251","Palau",2,"Lettuce (1 Head), Markets"
"4252","Palau",4.08,"Cappuccino (Regular Size), Restaurants"
"4253","Palau",0.25,"White Rice (1 kg), Markets"
"4254","Palau",16.53,"Tomatoes (1 kg), Markets"
"4255","Palau",2.2,"Bananas (1 kg), Markets"
"4256","Palau",3.31,"Onions (1 kg), Markets"
"4257","Palau",19.24,"Beef Round or Equivalent Back Leg Red Meat (1 kg), Markets"
"4258","Palestine",9.25,"Meal at an Inexpensive Restaurant, Restaurants"
"4259","Palestine",33.93,"Meal for Two at a Mid-Range Restaurant (Three Courses, Without Drinks), Restaurants"
"4260","Palestine",9.25,"Combo Meal at McDonald's (or Equivalent Fast-Food Meal), Restaurants"
"4261","Palestine",4.63,"Domestic Draft Beer (0.5 Liter), Restaurants"
"4262","Palestine",4.63,"Imported Beer (0.33 Liter Bottle), Restaurants"
"4263","Palestine",0.88,"Soft Drink (Coca-Cola or Pepsi, 0.33 Liter Bottle), Restaurants"
"4264","Palestine",0.67,"Bottled Water (0.33 Liter), Restaurants"
"4265","Palestine",2.08,"Milk (Regular, 1 Liter), Markets"
"4266","Palestine",1.1,"Fresh White Bread (500 g Loaf), Markets"
"4267","Palestine",3.32,"Eggs (12, Large Size), Markets"
"4268","Palestine",7.71,"Local Cheese (1 kg), Markets"
"4269","Palestine",0.86,"Bottled Water (1.5 Liter), Markets"
"4270","Palestine",13.88,"Bottle of Wine (Mid-Range), Markets"
"4271","Palestine",3.29,"Domestic Beer (0.5 Liter Bottle), Markets"
"4272","Palestine",3.18,"Imported Beer (0.33 Liter Bottle), Markets"
"4273","Palestine",8.64,"Cigarettes (Pack of 20, Marlboro), Markets"
"4274","Palestine",8,"Chicken Fillets (1 kg), Markets"
"4275","Palestine",2.36,"Apples (1 kg), Markets"
"4276","Palestine",1.39,"Oranges (1 kg), Markets"
"4277","Palestine",1.33,"Potatoes (1 kg), Markets"
"4278","Palestine",1.45,"Lettuce (1 Head), Markets"
"4279","Palestine",3.06,"Cappuccino (Regular Size), Restaurants"
"4280","Palestine",2.6,"White Rice (1 kg), Markets"
"4281","Palestine",1.68,"Tomatoes (1 kg), Markets"
"4282","Palestine",1.62,"Bananas (1 kg), Markets"
"4283","Palestine",1.27,"Onions (1 kg), Markets"
"4284","Palestine",17.93,"Beef Round or Equivalent Back Leg Red Meat (1 kg), Markets"
"4285","Panama",10,"Meal at an Inexpensive Restaurant, Restaurants"
"4286","Panama",50,"Meal for Two at a Mid-Range Restaurant (Three Courses, Without Drinks), Restaurants"
"4287","Panama",8,"Combo Meal at McDonald's (or Equivalent Fast-Food Meal), Restaurants"
"4288","Panama",2.5,"Domestic Draft Beer (0.5 Liter), Restaurants"
"4289","Panama",3.5,"Imported Beer (0.33 Liter Bottle), Restaurants"
"4290","Panama",1.46,"Soft Drink (Coca-Cola or Pepsi, 0.33 Liter Bottle), Restaurants"
"4291","Panama",1.19,"Bottled Water (0.33 Liter), Restaurants"
"4292","Panama",1.81,"Milk (Regular, 1 Liter), Markets"
"4293","Panama",2.45,"Fresh White Bread (500 g Loaf), Markets"
"4294","Panama",2.7,"Eggs (12, Large Size), Markets"
"4295","Panama",11.78,"Local Cheese (1 kg), Markets"
"4296","Panama",1.55,"Bottled Water (1.5 Liter), Markets"
"4297","Panama",10,"Bottle of Wine (Mid-Range), Markets"
"4298","Panama",1.35,"Domestic Beer (0.5 Liter Bottle), Markets"
"4299","Panama",2.21,"Imported Beer (0.33 Liter Bottle), Markets"
"4300","Panama",5.92,"Cigarettes (Pack of 20, Marlboro), Markets"
"4301","Panama",7.03,"Chicken Fillets (1 kg), Markets"
"4302","Panama",4.01,"Apples (1 kg), Markets"
"4303","Panama",3.28,"Oranges (1 kg), Markets"
"4304","Panama",2.14,"Potatoes (1 kg), Markets"
"4305","Panama",2.23,"Lettuce (1 Head), Markets"
"4306","Panama",3.63,"Cappuccino (Regular Size), Restaurants"
"4307","Panama",2.39,"White Rice (1 kg), Markets"
"4308","Panama",2.96,"Tomatoes (1 kg), Markets"
"4309","Panama",1.31,"Bananas (1 kg), Markets"
"4310","Panama",2.66,"Onions (1 kg), Markets"
"4311","Panama",9.8,"Beef Round or Equivalent Back Leg Red Meat (1 kg), Markets"
"4312","Papua New Guinea",7.66,"Meal at an Inexpensive Restaurant, Restaurants"
"4313","Papua New Guinea",47.14,"Meal for Two at a Mid-Range Restaurant (Three Courses, Without Drinks), Restaurants"
"4314","Papua New Guinea",5.89,"Combo Meal at McDonald's (or Equivalent Fast-Food Meal), Restaurants"
"4315","Papua New Guinea",2.83,"Domestic Draft Beer (0.5 Liter), Restaurants"
"4316","Papua New Guinea",4.24,"Imported Beer (0.33 Liter Bottle), Restaurants"
"4317","Papua New Guinea",0.83,"Soft Drink (Coca-Cola or Pepsi, 0.33 Liter Bottle), Restaurants"
"4318","Papua New Guinea",0.76,"Bottled Water (0.33 Liter), Restaurants"
"4319","Papua New Guinea",1.9,"Milk (Regular, 1 Liter), Markets"
"4320","Papua New Guinea",1.55,"Fresh White Bread (500 g Loaf), Markets"
"4321","Papua New Guinea",3.74,"Eggs (12, Large Size), Markets"
"4322","Papua New Guinea",6.46,"Local Cheese (1 kg), Markets"
"4323","Papua New Guinea",1.03,"Bottled Water (1.5 Liter), Markets"
"4324","Papua New Guinea",11.55,"Bottle of Wine (Mid-Range), Markets"
"4325","Papua New Guinea",2.53,"Domestic Beer (0.5 Liter Bottle), Markets"
"4326","Papua New Guinea",3.24,"Imported Beer (0.33 Liter Bottle), Markets"
"4327","Papua New Guinea",6.48,"Cigarettes (Pack of 20, Marlboro), Markets"
"4328","Papua New Guinea",6.13,"Chicken Fillets (1 kg), Markets"
"4329","Papua New Guinea",4.01,"Apples (1 kg), Markets"
"4330","Papua New Guinea",4.7,"Oranges (1 kg), Markets"
"4331","Papua New Guinea",3.86,"Potatoes (1 kg), Markets"
"4332","Papua New Guinea",2.89,"Lettuce (1 Head), Markets"
"4333","Papua New Guinea",2.42,"Cappuccino (Regular Size), Restaurants"
"4334","Papua New Guinea",1.46,"White Rice (1 kg), Markets"
"4335","Papua New Guinea",5.12,"Tomatoes (1 kg), Markets"
"4336","Papua New Guinea",2.74,"Bananas (1 kg), Markets"
"4337","Papua New Guinea",2.42,"Onions (1 kg), Markets"
"4338","Papua New Guinea",8.29,"Beef Round or Equivalent Back Leg Red Meat (1 kg), Markets"
"4339","Paraguay",5.05,"Meal at an Inexpensive Restaurant, Restaurants"
"4340","Paraguay",28.83,"Meal for Two at a Mid-Range Restaurant (Three Courses, Without Drinks), Restaurants"
"4341","Paraguay",5.77,"Combo Meal at McDonald's (or Equivalent Fast-Food Meal), Restaurants"
"4342","Paraguay",1.44,"Domestic Draft Beer (0.5 Liter), Restaurants"
"4343","Paraguay",2.08,"Imported Beer (0.33 Liter Bottle), Restaurants"
"4344","Paraguay",0.97,"Soft Drink (Coca-Cola or Pepsi, 0.33 Liter Bottle), Restaurants"
"4345","Paraguay",0.54,"Bottled Water (0.33 Liter), Restaurants"
"4346","Paraguay",0.96,"Milk (Regular, 1 Liter), Markets"
"4347","Paraguay",0.98,"Fresh White Bread (500 g Loaf), Markets"
"4348","Paraguay",1.92,"Eggs (12, Large Size), Markets"
"4349","Paraguay",6.95,"Local Cheese (1 kg), Markets"
"4350","Paraguay",0.63,"Bottled Water (1.5 Liter), Markets"
"4351","Paraguay",5.5,"Bottle of Wine (Mid-Range), Markets"
"4352","Paraguay",0.79,"Domestic Beer (0.5 Liter Bottle), Markets"
"4353","Paraguay",1.45,"Imported Beer (0.33 Liter Bottle), Markets"
"4354","Paraguay",1.47,"Cigarettes (Pack of 20, Marlboro), Markets"
"4355","Paraguay",3.53,"Chicken Fillets (1 kg), Markets"
"4356","Paraguay",2.25,"Apples (1 kg), Markets"
"4357","Paraguay",0.98,"Oranges (1 kg), Markets"
"4358","Paraguay",1.07,"Potatoes (1 kg), Markets"
"4359","Paraguay",0.65,"Lettuce (1 Head), Markets"
"4360","Paraguay",2.15,"Cappuccino (Regular Size), Restaurants"
"4361","Paraguay",1.05,"White Rice (1 kg), Markets"
"4362","Paraguay",1.92,"Tomatoes (1 kg), Markets"
"4363","Paraguay",0.94,"Bananas (1 kg), Markets"
"4364","Paraguay",1.12,"Onions (1 kg), Markets"
"4365","Paraguay",7.26,"Beef Round or Equivalent Back Leg Red Meat (1 kg), Markets"
"4366","Peru",4.16,"Meal at an Inexpensive Restaurant, Restaurants"
"4367","Peru",29.73,"Meal for Two at a Mid-Range Restaurant (Three Courses, Without Drinks), Restaurants"
"4368","Peru",7.14,"Combo Meal at McDonald's (or Equivalent Fast-Food Meal), Restaurants"
"4369","Peru",2.38,"Domestic Draft Beer (0.5 Liter), Restaurants"
"4370","Peru",4.46,"Imported Beer (0.33 Liter Bottle), Restaurants"
"4371","Peru",0.97,"Soft Drink (Coca-Cola or Pepsi, 0.33 Liter Bottle), Restaurants"
"4372","Peru",0.57,"Bottled Water (0.33 Liter), Restaurants"
"4373","Peru",1.54,"Milk (Regular, 1 Liter), Markets"
"4374","Peru",2.52,"Fresh White Bread (500 g Loaf), Markets"
"4375","Peru",2.9,"Eggs (12, Large Size), Markets"
"4376","Peru",8.27,"Local Cheese (1 kg), Markets"
"4377","Peru",0.89,"Bottled Water (1.5 Liter), Markets"
"4378","Peru",8.92,"Bottle of Wine (Mid-Range), Markets"
"4379","Peru",1.98,"Domestic Beer (0.5 Liter Bottle), Markets"
"4380","Peru",3.06,"Imported Beer (0.33 Liter Bottle), Markets"
"4381","Peru",5.95,"Cigarettes (Pack of 20, Marlboro), Markets"
"4382","Peru",6.21,"Chicken Fillets (1 kg), Markets"
"4383","Peru",1.98,"Apples (1 kg), Markets"
"4384","Peru",1.17,"Oranges (1 kg), Markets"
"4385","Peru",0.95,"Potatoes (1 kg), Markets"
"4386","Peru",0.79,"Lettuce (1 Head), Markets"
"4387","Peru",2.83,"Cappuccino (Regular Size), Restaurants"
"4388","Peru",1.43,"White Rice (1 kg), Markets"
"4389","Peru",1.21,"Tomatoes (1 kg), Markets"
"4390","Peru",1.08,"Bananas (1 kg), Markets"
"4391","Peru",0.88,"Onions (1 kg), Markets"
"4392","Peru",9.86,"Beef Round or Equivalent Back Leg Red Meat (1 kg), Markets"
"4393","Philippines",3.74,"Meal at an Inexpensive Restaurant, Restaurants"
"4394","Philippines",20.3,"Meal for Two at a Mid-Range Restaurant (Three Courses, Without Drinks), Restaurants"
"4395","Philippines",3.38,"Combo Meal at McDonald's (or Equivalent Fast-Food Meal), Restaurants"
"4396","Philippines",1.27,"Domestic Draft Beer (0.5 Liter), Restaurants"
"4397","Philippines",2.03,"Imported Beer (0.33 Liter Bottle), Restaurants"
"4398","Philippines",0.71,"Soft Drink (Coca-Cola or Pepsi, 0.33 Liter Bottle), Restaurants"
"4399","Philippines",0.38,"Bottled Water (0.33 Liter), Restaurants"
"4400","Philippines",1.79,"Milk (Regular, 1 Liter), Markets"
"4401","Philippines",1.25,"Fresh White Bread (500 g Loaf), Markets"
"4402","Philippines",2.04,"Eggs (12, Large Size), Markets"
"4403","Philippines",7.38,"Local Cheese (1 kg), Markets"
"4404","Philippines",0.69,"Bottled Water (1.5 Liter), Markets"
"4405","Philippines",6.43,"Bottle of Wine (Mid-Range), Markets"
"4406","Philippines",1.19,"Domestic Beer (0.5 Liter Bottle), Markets"
"4407","Philippines",1.84,"Imported Beer (0.33 Liter Bottle), Markets"
"4408","Philippines",3.05,"Cigarettes (Pack of 20, Marlboro), Markets"
"4409","Philippines",4.3,"Chicken Fillets (1 kg), Markets"
"4410","Philippines",2.9,"Apples (1 kg), Markets"
"4411","Philippines",2.61,"Oranges (1 kg), Markets"
"4412","Philippines",2.25,"Potatoes (1 kg), Markets"
"4413","Philippines",1.4,"Lettuce (1 Head), Markets"
"4414","Philippines",2.3,"Cappuccino (Regular Size), Restaurants"
"4415","Philippines",0.95,"White Rice (1 kg), Markets"
"4416","Philippines",1.59,"Tomatoes (1 kg), Markets"
"4417","Philippines",1.46,"Bananas (1 kg), Markets"
"4418","Philippines",2.54,"Onions (1 kg), Markets"
"4419","Philippines",7.22,"Beef Round or Equivalent Back Leg Red Meat (1 kg), Markets"
"4420","Poland",11,"Meal at an Inexpensive Restaurant, Restaurants"
"4421","Poland",49.51,"Meal for Two at a Mid-Range Restaurant (Three Courses, Without Drinks), Restaurants"
"4422","Poland",9.08,"Combo Meal at McDonald's (or Equivalent Fast-Food Meal), Restaurants"
"4423","Poland",4.13,"Domestic Draft Beer (0.5 Liter), Restaurants"
"4424","Poland",4.13,"Imported Beer (0.33 Liter Bottle), Restaurants"
"4425","Poland",2.02,"Soft Drink (Coca-Cola or Pepsi, 0.33 Liter Bottle), Restaurants"
"4426","Poland",1.84,"Bottled Water (0.33 Liter), Restaurants"
"4427","Poland",1.07,"Milk (Regular, 1 Liter), Markets"
"4428","Poland",1.36,"Fresh White Bread (500 g Loaf), Markets"
"4429","Poland",3.5,"Eggs (12, Large Size), Markets"
"4430","Poland",9.48,"Local Cheese (1 kg), Markets"
"4431","Poland",0.67,"Bottled Water (1.5 Liter), Markets"
"4432","Poland",7.15,"Bottle of Wine (Mid-Range), Markets"
"4433","Poland",1.19,"Domestic Beer (0.5 Liter Bottle), Markets"
"4434","Poland",1.73,"Imported Beer (0.33 Liter Bottle), Markets"
"4435","Poland",5.5,"Cigarettes (Pack of 20, Marlboro), Markets"
"4436","Poland",6.81,"Chicken Fillets (1 kg), Markets"
"4437","Poland",1.19,"Apples (1 kg), Markets"
"4438","Poland",1.86,"Oranges (1 kg), Markets"
"4439","Poland",0.95,"Potatoes (1 kg), Markets"
"4440","Poland",1.34,"Lettuce (1 Head), Markets"
"4441","Poland",3.78,"Cappuccino (Regular Size), Restaurants"
"4442","Poland",1.54,"White Rice (1 kg), Markets"
"4443","Poland",2.97,"Tomatoes (1 kg), Markets"
"4444","Poland",1.78,"Bananas (1 kg), Markets"
"4445","Poland",1.14,"Onions (1 kg), Markets"
"4446","Poland",12.82,"Beef Round or Equivalent Back Leg Red Meat (1 kg), Markets"
"4447","Portugal",12.81,"Meal at an Inexpensive Restaurant, Restaurants"
"4448","Portugal",52.4,"Meal for Two at a Mid-Range Restaurant (Three Courses, Without Drinks), Restaurants"
"4449","Portugal",9.32,"Combo Meal at McDonald's (or Equivalent Fast-Food Meal), Restaurants"
"4450","Portugal",2.91,"Domestic Draft Beer (0.5 Liter), Restaurants"
"4451","Portugal",3.49,"Imported Beer (0.33 Liter Bottle), Restaurants"
"4452","Portugal",2.05,"Soft Drink (Coca-Cola or Pepsi, 0.33 Liter Bottle), Restaurants"
"4453","Portugal",1.39,"Bottled Water (0.33 Liter), Restaurants"
"4454","Portugal",1.1,"Milk (Regular, 1 Liter), Markets"
"4455","Portugal",1.65,"Fresh White Bread (500 g Loaf), Markets"
"4456","Portugal",3.28,"Eggs (12, Large Size), Markets"
"4457","Portugal",11.93,"Local Cheese (1 kg), Markets"
"4458","Portugal",0.8,"Bottled Water (1.5 Liter), Markets"
"4459","Portugal",5.81,"Bottle of Wine (Mid-Range), Markets"
"4460","Portugal",1.28,"Domestic Beer (0.5 Liter Bottle), Markets"
"4461","Portugal",2.45,"Imported Beer (0.33 Liter Bottle), Markets"
"4462","Portugal",6.4,"Cigarettes (Pack of 20, Marlboro), Markets"
"4463","Portugal",7.76,"Chicken Fillets (1 kg), Markets"
"4464","Portugal",2.27,"Apples (1 kg), Markets"
"4465","Portugal",1.88,"Oranges (1 kg), Markets"
"4466","Portugal",1.73,"Potatoes (1 kg), Markets"
"4467","Portugal",1.58,"Lettuce (1 Head), Markets"
"4468","Portugal",2.09,"Cappuccino (Regular Size), Restaurants"
"4469","Portugal",1.66,"White Rice (1 kg), Markets"
"4470","Portugal",2.55,"Tomatoes (1 kg), Markets"
"4471","Portugal",1.5,"Bananas (1 kg), Markets"
"4472","Portugal",2.01,"Onions (1 kg), Markets"
"4473","Portugal",14.63,"Beef Round or Equivalent Back Leg Red Meat (1 kg), Markets"
"4474","Puerto Rico",15,"Meal at an Inexpensive Restaurant, Restaurants"
"4475","Puerto Rico",75,"Meal for Two at a Mid-Range Restaurant (Three Courses, Without Drinks), Restaurants"
"4476","Puerto Rico",9.04,"Combo Meal at McDonald's (or Equivalent Fast-Food Meal), Restaurants"
"4477","Puerto Rico",3,"Domestic Draft Beer (0.5 Liter), Restaurants"
"4478","Puerto Rico",4,"Imported Beer (0.33 Liter Bottle), Restaurants"
"4479","Puerto Rico",1.59,"Soft Drink (Coca-Cola or Pepsi, 0.33 Liter Bottle), Restaurants"
"4480","Puerto Rico",1.24,"Bottled Water (0.33 Liter), Restaurants"
"4481","Puerto Rico",2.09,"Milk (Regular, 1 Liter), Markets"
"4482","Puerto Rico",3.12,"Fresh White Bread (500 g Loaf), Markets"
"4483","Puerto Rico",5.49,"Eggs (12, Large Size), Markets"
"4484","Puerto Rico",10.38,"Local Cheese (1 kg), Markets"
"4485","Puerto Rico",1.76,"Bottled Water (1.5 Liter), Markets"
"4486","Puerto Rico",15,"Bottle of Wine (Mid-Range), Markets"
"4487","Puerto Rico",2.22,"Domestic Beer (0.5 Liter Bottle), Markets"
"4488","Puerto Rico",3.36,"Imported Beer (0.33 Liter Bottle), Markets"
"4489","Puerto Rico",11.65,"Cigarettes (Pack of 20, Marlboro), Markets"
"4490","Puerto Rico",8.72,"Chicken Fillets (1 kg), Markets"
"4491","Puerto Rico",4.52,"Apples (1 kg), Markets"
"4492","Puerto Rico",4.26,"Oranges (1 kg), Markets"
"4493","Puerto Rico",3.05,"Potatoes (1 kg), Markets"
"4494","Puerto Rico",2.77,"Lettuce (1 Head), Markets"
"4495","Puerto Rico",3.3,"Cappuccino (Regular Size), Restaurants"
"4496","Puerto Rico",2.34,"White Rice (1 kg), Markets"
"4497","Puerto Rico",4.59,"Tomatoes (1 kg), Markets"
"4498","Puerto Rico",2.59,"Bananas (1 kg), Markets"
"4499","Puerto Rico",2.81,"Onions (1 kg), Markets"
"4500","Puerto Rico",11.43,"Beef Round or Equivalent Back Leg Red Meat (1 kg), Markets"
"4501","Qatar",8.23,"Meal at an Inexpensive Restaurant, Restaurants"
"4502","Qatar",54.89,"Meal for Two at a Mid-Range Restaurant (Three Courses, Without Drinks), Restaurants"
"4503","Qatar",7.41,"Combo Meal at McDonald's (or Equivalent Fast-Food Meal), Restaurants"
"4504","Qatar",11.66,"Domestic Draft Beer (0.5 Liter), Restaurants"
"4505","Qatar",12.35,"Imported Beer (0.33 Liter Bottle), Restaurants"
"4506","Qatar",0.9,"Soft Drink (Coca-Cola or Pepsi, 0.33 Liter Bottle), Restaurants"
"4507","Qatar",0.31,"Bottled Water (0.33 Liter), Restaurants"
"4508","Qatar",2.13,"Milk (Regular, 1 Liter), Markets"
"4509","Qatar",1.48,"Fresh White Bread (500 g Loaf), Markets"
"4510","Qatar",2.62,"Eggs (12, Large Size), Markets"
"4511","Qatar",10.49,"Local Cheese (1 kg), Markets"
"4512","Qatar",0.51,"Bottled Water (1.5 Liter), Markets"
"4513","Qatar",8.95,"Bottle of Wine (Mid-Range), Markets"
"4514","Qatar",1.97,"Domestic Beer (0.5 Liter Bottle), Markets"
"4515","Qatar",3.2,"Imported Beer (0.33 Liter Bottle), Markets"
"4516","Qatar",6.31,"Cigarettes (Pack of 20, Marlboro), Markets"
"4517","Qatar",7.64,"Chicken Fillets (1 kg), Markets"
"4518","Qatar",2.08,"Apples (1 kg), Markets"
"4519","Qatar",1.67,"Oranges (1 kg), Markets"
"4520","Qatar",1.04,"Potatoes (1 kg), Markets"
"4521","Qatar",1.45,"Lettuce (1 Head), Markets"
"4522","Qatar",5.01,"Cappuccino (Regular Size), Restaurants"
"4523","Qatar",2.25,"White Rice (1 kg), Markets"
"4524","Qatar",1.44,"Tomatoes (1 kg), Markets"
"4525","Qatar",1.6,"Bananas (1 kg), Markets"
"4526","Qatar",1.09,"Onions (1 kg), Markets"
"4527","Qatar",10.37,"Beef Round or Equivalent Back Leg Red Meat (1 kg), Markets"
"4528","Republic of the Congo",11.64,"Meal at an Inexpensive Restaurant, Restaurants"
"4529","Republic of the Congo",40.76,"Meal for Two at a Mid-Range Restaurant (Three Courses, Without Drinks), Restaurants"
"4530","Republic of the Congo",5.09,"Combo Meal at McDonald's (or Equivalent Fast-Food Meal), Restaurants"
"4531","Republic of the Congo",5.8,"Domestic Draft Beer (0.5 Liter), Restaurants"
"4532","Republic of the Congo",2.66,"Imported Beer (0.33 Liter Bottle), Restaurants"
"4533","Republic of the Congo",1.64,"Soft Drink (Coca-Cola or Pepsi, 0.33 Liter Bottle), Restaurants"
"4534","Republic of the Congo",1.35,"Bottled Water (0.33 Liter), Restaurants"
"4535","Republic of the Congo",2.31,"Milk (Regular, 1 Liter), Markets"
"4536","Republic of the Congo",4.97,"Fresh White Bread (500 g Loaf), Markets"
"4537","Republic of the Congo",2.5,"Eggs (12, Large Size), Markets"
"4538","Republic of the Congo",6.76,"Local Cheese (1 kg), Markets"
"4539","Republic of the Congo",0.69,"Bottled Water (1.5 Liter), Markets"
"4540","Republic of the Congo",8.26,"Bottle of Wine (Mid-Range), Markets"
"4541","Republic of the Congo",0.83,"Domestic Beer (0.5 Liter Bottle), Markets"
"4542","Republic of the Congo",1.89,"Imported Beer (0.33 Liter Bottle), Markets"
"4543","Republic of the Congo",3.25,"Cigarettes (Pack of 20, Marlboro), Markets"
"4544","Republic of the Congo",3.71,"Chicken Fillets (1 kg), Markets"
"4545","Republic of the Congo",3,"Apples (1 kg), Markets"
"4546","Republic of the Congo",3.6,"Oranges (1 kg), Markets"
"4547","Republic of the Congo",3.14,"Potatoes (1 kg), Markets"
"4548","Republic of the Congo",1.33,"Lettuce (1 Head), Markets"
"4549","Republic of the Congo",4.04,"Cappuccino (Regular Size), Restaurants"
"4550","Republic of the Congo",3.2,"White Rice (1 kg), Markets"
"4551","Republic of the Congo",4.39,"Tomatoes (1 kg), Markets"
"4552","Republic of the Congo",1.78,"Bananas (1 kg), Markets"
"4553","Republic of the Congo",1.96,"Onions (1 kg), Markets"
"4554","Republic of the Congo",8.21,"Beef Round or Equivalent Back Leg Red Meat (1 kg), Markets"
"4555","Reunion",17.47,"Meal at an Inexpensive Restaurant, Restaurants"
"4556","Reunion",75.69,"Meal for Two at a Mid-Range Restaurant (Three Courses, Without Drinks), Restaurants"
"4557","Reunion",12.81,"Combo Meal at McDonald's (or Equivalent Fast-Food Meal), Restaurants"
"4558","Reunion",5.24,"Domestic Draft Beer (0.5 Liter), Restaurants"
"4559","Reunion",5.24,"Imported Beer (0.33 Liter Bottle), Restaurants"
"4560","Reunion",3.49,"Soft Drink (Coca-Cola or Pepsi, 0.33 Liter Bottle), Restaurants"
"4561","Reunion",2.77,"Bottled Water (0.33 Liter), Restaurants"
"4562","Reunion",1.38,"Milk (Regular, 1 Liter), Markets"
"4563","Reunion",3.82,"Fresh White Bread (500 g Loaf), Markets"
"4564","Reunion",5.07,"Eggs (12, Large Size), Markets"
"4565","Reunion",22.27,"Local Cheese (1 kg), Markets"
"4566","Reunion",1.57,"Bottled Water (1.5 Liter), Markets"
"4567","Reunion",9.32,"Bottle of Wine (Mid-Range), Markets"
"4568","Reunion",2.74,"Domestic Beer (0.5 Liter Bottle), Markets"
"4569","Reunion",3.69,"Imported Beer (0.33 Liter Bottle), Markets"
"4570","Reunion",15.14,"Cigarettes (Pack of 20, Marlboro), Markets"
"4571","Reunion",14.26,"Chicken Fillets (1 kg), Markets"
"4572","Reunion",3.12,"Apples (1 kg), Markets"
"4573","Reunion",3.12,"Oranges (1 kg), Markets"
"4574","Reunion",2.72,"Potatoes (1 kg), Markets"
"4575","Reunion",1.63,"Lettuce (1 Head), Markets"
"4576","Reunion",3.2,"Cappuccino (Regular Size), Restaurants"
"4577","Reunion",2.59,"White Rice (1 kg), Markets"
"4578","Reunion",6.21,"Tomatoes (1 kg), Markets"
"4579","Reunion",2.05,"Bananas (1 kg), Markets"
"4580","Reunion",3.06,"Onions (1 kg), Markets"
"4581","Reunion",23.29,"Beef Round or Equivalent Back Leg Red Meat (1 kg), Markets"
"4582","Romania",11.43,"Meal at an Inexpensive Restaurant, Restaurants"
"4583","Romania",45.74,"Meal for Two at a Mid-Range Restaurant (Three Courses, Without Drinks), Restaurants"
"4584","Romania",8,"Combo Meal at McDonald's (or Equivalent Fast-Food Meal), Restaurants"
"4585","Romania",2.33,"Domestic Draft Beer (0.5 Liter), Restaurants"
"4586","Romania",3.43,"Imported Beer (0.33 Liter Bottle), Restaurants"
"4587","Romania",2.05,"Soft Drink (Coca-Cola or Pepsi, 0.33 Liter Bottle), Restaurants"
"4588","Romania",1.77,"Bottled Water (0.33 Liter), Restaurants"
"4589","Romania",1.57,"Milk (Regular, 1 Liter), Markets"
"4590","Romania",1.25,"Fresh White Bread (500 g Loaf), Markets"
"4591","Romania",3.29,"Eggs (12, Large Size), Markets"
"4592","Romania",8.98,"Local Cheese (1 kg), Markets"
"4593","Romania",0.85,"Bottled Water (1.5 Liter), Markets"
"4594","Romania",6.86,"Bottle of Wine (Mid-Range), Markets"
"4595","Romania",1.16,"Domestic Beer (0.5 Liter Bottle), Markets"
"4596","Romania",1.79,"Imported Beer (0.33 Liter Bottle), Markets"
"4597","Romania",6.17,"Cigarettes (Pack of 20, Marlboro), Markets"
"4598","Romania",6.78,"Chicken Fillets (1 kg), Markets"
"4599","Romania",1.23,"Apples (1 kg), Markets"
"4600","Romania",1.63,"Oranges (1 kg), Markets"
"4601","Romania",0.9,"Potatoes (1 kg), Markets"
"4602","Romania",0.95,"Lettuce (1 Head), Markets"
"4603","Romania",2.88,"Cappuccino (Regular Size), Restaurants"
"4604","Romania",1.7,"White Rice (1 kg), Markets"
"4605","Romania",2.27,"Tomatoes (1 kg), Markets"
"4606","Romania",1.63,"Bananas (1 kg), Markets"
"4607","Romania",0.97,"Onions (1 kg), Markets"
"4608","Romania",11.06,"Beef Round or Equivalent Back Leg Red Meat (1 kg), Markets"
"4609","Russia",10.53,"Meal at an Inexpensive Restaurant, Restaurants"
"4610","Russia",40,"Meal for Two at a Mid-Range Restaurant (Three Courses, Without Drinks), Restaurants"
"4611","Russia",6.58,"Combo Meal at McDonald's (or Equivalent Fast-Food Meal), Restaurants"
"4612","Russia",1.97,"Domestic Draft Beer (0.5 Liter), Restaurants"
"4613","Russia",2.76,"Imported Beer (0.33 Liter Bottle), Restaurants"
"4614","Russia",1.21,"Soft Drink (Coca-Cola or Pepsi, 0.33 Liter Bottle), Restaurants"
"4615","Russia",0.55,"Bottled Water (0.33 Liter), Restaurants"
"4616","Russia",1.23,"Milk (Regular, 1 Liter), Markets"
"4617","Russia",0.75,"Fresh White Bread (500 g Loaf), Markets"
"4618","Russia",1.78,"Eggs (12, Large Size), Markets"
"4619","Russia",11.67,"Local Cheese (1 kg), Markets"
"4620","Russia",0.75,"Bottled Water (1.5 Liter), Markets"
"4621","Russia",7.89,"Bottle of Wine (Mid-Range), Markets"
"4622","Russia",1.07,"Domestic Beer (0.5 Liter Bottle), Markets"
"4623","Russia",2.09,"Imported Beer (0.33 Liter Bottle), Markets"
"4624","Russia",3.28,"Cigarettes (Pack of 20, Marlboro), Markets"
"4625","Russia",5.44,"Chicken Fillets (1 kg), Markets"
"4626","Russia",1.88,"Apples (1 kg), Markets"
"4627","Russia",2.09,"Oranges (1 kg), Markets"
"4628","Russia",0.9,"Potatoes (1 kg), Markets"
"4629","Russia",1.43,"Lettuce (1 Head), Markets"
"4630","Russia",2.67,"Cappuccino (Regular Size), Restaurants"
"4631","Russia",1.53,"White Rice (1 kg), Markets"
"4632","Russia",2.96,"Tomatoes (1 kg), Markets"
"4633","Russia",1.94,"Bananas (1 kg), Markets"
"4634","Russia",0.73,"Onions (1 kg), Markets"
"4635","Russia",10.26,"Beef Round or Equivalent Back Leg Red Meat (1 kg), Markets"
"4636","Rwanda",2.75,"Meal at an Inexpensive Restaurant, Restaurants"
"4637","Rwanda",24.08,"Meal for Two at a Mid-Range Restaurant (Three Courses, Without Drinks), Restaurants"
"4638","Rwanda",6.88,"Combo Meal at McDonald's (or Equivalent Fast-Food Meal), Restaurants"
"4639","Rwanda",1.03,"Domestic Draft Beer (0.5 Liter), Restaurants"
"4640","Rwanda",2.06,"Imported Beer (0.33 Liter Bottle), Restaurants"
"4641","Rwanda",0.88,"Soft Drink (Coca-Cola or Pepsi, 0.33 Liter Bottle), Restaurants"
"4642","Rwanda",0.51,"Bottled Water (0.33 Liter), Restaurants"
"4643","Rwanda",0.63,"Milk (Regular, 1 Liter), Markets"
"4644","Rwanda",1.01,"Fresh White Bread (500 g Loaf), Markets"
"4645","Rwanda",1.61,"Eggs (12, Large Size), Markets"
"4646","Rwanda",4.14,"Local Cheese (1 kg), Markets"
"4647","Rwanda",0.77,"Bottled Water (1.5 Liter), Markets"
"4648","Rwanda",10.32,"Bottle of Wine (Mid-Range), Markets"
"4649","Rwanda",1.06,"Domestic Beer (0.5 Liter Bottle), Markets"
"4650","Rwanda",1.87,"Imported Beer (0.33 Liter Bottle), Markets"
"4651","Rwanda",1.72,"Cigarettes (Pack of 20, Marlboro), Markets"
"4652","Rwanda",4.27,"Chicken Fillets (1 kg), Markets"
"4653","Rwanda",2.58,"Apples (1 kg), Markets"
"4654","Rwanda",1.58,"Oranges (1 kg), Markets"
"4655","Rwanda",0.47,"Potatoes (1 kg), Markets"
"4656","Rwanda",0.44,"Lettuce (1 Head), Markets"
"4657","Rwanda",2.25,"Cappuccino (Regular Size), Restaurants"
"4658","Rwanda",1.21,"White Rice (1 kg), Markets"
"4659","Rwanda",0.95,"Tomatoes (1 kg), Markets"
"4660","Rwanda",0.84,"Bananas (1 kg), Markets"
"4661","Rwanda",0.83,"Onions (1 kg), Markets"
"4662","Rwanda",3.68,"Beef Round or Equivalent Back Leg Red Meat (1 kg), Markets"
"4663","Saint Helena",15.99,"Meal at an Inexpensive Restaurant, Restaurants"
"4664","Saint Helena",66.63,"Meal for Two at a Mid-Range Restaurant (Three Courses, Without Drinks), Restaurants"
"4665","Saint Helena",13.33,"Combo Meal at McDonald's (or Equivalent Fast-Food Meal), Restaurants"
"4666","Saint Helena",1.2,"Soft Drink (Coca-Cola or Pepsi, 0.33 Liter Bottle), Restaurants"
"4667","Saint Helena",1,"Bottled Water (0.33 Liter), Restaurants"
"4668","Saint Helena",1.96,"Fresh White Bread (500 g Loaf), Markets"
"4669","Saint Helena",5.33,"Eggs (12, Large Size), Markets"
"4670","Saint Helena",1.73,"Bottled Water (1.5 Liter), Markets"
"4671","Saint Helena",15.46,"Bottle of Wine (Mid-Range), Markets"
"4672","Saint Helena",11.66,"Cigarettes (Pack of 20, Marlboro), Markets"
"4673","Saint Helena",10.79,"Beef Round or Equivalent Back Leg Red Meat (1 kg), Markets"
"4674","Saint Kitts And Nevis",18.5,"Meal at an Inexpensive Restaurant, Restaurants"
"4675","Saint Kitts And Nevis",13.98,"Combo Meal at McDonald's (or Equivalent Fast-Food Meal), Restaurants"
"4676","Saint Kitts And Nevis",2.22,"Domestic Draft Beer (0.5 Liter), Restaurants"
"4677","Saint Kitts And Nevis",3.7,"Imported Beer (0.33 Liter Bottle), Restaurants"
"4678","Saint Kitts And Nevis",2.04,"Soft Drink (Coca-Cola or Pepsi, 0.33 Liter Bottle), Restaurants"
"4679","Saint Kitts And Nevis",2.28,"Bottled Water (0.33 Liter), Restaurants"
"4680","Saint Kitts And Nevis",2.2,"Milk (Regular, 1 Liter), Markets"
"4681","Saint Kitts And Nevis",3.7,"Fresh White Bread (500 g Loaf), Markets"
"4682","Saint Kitts And Nevis",5.48,"Eggs (12, Large Size), Markets"
"4683","Saint Kitts And Nevis",0.67,"Bottled Water (1.5 Liter), Markets"
"4684","Saint Kitts And Nevis",1.85,"Domestic Beer (0.5 Liter Bottle), Markets"
"4685","Saint Kitts And Nevis",3.7,"Imported Beer (0.33 Liter Bottle), Markets"
"4686","Saint Kitts And Nevis",9.25,"Chicken Fillets (1 kg), Markets"
"4687","Saint Kitts And Nevis",4.44,"Apples (1 kg), Markets"
"4688","Saint Kitts And Nevis",2.22,"Potatoes (1 kg), Markets"
"4689","Saint Kitts And Nevis",3.7,"Cappuccino (Regular Size), Restaurants"
"4690","Saint Kitts And Nevis",3.7,"White Rice (1 kg), Markets"
"4691","Saint Kitts And Nevis",3.7,"Tomatoes (1 kg), Markets"
"4692","Saint Kitts And Nevis",3.07,"Bananas (1 kg), Markets"
"4693","Saint Kitts And Nevis",1.85,"Onions (1 kg), Markets"
"4694","Saint Lucia",7.77,"Meal at an Inexpensive Restaurant, Restaurants"
"4695","Saint Lucia",74,"Meal for Two at a Mid-Range Restaurant (Three Courses, Without Drinks), Restaurants"
"4696","Saint Lucia",7.4,"Combo Meal at McDonald's (or Equivalent Fast-Food Meal), Restaurants"
"4697","Saint Lucia",2.78,"Domestic Draft Beer (0.5 Liter), Restaurants"
"4698","Saint Lucia",3.33,"Imported Beer (0.33 Liter Bottle), Restaurants"
"4699","Saint Lucia",1.41,"Soft Drink (Coca-Cola or Pepsi, 0.33 Liter Bottle), Restaurants"
"4700","Saint Lucia",1.03,"Bottled Water (0.33 Liter), Restaurants"
"4701","Saint Lucia",2.23,"Milk (Regular, 1 Liter), Markets"
"4702","Saint Lucia",1.5,"Fresh White Bread (500 g Loaf), Markets"
"4703","Saint Lucia",4.19,"Eggs (12, Large Size), Markets"
"4704","Saint Lucia",10.25,"Local Cheese (1 kg), Markets"
"4705","Saint Lucia",1.24,"Bottled Water (1.5 Liter), Markets"
"4706","Saint Lucia",12.4,"Bottle of Wine (Mid-Range), Markets"
"4707","Saint Lucia",2.14,"Domestic Beer (0.5 Liter Bottle), Markets"
"4708","Saint Lucia",4.32,"Imported Beer (0.33 Liter Bottle), Markets"
"4709","Saint Lucia",7.4,"Cigarettes (Pack of 20, Marlboro), Markets"
"4710","Saint Lucia",12.61,"Chicken Fillets (1 kg), Markets"
"4711","Saint Lucia",7.96,"Apples (1 kg), Markets"
"4712","Saint Lucia",5.09,"Oranges (1 kg), Markets"
"4713","Saint Lucia",4.18,"Potatoes (1 kg), Markets"
"4714","Saint Lucia",2.13,"Lettuce (1 Head), Markets"
"4715","Saint Lucia",3.48,"Cappuccino (Regular Size), Restaurants"
"4716","Saint Lucia",1.68,"White Rice (1 kg), Markets"
"4717","Saint Lucia",8.97,"Tomatoes (1 kg), Markets"
"4718","Saint Lucia",1.8,"Bananas (1 kg), Markets"
"4719","Saint Lucia",2.64,"Onions (1 kg), Markets"
"4720","Saint Lucia",17.42,"Beef Round or Equivalent Back Leg Red Meat (1 kg), Markets"
"4721","Saint Vincent And The Grenadines",6.48,"Meal at an Inexpensive Restaurant, Restaurants"
"4722","Saint Vincent And The Grenadines",61.05,"Meal for Two at a Mid-Range Restaurant (Three Courses, Without Drinks), Restaurants"
"4723","Saint Vincent And The Grenadines",11.1,"Combo Meal at McDonald's (or Equivalent Fast-Food Meal), Restaurants"
"4724","Saint Vincent And The Grenadines",1.85,"Domestic Draft Beer (0.5 Liter), Restaurants"
"4725","Saint Vincent And The Grenadines",2.22,"Imported Beer (0.33 Liter Bottle), Restaurants"
"4726","Saint Vincent And The Grenadines",2.22,"Soft Drink (Coca-Cola or Pepsi, 0.33 Liter Bottle), Restaurants"
"4727","Saint Vincent And The Grenadines",1.76,"Bottled Water (0.33 Liter), Restaurants"
"4728","Saint Vincent And The Grenadines",3.21,"Milk (Regular, 1 Liter), Markets"
"4729","Saint Vincent And The Grenadines",2.13,"Fresh White Bread (500 g Loaf), Markets"
"4730","Saint Vincent And The Grenadines",4.49,"Eggs (12, Large Size), Markets"
"4731","Saint Vincent And The Grenadines",12.94,"Local Cheese (1 kg), Markets"
"4732","Saint Vincent And The Grenadines",2.22,"Bottled Water (1.5 Liter), Markets"
"4733","Saint Vincent And The Grenadines",16.65,"Bottle of Wine (Mid-Range), Markets"
"4734","Saint Vincent And The Grenadines",2.72,"Domestic Beer (0.5 Liter Bottle), Markets"
"4735","Saint Vincent And The Grenadines",2.41,"Imported Beer (0.33 Liter Bottle), Markets"
"4736","Saint Vincent And The Grenadines",4.07,"Cigarettes (Pack of 20, Marlboro), Markets"
"4737","Saint Vincent And The Grenadines",3.97,"Chicken Fillets (1 kg), Markets"
"4738","Saint Vincent And The Grenadines",9.52,"Apples (1 kg), Markets"
"4739","Saint Vincent And The Grenadines",9.63,"Oranges (1 kg), Markets"
"4740","Saint Vincent And The Grenadines",3.85,"Potatoes (1 kg), Markets"
"4741","Saint Vincent And The Grenadines",2.78,"Lettuce (1 Head), Markets"
"4742","Saint Vincent And The Grenadines",4.56,"Cappuccino (Regular Size), Restaurants"
"4743","Saint Vincent And The Grenadines",1.46,"White Rice (1 kg), Markets"
"4744","Saint Vincent And The Grenadines",5.85,"Tomatoes (1 kg), Markets"
"4745","Saint Vincent And The Grenadines",3.52,"Bananas (1 kg), Markets"
"4746","Saint Vincent And The Grenadines",3.85,"Onions (1 kg), Markets"
"4747","Saint Vincent And The Grenadines",12.08,"Beef Round or Equivalent Back Leg Red Meat (1 kg), Markets"
"4748","Saint-Pierre And Miquelon",40.76,"Meal at an Inexpensive Restaurant, Restaurants"
"4749","Saint-Pierre And Miquelon",116.45,"Meal for Two at a Mid-Range Restaurant (Three Courses, Without Drinks), Restaurants"
"4750","Saint-Pierre And Miquelon",7.57,"Domestic Draft Beer (0.5 Liter), Restaurants"
"4751","Saint-Pierre And Miquelon",4.31,"Imported Beer (0.33 Liter Bottle), Restaurants"
"4752","Saint-Pierre And Miquelon",1.69,"Soft Drink (Coca-Cola or Pepsi, 0.33 Liter Bottle), Restaurants"
"4753","Saint-Pierre And Miquelon",1.75,"Bottled Water (0.33 Liter), Restaurants"
"4754","Saint-Pierre And Miquelon",2.45,"Milk (Regular, 1 Liter), Markets"
"4755","Saint-Pierre And Miquelon",1.75,"Fresh White Bread (500 g Loaf), Markets"
"4756","Saint-Pierre And Miquelon",4.19,"Eggs (12, Large Size), Markets"
"4757","Saint-Pierre And Miquelon",23.29,"Local Cheese (1 kg), Markets"
"4758","Saint-Pierre And Miquelon",1.4,"Bottled Water (1.5 Liter), Markets"
"4759","Saint-Pierre And Miquelon",5.82,"Bottle of Wine (Mid-Range), Markets"
"4760","Saint-Pierre And Miquelon",2.91,"Imported Beer (0.33 Liter Bottle), Markets"
"4761","Saint-Pierre And Miquelon",8.15,"Cigarettes (Pack of 20, Marlboro), Markets"
"4762","Saint-Pierre And Miquelon",19.8,"Chicken Fillets (1 kg), Markets"
"4763","Saint-Pierre And Miquelon",11.64,"Apples (1 kg), Markets"
"4764","Saint-Pierre And Miquelon",11.64,"Oranges (1 kg), Markets"
"4765","Saint-Pierre And Miquelon",4.08,"Potatoes (1 kg), Markets"
"4766","Saint-Pierre And Miquelon",1.75,"Lettuce (1 Head), Markets"
"4767","Saint-Pierre And Miquelon",5.82,"White Rice (1 kg), Markets"
"4768","Saint-Pierre And Miquelon",11.64,"Tomatoes (1 kg), Markets"
"4769","Saint-Pierre And Miquelon",11.64,"Bananas (1 kg), Markets"
"4770","Saint-Pierre And Miquelon",4.08,"Onions (1 kg), Markets"
"4771","Saint-Pierre And Miquelon",29.11,"Beef Round or Equivalent Back Leg Red Meat (1 kg), Markets"
"4772","Samoa",53.08,"Meal at an Inexpensive Restaurant, Restaurants"
"4773","Samoa",75.26,"Meal for Two at a Mid-Range Restaurant (Three Courses, Without Drinks), Restaurants"
"4774","Samoa",15.98,"Combo Meal at McDonald's (or Equivalent Fast-Food Meal), Restaurants"
"4775","Samoa",3.37,"Domestic Draft Beer (0.5 Liter), Restaurants"
"4776","Samoa",3.55,"Imported Beer (0.33 Liter Bottle), Restaurants"
"4777","Samoa",1.78,"Soft Drink (Coca-Cola or Pepsi, 0.33 Liter Bottle), Restaurants"
"4778","Samoa",1.36,"Bottled Water (0.33 Liter), Restaurants"
"4779","Samoa",1.78,"Milk (Regular, 1 Liter), Markets"
"4780","Samoa",0.8,"Fresh White Bread (500 g Loaf), Markets"
"4781","Samoa",4.18,"Eggs (12, Large Size), Markets"
"4782","Samoa",0.89,"Local Cheese (1 kg), Markets"
"4783","Samoa",1.17,"Bottled Water (1.5 Liter), Markets"
"4784","Samoa",15.98,"Bottle of Wine (Mid-Range), Markets"
"4785","Samoa",1.78,"Domestic Beer (0.5 Liter Bottle), Markets"
"4786","Samoa",3.55,"Imported Beer (0.33 Liter Bottle), Markets"
"4787","Samoa",6.04,"Cigarettes (Pack of 20, Marlboro), Markets"
"4788","Samoa",3.55,"Chicken Fillets (1 kg), Markets"
"4789","Samoa",4.97,"Apples (1 kg), Markets"
"4790","Samoa",1.78,"Oranges (1 kg), Markets"
"4791","Samoa",3.55,"Potatoes (1 kg), Markets"
"4792","Samoa",2.84,"Cappuccino (Regular Size), Restaurants"
"4793","Samoa",1.78,"White Rice (1 kg), Markets"
"4794","Samoa",4.26,"Tomatoes (1 kg), Markets"
"4795","Samoa",1.78,"Bananas (1 kg), Markets"
"4796","Samoa",1.07,"Onions (1 kg), Markets"
"4797","Samoa",8.17,"Beef Round or Equivalent Back Leg Red Meat (1 kg), Markets"
"4798","San Marino",17.47,"Meal at an Inexpensive Restaurant, Restaurants"
"4799","San Marino",62.31,"Meal for Two at a Mid-Range Restaurant (Three Courses, Without Drinks), Restaurants"
"4800","San Marino",11.64,"Combo Meal at McDonald's (or Equivalent Fast-Food Meal), Restaurants"
"4801","San Marino",5.24,"Domestic Draft Beer (0.5 Liter), Restaurants"
"4802","San Marino",6.64,"Imported Beer (0.33 Liter Bottle), Restaurants"
"4803","San Marino",3.2,"Soft Drink (Coca-Cola or Pepsi, 0.33 Liter Bottle), Restaurants"
"4804","San Marino",1.72,"Bottled Water (0.33 Liter), Restaurants"
"4805","San Marino",1.16,"Milk (Regular, 1 Liter), Markets"
"4806","San Marino",0.58,"Bottled Water (1.5 Liter), Markets"
"4807","San Marino",4.66,"Bottle of Wine (Mid-Range), Markets"
"4808","San Marino",1.96,"Domestic Beer (0.5 Liter Bottle), Markets"
"4809","San Marino",4.37,"Cigarettes (Pack of 20, Marlboro), Markets"
"4810","San Marino",2.33,"Apples (1 kg), Markets"
"4811","San Marino",1.16,"Potatoes (1 kg), Markets"
"4812","San Marino",1.94,"Cappuccino (Regular Size), Restaurants"
"4813","Sao Tome And Principe",29.11,"Meal at an Inexpensive Restaurant, Restaurants"
"4814","Sao Tome And Principe",39.26,"Meal for Two at a Mid-Range Restaurant (Three Courses, Without Drinks), Restaurants"
"4815","Sao Tome And Principe",8.77,"Combo Meal at McDonald's (or Equivalent Fast-Food Meal), Restaurants"
"4816","Sao Tome And Principe",1.76,"Domestic Draft Beer (0.5 Liter), Restaurants"
"4817","Sao Tome And Principe",1.9,"Imported Beer (0.33 Liter Bottle), Restaurants"
"4818","Sao Tome And Principe",1.91,"Soft Drink (Coca-Cola or Pepsi, 0.33 Liter Bottle), Restaurants"
"4819","Sao Tome And Principe",1.02,"Bottled Water (0.33 Liter), Restaurants"
"4820","Sao Tome And Principe",1.57,"Milk (Regular, 1 Liter), Markets"
"4821","Sao Tome And Principe",1.45,"Fresh White Bread (500 g Loaf), Markets"
"4822","Sao Tome And Principe",4.51,"Eggs (12, Large Size), Markets"
"4823","Sao Tome And Principe",20.13,"Local Cheese (1 kg), Markets"
"4824","Sao Tome And Principe",1.94,"Bottled Water (1.5 Liter), Markets"
"4825","Sao Tome And Principe",9.32,"Bottle of Wine (Mid-Range), Markets"
"4826","Sao Tome And Principe",1.26,"Domestic Beer (0.5 Liter Bottle), Markets"
"4827","Sao Tome And Principe",1.51,"Imported Beer (0.33 Liter Bottle), Markets"
"4828","Sao Tome And Principe",2.33,"Cigarettes (Pack of 20, Marlboro), Markets"
"4829","Sao Tome And Principe",20.38,"Chicken Fillets (1 kg), Markets"
"4830","Sao Tome And Principe",4.66,"Apples (1 kg), Markets"
"4831","Sao Tome And Principe",4.08,"Oranges (1 kg), Markets"
"4832","Sao Tome And Principe",2.62,"Potatoes (1 kg), Markets"
"4833","Sao Tome And Principe",0.7,"Lettuce (1 Head), Markets"
"4834","Sao Tome And Principe",2.47,"Cappuccino (Regular Size), Restaurants"
"4835","Sao Tome And Principe",1.92,"White Rice (1 kg), Markets"
"4836","Sao Tome And Principe",3.49,"Tomatoes (1 kg), Markets"
"4837","Sao Tome And Principe",1.16,"Bananas (1 kg), Markets"
"4838","Sao Tome And Principe",2.04,"Onions (1 kg), Markets"
"4839","Sao Tome And Principe",25.23,"Beef Round or Equivalent Back Leg Red Meat (1 kg), Markets"
"4840","Saudi Arabia",6.66,"Meal at an Inexpensive Restaurant, Restaurants"
"4841","Saudi Arabia",39.97,"Meal for Two at a Mid-Range Restaurant (Three Courses, Without Drinks), Restaurants"
"4842","Saudi Arabia",7.99,"Combo Meal at McDonald's (or Equivalent Fast-Food Meal), Restaurants"
"4843","Saudi Arabia",1.87,"Domestic Draft Beer (0.5 Liter), Restaurants"
"4844","Saudi Arabia",1.87,"Imported Beer (0.33 Liter Bottle), Restaurants"
"4845","Saudi Arabia",0.73,"Soft Drink (Coca-Cola or Pepsi, 0.33 Liter Bottle), Restaurants"
"4846","Saudi Arabia",0.26,"Bottled Water (0.33 Liter), Restaurants"
"4847","Saudi Arabia",1.69,"Milk (Regular, 1 Liter), Markets"
"4848","Saudi Arabia",1.02,"Fresh White Bread (500 g Loaf), Markets"
"4849","Saudi Arabia",2.55,"Eggs (12, Large Size), Markets"
"4850","Saudi Arabia",7.32,"Local Cheese (1 kg), Markets"
"4851","Saudi Arabia",0.59,"Bottled Water (1.5 Liter), Markets"
"4852","Saudi Arabia",4.16,"Bottle of Wine (Mid-Range), Markets"
"4853","Saudi Arabia",1.67,"Domestic Beer (0.5 Liter Bottle), Markets"
"4854","Saudi Arabia",2.22,"Imported Beer (0.33 Liter Bottle), Markets"
"4855","Saudi Arabia",7.46,"Cigarettes (Pack of 20, Marlboro), Markets"
"4856","Saudi Arabia",8.21,"Chicken Fillets (1 kg), Markets"
"4857","Saudi Arabia",2.16,"Apples (1 kg), Markets"
"4858","Saudi Arabia",1.66,"Oranges (1 kg), Markets"
"4859","Saudi Arabia",1.32,"Potatoes (1 kg), Markets"
"4860","Saudi Arabia",1.21,"Lettuce (1 Head), Markets"
"4861","Saudi Arabia",3.63,"Cappuccino (Regular Size), Restaurants"
"4862","Saudi Arabia",2.21,"White Rice (1 kg), Markets"
"4863","Saudi Arabia",1.61,"Tomatoes (1 kg), Markets"
"4864","Saudi Arabia",1.66,"Bananas (1 kg), Markets"
"4865","Saudi Arabia",1.32,"Onions (1 kg), Markets"
"4866","Saudi Arabia",13.24,"Beef Round or Equivalent Back Leg Red Meat (1 kg), Markets"
"4867","Senegal",4.44,"Meal at an Inexpensive Restaurant, Restaurants"
"4868","Senegal",53.26,"Meal for Two at a Mid-Range Restaurant (Three Courses, Without Drinks), Restaurants"
"4869","Senegal",11.54,"Combo Meal at McDonald's (or Equivalent Fast-Food Meal), Restaurants"
"4870","Senegal",2.66,"Domestic Draft Beer (0.5 Liter), Restaurants"
"4871","Senegal",4.42,"Imported Beer (0.33 Liter Bottle), Restaurants"
"4872","Senegal",1.31,"Soft Drink (Coca-Cola or Pepsi, 0.33 Liter Bottle), Restaurants"
"4873","Senegal",0.55,"Bottled Water (0.33 Liter), Restaurants"
"4874","Senegal",2.41,"Milk (Regular, 1 Liter), Markets"
"4875","Senegal",0.52,"Fresh White Bread (500 g Loaf), Markets"
"4876","Senegal",2.49,"Eggs (12, Large Size), Markets"
"4877","Senegal",12.78,"Local Cheese (1 kg), Markets"
"4878","Senegal",0.78,"Bottled Water (1.5 Liter), Markets"
"4879","Senegal",12.43,"Bottle of Wine (Mid-Range), Markets"
"4880","Senegal",1.59,"Domestic Beer (0.5 Liter Bottle), Markets"
"4881","Senegal",2.43,"Imported Beer (0.33 Liter Bottle), Markets"
"4882","Senegal",1.78,"Cigarettes (Pack of 20, Marlboro), Markets"
"4883","Senegal",9.36,"Chicken Fillets (1 kg), Markets"
"4884","Senegal",3.06,"Apples (1 kg), Markets"
"4885","Senegal",2.89,"Oranges (1 kg), Markets"
"4886","Senegal",1.51,"Potatoes (1 kg), Markets"
"4887","Senegal",1.05,"Lettuce (1 Head), Markets"
"4888","Senegal",4.38,"Cappuccino (Regular Size), Restaurants"
"4889","Senegal",1.66,"White Rice (1 kg), Markets"
"4890","Senegal",2.02,"Tomatoes (1 kg), Markets"
"4891","Senegal",1.97,"Bananas (1 kg), Markets"
"4892","Senegal",1.35,"Onions (1 kg), Markets"
"4893","Senegal",11.11,"Beef Round or Equivalent Back Leg Red Meat (1 kg), Markets"
"4894","Serbia",9.92,"Meal at an Inexpensive Restaurant, Restaurants"
"4895","Serbia",44.63,"Meal for Two at a Mid-Range Restaurant (Three Courses, Without Drinks), Restaurants"
"4896","Serbia",10.71,"Combo Meal at McDonald's (or Equivalent Fast-Food Meal), Restaurants"
"4897","Serbia",2.98,"Domestic Draft Beer (0.5 Liter), Restaurants"
"4898","Serbia",3.47,"Imported Beer (0.33 Liter Bottle), Restaurants"
"4899","Serbia",2.2,"Soft Drink (Coca-Cola or Pepsi, 0.33 Liter Bottle), Restaurants"
"4900","Serbia",1.7,"Bottled Water (0.33 Liter), Restaurants"
"4901","Serbia",1.39,"Milk (Regular, 1 Liter), Markets"
"4902","Serbia",0.83,"Fresh White Bread (500 g Loaf), Markets"
"4903","Serbia",2.58,"Eggs (12, Large Size), Markets"
"4904","Serbia",9.9,"Local Cheese (1 kg), Markets"
"4905","Serbia",0.68,"Bottled Water (1.5 Liter), Markets"
"4906","Serbia",6.94,"Bottle of Wine (Mid-Range), Markets"
"4907","Serbia",0.85,"Domestic Beer (0.5 Liter Bottle), Markets"
"4908","Serbia",1.74,"Imported Beer (0.33 Liter Bottle), Markets"
"4909","Serbia",4.46,"Cigarettes (Pack of 20, Marlboro), Markets"
"4910","Serbia",7.13,"Chicken Fillets (1 kg), Markets"
"4911","Serbia",1.36,"Apples (1 kg), Markets"
"4912","Serbia",1.75,"Oranges (1 kg), Markets"
"4913","Serbia",0.99,"Potatoes (1 kg), Markets"
"4914","Serbia",0.76,"Lettuce (1 Head), Markets"
"4915","Serbia",2.26,"Cappuccino (Regular Size), Restaurants"
"4916","Serbia",2.45,"White Rice (1 kg), Markets"
"4917","Serbia",2.23,"Tomatoes (1 kg), Markets"
"4918","Serbia",1.91,"Bananas (1 kg), Markets"
"4919","Serbia",0.83,"Onions (1 kg), Markets"
"4920","Serbia",12.78,"Beef Round or Equivalent Back Leg Red Meat (1 kg), Markets"
"4921","Seychelles",18.49,"Meal at an Inexpensive Restaurant, Restaurants"
"4922","Seychelles",73.98,"Meal for Two at a Mid-Range Restaurant (Three Courses, Without Drinks), Restaurants"
"4923","Seychelles",9.32,"Combo Meal at McDonald's (or Equivalent Fast-Food Meal), Restaurants"
"4924","Seychelles",8.88,"Domestic Draft Beer (0.5 Liter), Restaurants"
"4925","Seychelles",5.01,"Imported Beer (0.33 Liter Bottle), Restaurants"
"4926","Seychelles",2.35,"Soft Drink (Coca-Cola or Pepsi, 0.33 Liter Bottle), Restaurants"
"4927","Seychelles",2.44,"Bottled Water (0.33 Liter), Restaurants"
"4928","Seychelles",1.91,"Milk (Regular, 1 Liter), Markets"
"4929","Seychelles",1.66,"Fresh White Bread (500 g Loaf), Markets"
"4930","Seychelles",4.01,"Eggs (12, Large Size), Markets"
"4931","Seychelles",29.24,"Local Cheese (1 kg), Markets"
"4932","Seychelles",1.36,"Bottled Water (1.5 Liter), Markets"
"4933","Seychelles",11.84,"Bottle of Wine (Mid-Range), Markets"
"4934","Seychelles",3.78,"Domestic Beer (0.5 Liter Bottle), Markets"
"4935","Seychelles",5.83,"Imported Beer (0.33 Liter Bottle), Markets"
"4936","Seychelles",26.16,"Cigarettes (Pack of 20, Marlboro), Markets"
"4937","Seychelles",7.23,"Chicken Fillets (1 kg), Markets"
"4938","Seychelles",2.22,"Apples (1 kg), Markets"
"4939","Seychelles",2.04,"Oranges (1 kg), Markets"
"4940","Seychelles",1.57,"Potatoes (1 kg), Markets"
"4941","Seychelles",1.48,"Lettuce (1 Head), Markets"
"4942","Seychelles",4.75,"Cappuccino (Regular Size), Restaurants"
"4943","Seychelles",2.47,"White Rice (1 kg), Markets"
"4944","Seychelles",6.7,"Tomatoes (1 kg), Markets"
"4945","Seychelles",3.09,"Bananas (1 kg), Markets"
"4946","Seychelles",1.74,"Onions (1 kg), Markets"
"4947","Seychelles",11.79,"Beef Round or Equivalent Back Leg Red Meat (1 kg), Markets"
"4948","Sierra Leone",3,"Meal at an Inexpensive Restaurant, Restaurants"
"4949","Sierra Leone",35,"Meal for Two at a Mid-Range Restaurant (Three Courses, Without Drinks), Restaurants"
"4950","Sierra Leone",10,"Combo Meal at McDonald's (or Equivalent Fast-Food Meal), Restaurants"
"4951","Sierra Leone",1.5,"Domestic Draft Beer (0.5 Liter), Restaurants"
"4952","Sierra Leone",2.87,"Imported Beer (0.33 Liter Bottle), Restaurants"
"4953","Sierra Leone",0.94,"Soft Drink (Coca-Cola or Pepsi, 0.33 Liter Bottle), Restaurants"
"4954","Sierra Leone",0.81,"Bottled Water (0.33 Liter), Restaurants"
"4955","Sierra Leone",2.42,"Milk (Regular, 1 Liter), Markets"
"4956","Sierra Leone",0.67,"Fresh White Bread (500 g Loaf), Markets"
"4957","Sierra Leone",2.01,"Eggs (12, Large Size), Markets"
"4958","Sierra Leone",7.09,"Local Cheese (1 kg), Markets"
"4959","Sierra Leone",1.4,"Bottled Water (1.5 Liter), Markets"
"4960","Sierra Leone",7.09,"Bottle of Wine (Mid-Range), Markets"
"4961","Sierra Leone",1.46,"Domestic Beer (0.5 Liter Bottle), Markets"
"4962","Sierra Leone",2.09,"Imported Beer (0.33 Liter Bottle), Markets"
"4963","Sierra Leone",1.93,"Cigarettes (Pack of 20, Marlboro), Markets"
"4964","Sierra Leone",7.5,"Chicken Fillets (1 kg), Markets"
"4965","Sierra Leone",4,"Apples (1 kg), Markets"
"4966","Sierra Leone",0.71,"Oranges (1 kg), Markets"
"4967","Sierra Leone",2,"Potatoes (1 kg), Markets"
"4968","Sierra Leone",1,"Lettuce (1 Head), Markets"
"4969","Sierra Leone",1.73,"Cappuccino (Regular Size), Restaurants"
"4970","Sierra Leone",1.33,"White Rice (1 kg), Markets"
"4971","Sierra Leone",5,"Tomatoes (1 kg), Markets"
"4972","Sierra Leone",2,"Bananas (1 kg), Markets"
"4973","Sierra Leone",1.63,"Onions (1 kg), Markets"
"4974","Sierra Leone",5.25,"Beef Round or Equivalent Back Leg Red Meat (1 kg), Markets"
"4975","Singapore",9.84,"Meal at an Inexpensive Restaurant, Restaurants"
"4976","Singapore",69.45,"Meal for Two at a Mid-Range Restaurant (Three Courses, Without Drinks), Restaurants"
"4977","Singapore",7.72,"Combo Meal at McDonald's (or Equivalent Fast-Food Meal), Restaurants"
"4978","Singapore",7.72,"Domestic Draft Beer (0.5 Liter), Restaurants"
"4979","Singapore",9.26,"Imported Beer (0.33 Liter Bottle), Restaurants"
"4980","Singapore",1.54,"Soft Drink (Coca-Cola or Pepsi, 0.33 Liter Bottle), Restaurants"
"4981","Singapore",1.12,"Bottled Water (0.33 Liter), Restaurants"
"4982","Singapore",2.92,"Milk (Regular, 1 Liter), Markets"
"4983","Singapore",2.25,"Fresh White Bread (500 g Loaf), Markets"
"4984","Singapore",3.18,"Eggs (12, Large Size), Markets"
"4985","Singapore",17.94,"Local Cheese (1 kg), Markets"
"4986","Singapore",1.3,"Bottled Water (1.5 Liter), Markets"
"4987","Singapore",23.15,"Bottle of Wine (Mid-Range), Markets"
"4988","Singapore",4.3,"Domestic Beer (0.5 Liter Bottle), Markets"
"4989","Singapore",5.19,"Imported Beer (0.33 Liter Bottle), Markets"
"4990","Singapore",12.93,"Cigarettes (Pack of 20, Marlboro), Markets"
"4991","Singapore",10.81,"Chicken Fillets (1 kg), Markets"
"4992","Singapore",4.33,"Apples (1 kg), Markets"
"4993","Singapore",5.03,"Oranges (1 kg), Markets"
"4994","Singapore",2.5,"Potatoes (1 kg), Markets"
"4995","Singapore",1.95,"Lettuce (1 Head), Markets"
"4996","Singapore",4.69,"Cappuccino (Regular Size), Restaurants"
"4997","Singapore",2.56,"White Rice (1 kg), Markets"
"4998","Singapore",2.33,"Tomatoes (1 kg), Markets"
"4999","Singapore",3.07,"Bananas (1 kg), Markets"
"5000","Singapore",2.26,"Onions (1 kg), Markets"
"5001","Singapore",21.19,"Beef Round or Equivalent Back Leg Red Meat (1 kg), Markets"
"5002","Sint Maarten",17,"Meal at an Inexpensive Restaurant, Restaurants"
"5003","Sint Maarten",87.5,"Meal for Two at a Mid-Range Restaurant (Three Courses, Without Drinks), Restaurants"
"5004","Sint Maarten",10,"Combo Meal at McDonald's (or Equivalent Fast-Food Meal), Restaurants"
"5005","Sint Maarten",3.5,"Domestic Draft Beer (0.5 Liter), Restaurants"
"5006","Sint Maarten",5,"Imported Beer (0.33 Liter Bottle), Restaurants"
"5007","Sint Maarten",3,"Soft Drink (Coca-Cola or Pepsi, 0.33 Liter Bottle), Restaurants"
"5008","Sint Maarten",3,"Bottled Water (0.33 Liter), Restaurants"
"5009","Sint Maarten",3.5,"Milk (Regular, 1 Liter), Markets"
"5010","Sint Maarten",2.62,"Fresh White Bread (500 g Loaf), Markets"
"5011","Sint Maarten",5.42,"Eggs (12, Large Size), Markets"
"5012","Sint Maarten",20.67,"Local Cheese (1 kg), Markets"
"5013","Sint Maarten",1.61,"Bottled Water (1.5 Liter), Markets"
"5014","Sint Maarten",11.5,"Bottle of Wine (Mid-Range), Markets"
"5015","Sint Maarten",3.27,"Domestic Beer (0.5 Liter Bottle), Markets"
"5016","Sint Maarten",2.83,"Imported Beer (0.33 Liter Bottle), Markets"
"5017","Sint Maarten",5.35,"Cigarettes (Pack of 20, Marlboro), Markets"
"5018","Sint Maarten",16,"Chicken Fillets (1 kg), Markets"
"5019","Sint Maarten",4.39,"Apples (1 kg), Markets"
"5020","Sint Maarten",7.25,"Oranges (1 kg), Markets"
"5021","Sint Maarten",3.75,"Potatoes (1 kg), Markets"
"5022","Sint Maarten",4,"Lettuce (1 Head), Markets"
"5023","Sint Maarten",4.4,"Cappuccino (Regular Size), Restaurants"
"5024","Sint Maarten",3.25,"White Rice (1 kg), Markets"
"5025","Sint Maarten",5.45,"Tomatoes (1 kg), Markets"
"5026","Sint Maarten",4.75,"Bananas (1 kg), Markets"
"5027","Sint Maarten",4,"Onions (1 kg), Markets"
"5028","Sint Maarten",20.33,"Beef Round or Equivalent Back Leg Red Meat (1 kg), Markets"
"5029","Slovakia",9.32,"Meal at an Inexpensive Restaurant, Restaurants"
"5030","Slovakia",52.4,"Meal for Two at a Mid-Range Restaurant (Three Courses, Without Drinks), Restaurants"
"5031","Slovakia",9.32,"Combo Meal at McDonald's (or Equivalent Fast-Food Meal), Restaurants"
"5032","Slovakia",2.33,"Domestic Draft Beer (0.5 Liter), Restaurants"
"5033","Slovakia",2.91,"Imported Beer (0.33 Liter Bottle), Restaurants"
"5034","Slovakia",2.01,"Soft Drink (Coca-Cola or Pepsi, 0.33 Liter Bottle), Restaurants"
"5035","Slovakia",1.6,"Bottled Water (0.33 Liter), Restaurants"
"5036","Slovakia",1.15,"Milk (Regular, 1 Liter), Markets"
"5037","Slovakia",1.59,"Fresh White Bread (500 g Loaf), Markets"
"5038","Slovakia",3.89,"Eggs (12, Large Size), Markets"
"5039","Slovakia",14.53,"Local Cheese (1 kg), Markets"
"5040","Slovakia",0.9,"Bottled Water (1.5 Liter), Markets"
"5041","Slovakia",5.82,"Bottle of Wine (Mid-Range), Markets"
"5042","Slovakia",1.11,"Domestic Beer (0.5 Liter Bottle), Markets"
"5043","Slovakia",1.89,"Imported Beer (0.33 Liter Bottle), Markets"
"5044","Slovakia",6.06,"Cigarettes (Pack of 20, Marlboro), Markets"
"5045","Slovakia",7.96,"Chicken Fillets (1 kg), Markets"
"5046","Slovakia",1.95,"Apples (1 kg), Markets"
"5047","Slovakia",2.44,"Oranges (1 kg), Markets"
"5048","Slovakia",1.63,"Potatoes (1 kg), Markets"
"5049","Slovakia",1.54,"Lettuce (1 Head), Markets"
"5050","Slovakia",2.95,"Cappuccino (Regular Size), Restaurants"
"5051","Slovakia",2.01,"White Rice (1 kg), Markets"
"5052","Slovakia",4.57,"Tomatoes (1 kg), Markets"
"5053","Slovakia",1.99,"Bananas (1 kg), Markets"
"5054","Slovakia",1.71,"Onions (1 kg), Markets"
"5055","Slovakia",12.74,"Beef Round or Equivalent Back Leg Red Meat (1 kg), Markets"
"5056","Slovenia",13.97,"Meal at an Inexpensive Restaurant, Restaurants"
"5057","Slovenia",58.22,"Meal for Two at a Mid-Range Restaurant (Three Courses, Without Drinks), Restaurants"
"5058","Slovenia",9.32,"Combo Meal at McDonald's (or Equivalent Fast-Food Meal), Restaurants"
"5059","Slovenia",3.49,"Domestic Draft Beer (0.5 Liter), Restaurants"
"5060","Slovenia",4.66,"Imported Beer (0.33 Liter Bottle), Restaurants"
"5061","Slovenia",3.14,"Soft Drink (Coca-Cola or Pepsi, 0.33 Liter Bottle), Restaurants"
"5062","Slovenia",2.01,"Bottled Water (0.33 Liter), Restaurants"
"5063","Slovenia",1.48,"Milk (Regular, 1 Liter), Markets"
"5064","Slovenia",2.14,"Fresh White Bread (500 g Loaf), Markets"
"5065","Slovenia",3.83,"Eggs (12, Large Size), Markets"
"5066","Slovenia",14.68,"Local Cheese (1 kg), Markets"
"5067","Slovenia",0.89,"Bottled Water (1.5 Liter), Markets"
"5068","Slovenia",6.99,"Bottle of Wine (Mid-Range), Markets"
"5069","Slovenia",1.44,"Domestic Beer (0.5 Liter Bottle), Markets"
"5070","Slovenia",2,"Imported Beer (0.33 Liter Bottle), Markets"
"5071","Slovenia",6.17,"Cigarettes (Pack of 20, Marlboro), Markets"
"5072","Slovenia",10.42,"Chicken Fillets (1 kg), Markets"
"5073","Slovenia",2.09,"Apples (1 kg), Markets"
"5074","Slovenia",2.25,"Oranges (1 kg), Markets"
"5075","Slovenia",1.28,"Potatoes (1 kg), Markets"
"5076","Slovenia",1.7,"Lettuce (1 Head), Markets"
"5077","Slovenia",2.5,"Cappuccino (Regular Size), Restaurants"
"5078","Slovenia",2.83,"White Rice (1 kg), Markets"
"5079","Slovenia",3.39,"Tomatoes (1 kg), Markets"
"5080","Slovenia",1.8,"Bananas (1 kg), Markets"
"5081","Slovenia",1.62,"Onions (1 kg), Markets"
"5082","Slovenia",13.69,"Beef Round or Equivalent Back Leg Red Meat (1 kg), Markets"
"5083","Solomon Islands",4.56,"Meal at an Inexpensive Restaurant, Restaurants"
"5084","Solomon Islands",54.72,"Meal for Two at a Mid-Range Restaurant (Three Courses, Without Drinks), Restaurants"
"5085","Solomon Islands",12.16,"Combo Meal at McDonald's (or Equivalent Fast-Food Meal), Restaurants"
"5086","Solomon Islands",2.43,"Domestic Draft Beer (0.5 Liter), Restaurants"
"5087","Solomon Islands",3.65,"Imported Beer (0.33 Liter Bottle), Restaurants"
"5088","Solomon Islands",1.42,"Soft Drink (Coca-Cola or Pepsi, 0.33 Liter Bottle), Restaurants"
"5089","Solomon Islands",1.11,"Bottled Water (0.33 Liter), Restaurants"
"5090","Solomon Islands",2.58,"Milk (Regular, 1 Liter), Markets"
"5091","Solomon Islands",1.45,"Fresh White Bread (500 g Loaf), Markets"
"5092","Solomon Islands",5.61,"Eggs (12, Large Size), Markets"
"5093","Solomon Islands",6,"Local Cheese (1 kg), Markets"
"5094","Solomon Islands",1.07,"Bottled Water (1.5 Liter), Markets"
"5095","Solomon Islands",9.12,"Bottle of Wine (Mid-Range), Markets"
"5096","Solomon Islands",1.87,"Domestic Beer (0.5 Liter Bottle), Markets"
"5097","Solomon Islands",3.04,"Imported Beer (0.33 Liter Bottle), Markets"
"5098","Solomon Islands",4.13,"Cigarettes (Pack of 20, Marlboro), Markets"
"5099","Solomon Islands",8.21,"Chicken Fillets (1 kg), Markets"
"5100","Solomon Islands",7.78,"Apples (1 kg), Markets"
"5101","Solomon Islands",7.52,"Oranges (1 kg), Markets"
"5102","Solomon Islands",2.15,"Potatoes (1 kg), Markets"
"5103","Solomon Islands",1.48,"Lettuce (1 Head), Markets"
"5104","Solomon Islands",2.8,"Cappuccino (Regular Size), Restaurants"
"5105","Solomon Islands",1.46,"White Rice (1 kg), Markets"
"5106","Solomon Islands",3.26,"Tomatoes (1 kg), Markets"
"5107","Solomon Islands",2.68,"Bananas (1 kg), Markets"
"5108","Solomon Islands",3.26,"Onions (1 kg), Markets"
"5109","Solomon Islands",14.32,"Beef Round or Equivalent Back Leg Red Meat (1 kg), Markets"
"5110","Somalia",3.26,"Meal at an Inexpensive Restaurant, Restaurants"
"5111","Somalia",16.5,"Meal for Two at a Mid-Range Restaurant (Three Courses, Without Drinks), Restaurants"
"5112","Somalia",5,"Combo Meal at McDonald's (or Equivalent Fast-Food Meal), Restaurants"
"5113","Somalia",11,"Domestic Draft Beer (0.5 Liter), Restaurants"
"5114","Somalia",15,"Imported Beer (0.33 Liter Bottle), Restaurants"
"5115","Somalia",0.77,"Soft Drink (Coca-Cola or Pepsi, 0.33 Liter Bottle), Restaurants"
"5116","Somalia",0.34,"Bottled Water (0.33 Liter), Restaurants"
"5117","Somalia",1.45,"Milk (Regular, 1 Liter), Markets"
"5118","Somalia",1.01,"Fresh White Bread (500 g Loaf), Markets"
"5119","Somalia",2.32,"Eggs (12, Large Size), Markets"
"5120","Somalia",5,"Local Cheese (1 kg), Markets"
"5121","Somalia",0.79,"Bottled Water (1.5 Liter), Markets"
"5122","Somalia",3,"Bottle of Wine (Mid-Range), Markets"
"5123","Somalia",2,"Domestic Beer (0.5 Liter Bottle), Markets"
"5124","Somalia",1.2,"Cigarettes (Pack of 20, Marlboro), Markets"
"5125","Somalia",4.67,"Chicken Fillets (1 kg), Markets"
"5126","Somalia",2.5,"Apples (1 kg), Markets"
"5127","Somalia",2.59,"Oranges (1 kg), Markets"
"5128","Somalia",1.41,"Potatoes (1 kg), Markets"
"5129","Somalia",0.88,"Lettuce (1 Head), Markets"
"5130","Somalia",1.38,"Cappuccino (Regular Size), Restaurants"
"5131","Somalia",1.01,"White Rice (1 kg), Markets"
"5132","Somalia",1.25,"Tomatoes (1 kg), Markets"
"5133","Somalia",1.59,"Bananas (1 kg), Markets"
"5134","Somalia",1.53,"Onions (1 kg), Markets"
"5135","Somalia",5.12,"Beef Round or Equivalent Back Leg Red Meat (1 kg), Markets"
"5136","South Africa",10.45,"Meal at an Inexpensive Restaurant, Restaurants"
"5137","South Africa",39.65,"Meal for Two at a Mid-Range Restaurant (Three Courses, Without Drinks), Restaurants"
"5138","South Africa",5.3,"Combo Meal at McDonald's (or Equivalent Fast-Food Meal), Restaurants"
"5139","South Africa",2.35,"Domestic Draft Beer (0.5 Liter), Restaurants"
"5140","South Africa",2.65,"Imported Beer (0.33 Liter Bottle), Restaurants"
"5141","South Africa",1.06,"Soft Drink (Coca-Cola or Pepsi, 0.33 Liter Bottle), Restaurants"
"5142","South Africa",0.83,"Bottled Water (0.33 Liter), Restaurants"
"5143","South Africa",1.16,"Milk (Regular, 1 Liter), Markets"
"5144","South Africa",1.04,"Fresh White Bread (500 g Loaf), Markets"
"5145","South Africa",2.39,"Eggs (12, Large Size), Markets"
"5146","South Africa",8.08,"Local Cheese (1 kg), Markets"
"5147","South Africa",1.03,"Bottled Water (1.5 Liter), Markets"
"5148","South Africa",4.98,"Bottle of Wine (Mid-Range), Markets"
"5149","South Africa",1.42,"Domestic Beer (0.5 Liter Bottle), Markets"
"5150","South Africa",1.85,"Imported Beer (0.33 Liter Bottle), Markets"
"5151","South Africa",3.12,"Cigarettes (Pack of 20, Marlboro), Markets"
"5152","South Africa",4.85,"Chicken Fillets (1 kg), Markets"
"5153","South Africa",1.66,"Apples (1 kg), Markets"
"5154","South Africa",1.58,"Oranges (1 kg), Markets"
"5155","South Africa",1.33,"Potatoes (1 kg), Markets"
"5156","South Africa",1.13,"Lettuce (1 Head), Markets"
"5157","South Africa",2.17,"Cappuccino (Regular Size), Restaurants"
"5158","South Africa",1.67,"White Rice (1 kg), Markets"
"5159","South Africa",1.64,"Tomatoes (1 kg), Markets"
"5160","South Africa",1.55,"Bananas (1 kg), Markets"
"5161","South Africa",1.43,"Onions (1 kg), Markets"
"5162","South Africa",7.19,"Beef Round or Equivalent Back Leg Red Meat (1 kg), Markets"
"5163","South Korea",6.79,"Meal at an Inexpensive Restaurant, Restaurants"
"5164","South Korea",40.72,"Meal for Two at a Mid-Range Restaurant (Three Courses, Without Drinks), Restaurants"
"5165","South Korea",5.43,"Combo Meal at McDonald's (or Equivalent Fast-Food Meal), Restaurants"
"5166","South Korea",3.39,"Domestic Draft Beer (0.5 Liter), Restaurants"
"5167","South Korea",4.29,"Imported Beer (0.33 Liter Bottle), Restaurants"
"5168","South Korea",1.47,"Soft Drink (Coca-Cola or Pepsi, 0.33 Liter Bottle), Restaurants"
"5169","South Korea",0.73,"Bottled Water (0.33 Liter), Restaurants"
"5170","South Korea",1.98,"Milk (Regular, 1 Liter), Markets"
"5171","South Korea",2.74,"Fresh White Bread (500 g Loaf), Markets"
"5172","South Korea",2.74,"Eggs (12, Large Size), Markets"
"5173","South Korea",12.73,"Local Cheese (1 kg), Markets"
"5174","South Korea",1.09,"Bottled Water (1.5 Liter), Markets"
"5175","South Korea",16.97,"Bottle of Wine (Mid-Range), Markets"
"5176","South Korea",1.9,"Domestic Beer (0.5 Liter Bottle), Markets"
"5177","South Korea",2.64,"Imported Beer (0.33 Liter Bottle), Markets"
"5178","South Korea",3.05,"Cigarettes (Pack of 20, Marlboro), Markets"
"5179","South Korea",8.41,"Chicken Fillets (1 kg), Markets"
"5180","South Korea",7.43,"Apples (1 kg), Markets"
"5181","South Korea",5.64,"Oranges (1 kg), Markets"
"5182","South Korea",3.45,"Potatoes (1 kg), Markets"
"5183","South Korea",2.37,"Lettuce (1 Head), Markets"
"5184","South Korea",3.51,"Cappuccino (Regular Size), Restaurants"
"5185","South Korea",2.87,"White Rice (1 kg), Markets"
"5186","South Korea",5.5,"Tomatoes (1 kg), Markets"
"5187","South Korea",3.14,"Bananas (1 kg), Markets"
"5188","South Korea",2.68,"Onions (1 kg), Markets"
"5189","South Korea",25.88,"Beef Round or Equivalent Back Leg Red Meat (1 kg), Markets"
"5190","South Sudan",5,"Meal at an Inexpensive Restaurant, Restaurants"
"5191","South Sudan",165,"Meal for Two at a Mid-Range Restaurant (Three Courses, Without Drinks), Restaurants"
"5192","South Sudan",6.23,"Combo Meal at McDonald's (or Equivalent Fast-Food Meal), Restaurants"
"5193","South Sudan",15,"Domestic Draft Beer (0.5 Liter), Restaurants"
"5194","South Sudan",12.31,"Imported Beer (0.33 Liter Bottle), Restaurants"
"5195","South Sudan",1,"Soft Drink (Coca-Cola or Pepsi, 0.33 Liter Bottle), Restaurants"
"5196","South Sudan",1.68,"Bottled Water (0.33 Liter), Restaurants"
"5197","South Sudan",3,"Milk (Regular, 1 Liter), Markets"
"5198","South Sudan",1,"Fresh White Bread (500 g Loaf), Markets"
"5199","South Sudan",2.1,"Eggs (12, Large Size), Markets"
"5200","South Sudan",9.66,"Local Cheese (1 kg), Markets"
"5201","South Sudan",0.5,"Bottled Water (1.5 Liter), Markets"
"5202","South Sudan",13.66,"Chicken Fillets (1 kg), Markets"
"5203","South Sudan",3,"Potatoes (1 kg), Markets"
"5204","South Sudan",4,"Lettuce (1 Head), Markets"
"5205","South Sudan",5.47,"Cappuccino (Regular Size), Restaurants"
"5206","South Sudan",4,"White Rice (1 kg), Markets"
"5207","South Sudan",4,"Tomatoes (1 kg), Markets"
"5208","South Sudan",2,"Onions (1 kg), Markets"
"5209","South Sudan",18.44,"Beef Round or Equivalent Back Leg Red Meat (1 kg), Markets"
"5210","Spain",17.18,"Meal at an Inexpensive Restaurant, Restaurants"
"5211","Spain",58.22,"Meal for Two at a Mid-Range Restaurant (Three Courses, Without Drinks), Restaurants"
"5212","Spain",11.64,"Combo Meal at McDonald's (or Equivalent Fast-Food Meal), Restaurants"
"5213","Spain",3.49,"Domestic Draft Beer (0.5 Liter), Restaurants"
"5214","Spain",4.08,"Imported Beer (0.33 Liter Bottle), Restaurants"
"5215","Spain",2.56,"Soft Drink (Coca-Cola or Pepsi, 0.33 Liter Bottle), Restaurants"
"5216","Spain",1.87,"Bottled Water (0.33 Liter), Restaurants"
"5217","Spain",1.21,"Milk (Regular, 1 Liter), Markets"
"5218","Spain",1.56,"Fresh White Bread (500 g Loaf), Markets"
"5219","Spain",3.16,"Eggs (12, Large Size), Markets"
"5220","Spain",14.41,"Local Cheese (1 kg), Markets"
"5221","Spain",0.78,"Bottled Water (1.5 Liter), Markets"
"5222","Spain",5.82,"Bottle of Wine (Mid-Range), Markets"
"5223","Spain",1.31,"Domestic Beer (0.5 Liter Bottle), Markets"
"5224","Spain",2.18,"Imported Beer (0.33 Liter Bottle), Markets"
"5225","Spain",6.61,"Cigarettes (Pack of 20, Marlboro), Markets"
"5226","Spain",8.55,"Chicken Fillets (1 kg), Markets"
"5227","Spain",2.5,"Apples (1 kg), Markets"
"5228","Spain",2.12,"Oranges (1 kg), Markets"
"5229","Spain",1.84,"Potatoes (1 kg), Markets"
"5230","Spain",1.33,"Lettuce (1 Head), Markets"
"5231","Spain",2.39,"Cappuccino (Regular Size), Restaurants"
"5232","Spain",1.64,"White Rice (1 kg), Markets"
"5233","Spain",2.61,"Tomatoes (1 kg), Markets"
"5234","Spain",2.07,"Bananas (1 kg), Markets"
"5235","Spain",2.01,"Onions (1 kg), Markets"
"5236","Spain",16,"Beef Round or Equivalent Back Leg Red Meat (1 kg), Markets"
"5237","Sri Lanka",3.24,"Meal at an Inexpensive Restaurant, Restaurants"
"5238","Sri Lanka",22.67,"Meal for Two at a Mid-Range Restaurant (Three Courses, Without Drinks), Restaurants"
"5239","Sri Lanka",7.94,"Combo Meal at McDonald's (or Equivalent Fast-Food Meal), Restaurants"
"5240","Sri Lanka",2.27,"Domestic Draft Beer (0.5 Liter), Restaurants"
"5241","Sri Lanka",3.24,"Imported Beer (0.33 Liter Bottle), Restaurants"
"5242","Sri Lanka",0.7,"Soft Drink (Coca-Cola or Pepsi, 0.33 Liter Bottle), Restaurants"
"5243","Sri Lanka",0.35,"Bottled Water (0.33 Liter), Restaurants"
"5244","Sri Lanka",1.68,"Milk (Regular, 1 Liter), Markets"
"5245","Sri Lanka",0.53,"Fresh White Bread (500 g Loaf), Markets"
"5246","Sri Lanka",1.95,"Eggs (12, Large Size), Markets"
"5247","Sri Lanka",13.13,"Local Cheese (1 kg), Markets"
"5248","Sri Lanka",0.52,"Bottled Water (1.5 Liter), Markets"
"5249","Sri Lanka",12.96,"Bottle of Wine (Mid-Range), Markets"
"5250","Sri Lanka",2.04,"Domestic Beer (0.5 Liter Bottle), Markets"
"5251","Sri Lanka",2.77,"Imported Beer (0.33 Liter Bottle), Markets"
"5252","Sri Lanka",10.36,"Cigarettes (Pack of 20, Marlboro), Markets"
"5253","Sri Lanka",4.54,"Chicken Fillets (1 kg), Markets"
"5254","Sri Lanka",6.76,"Apples (1 kg), Markets"
"5255","Sri Lanka",5.61,"Oranges (1 kg), Markets"
"5256","Sri Lanka",1.06,"Potatoes (1 kg), Markets"
"5257","Sri Lanka",1.13,"Lettuce (1 Head), Markets"
"5258","Sri Lanka",2.52,"Cappuccino (Regular Size), Restaurants"
"5259","Sri Lanka",0.8,"White Rice (1 kg), Markets"
"5260","Sri Lanka",1.35,"Tomatoes (1 kg), Markets"
"5261","Sri Lanka",0.96,"Bananas (1 kg), Markets"
"5262","Sri Lanka",1.13,"Onions (1 kg), Markets"
"5263","Sri Lanka",7.52,"Beef Round or Equivalent Back Leg Red Meat (1 kg), Markets"
"5264","Sudan",5,"Meal at an Inexpensive Restaurant, Restaurants"
"5265","Sudan",22.8,"Meal for Two at a Mid-Range Restaurant (Three Courses, Without Drinks), Restaurants"
"5266","Sudan",3.05,"Combo Meal at McDonald's (or Equivalent Fast-Food Meal), Restaurants"
"5267","Sudan",2,"Domestic Draft Beer (0.5 Liter), Restaurants"
"5268","Sudan",2.8,"Imported Beer (0.33 Liter Bottle), Restaurants"
"5269","Sudan",0.64,"Soft Drink (Coca-Cola or Pepsi, 0.33 Liter Bottle), Restaurants"
"5270","Sudan",0.44,"Bottled Water (0.33 Liter), Restaurants"
"5271","Sudan",1.58,"Milk (Regular, 1 Liter), Markets"
"5272","Sudan",1.22,"Fresh White Bread (500 g Loaf), Markets"
"5273","Sudan",2.99,"Eggs (12, Large Size), Markets"
"5274","Sudan",12.52,"Local Cheese (1 kg), Markets"
"5275","Sudan",0.63,"Bottled Water (1.5 Liter), Markets"
"5276","Sudan",4,"Bottle of Wine (Mid-Range), Markets"
"5277","Sudan",0.8,"Domestic Beer (0.5 Liter Bottle), Markets"
"5278","Sudan",2.83,"Imported Beer (0.33 Liter Bottle), Markets"
"5279","Sudan",1.5,"Cigarettes (Pack of 20, Marlboro), Markets"
"5280","Sudan",7.6,"Chicken Fillets (1 kg), Markets"
"5281","Sudan",4.77,"Apples (1 kg), Markets"
"5282","Sudan",2.3,"Oranges (1 kg), Markets"
"5283","Sudan",1.6,"Potatoes (1 kg), Markets"
"5284","Sudan",0.68,"Lettuce (1 Head), Markets"
"5285","Sudan",2.16,"Cappuccino (Regular Size), Restaurants"
"5286","Sudan",2.8,"White Rice (1 kg), Markets"
"5287","Sudan",2.1,"Tomatoes (1 kg), Markets"
"5288","Sudan",1.48,"Bananas (1 kg), Markets"
"5289","Sudan",1.17,"Onions (1 kg), Markets"
"5290","Sudan",8.13,"Beef Round or Equivalent Back Leg Red Meat (1 kg), Markets"
"5291","Suriname",7,"Meal at an Inexpensive Restaurant, Restaurants"
"5292","Suriname",48.09,"Meal for Two at a Mid-Range Restaurant (Three Courses, Without Drinks), Restaurants"
"5293","Suriname",10.69,"Combo Meal at McDonald's (or Equivalent Fast-Food Meal), Restaurants"
"5294","Suriname",3.16,"Domestic Draft Beer (0.5 Liter), Restaurants"
"5295","Suriname",4.5,"Imported Beer (0.33 Liter Bottle), Restaurants"
"5296","Suriname",1.2,"Soft Drink (Coca-Cola or Pepsi, 0.33 Liter Bottle), Restaurants"
"5297","Suriname",0.82,"Bottled Water (0.33 Liter), Restaurants"
"5298","Suriname",1.68,"Milk (Regular, 1 Liter), Markets"
"5299","Suriname",1.24,"Fresh White Bread (500 g Loaf), Markets"
"5300","Suriname",3.17,"Eggs (12, Large Size), Markets"
"5301","Suriname",12.47,"Local Cheese (1 kg), Markets"
"5302","Suriname",1.5,"Bottled Water (1.5 Liter), Markets"
"5303","Suriname",9.22,"Bottle of Wine (Mid-Range), Markets"
"5304","Suriname",2.15,"Domestic Beer (0.5 Liter Bottle), Markets"
"5305","Suriname",3.37,"Imported Beer (0.33 Liter Bottle), Markets"
"5306","Suriname",5.64,"Cigarettes (Pack of 20, Marlboro), Markets"
"5307","Suriname",5.3,"Chicken Fillets (1 kg), Markets"
"5308","Suriname",4.66,"Apples (1 kg), Markets"
"5309","Suriname",3.59,"Oranges (1 kg), Markets"
"5310","Suriname",1.33,"Potatoes (1 kg), Markets"
"5311","Suriname",1.62,"Lettuce (1 Head), Markets"
"5312","Suriname",2.82,"Cappuccino (Regular Size), Restaurants"
"5313","Suriname",1.43,"White Rice (1 kg), Markets"
"5314","Suriname",6.07,"Tomatoes (1 kg), Markets"
"5315","Suriname",1.93,"Bananas (1 kg), Markets"
"5316","Suriname",1.88,"Onions (1 kg), Markets"
"5317","Suriname",9.09,"Beef Round or Equivalent Back Leg Red Meat (1 kg), Markets"
"5318","Sweden",14.86,"Meal at an Inexpensive Restaurant, Restaurants"
"5319","Sweden",84.89,"Meal for Two at a Mid-Range Restaurant (Three Courses, Without Drinks), Restaurants"
"5320","Sweden",11.67,"Combo Meal at McDonald's (or Equivalent Fast-Food Meal), Restaurants"
"5321","Sweden",7.96,"Domestic Draft Beer (0.5 Liter), Restaurants"
"5322","Sweden",7.96,"Imported Beer (0.33 Liter Bottle), Restaurants"
"5323","Sweden",2.81,"Soft Drink (Coca-Cola or Pepsi, 0.33 Liter Bottle), Restaurants"
"5324","Sweden",2.3,"Bottled Water (0.33 Liter), Restaurants"
"5325","Sweden",1.71,"Milk (Regular, 1 Liter), Markets"
"5326","Sweden",3.04,"Fresh White Bread (500 g Loaf), Markets"
"5327","Sweden",4.44,"Eggs (12, Large Size), Markets"
"5328","Sweden",12.3,"Local Cheese (1 kg), Markets"
"5329","Sweden",1.47,"Bottled Water (1.5 Liter), Markets"
"5330","Sweden",11.67,"Bottle of Wine (Mid-Range), Markets"
"5331","Sweden",2.04,"Domestic Beer (0.5 Liter Bottle), Markets"
"5332","Sweden",2.23,"Imported Beer (0.33 Liter Bottle), Markets"
"5333","Sweden",7.96,"Cigarettes (Pack of 20, Marlboro), Markets"
"5334","Sweden",12.51,"Chicken Fillets (1 kg), Markets"
"5335","Sweden",3.25,"Apples (1 kg), Markets"
"5336","Sweden",3.15,"Oranges (1 kg), Markets"
"5337","Sweden",1.83,"Potatoes (1 kg), Markets"
"5338","Sweden",2.43,"Lettuce (1 Head), Markets"
"5339","Sweden",4.9,"Cappuccino (Regular Size), Restaurants"
"5340","Sweden",3.81,"White Rice (1 kg), Markets"
"5341","Sweden",4.5,"Tomatoes (1 kg), Markets"
"5342","Sweden",2.76,"Bananas (1 kg), Markets"
"5343","Sweden",1.75,"Onions (1 kg), Markets"
"5344","Sweden",19.52,"Beef Round or Equivalent Back Leg Red Meat (1 kg), Markets"
"5345","Switzerland",31.12,"Meal at an Inexpensive Restaurant, Restaurants"
"5346","Switzerland",124.48,"Meal for Two at a Mid-Range Restaurant (Three Courses, Without Drinks), Restaurants"
"5347","Switzerland",18.67,"Combo Meal at McDonald's (or Equivalent Fast-Food Meal), Restaurants"
"5348","Switzerland",8.71,"Domestic Draft Beer (0.5 Liter), Restaurants"
"5349","Switzerland",7.47,"Imported Beer (0.33 Liter Bottle), Restaurants"
"5350","Switzerland",5.49,"Soft Drink (Coca-Cola or Pepsi, 0.33 Liter Bottle), Restaurants"
"5351","Switzerland",4.92,"Bottled Water (0.33 Liter), Restaurants"
"5352","Switzerland",2.25,"Milk (Regular, 1 Liter), Markets"
"5353","Switzerland",3.77,"Fresh White Bread (500 g Loaf), Markets"
"5354","Switzerland",7.63,"Eggs (12, Large Size), Markets"
"5355","Switzerland",26.85,"Local Cheese (1 kg), Markets"
"5356","Switzerland",1.39,"Bottled Water (1.5 Liter), Markets"
"5357","Switzerland",14.89,"Bottle of Wine (Mid-Range), Markets"
"5358","Switzerland",2.64,"Domestic Beer (0.5 Liter Bottle), Markets"
"5359","Switzerland",3.07,"Imported Beer (0.33 Liter Bottle), Markets"
"5360","Switzerland",11.2,"Cigarettes (Pack of 20, Marlboro), Markets"
"5361","Switzerland",29.64,"Chicken Fillets (1 kg), Markets"
"5362","Switzerland",3.64,"Apples (1 kg), Markets"
"5363","Switzerland",2.88,"Oranges (1 kg), Markets"
"5364","Switzerland",2.21,"Potatoes (1 kg), Markets"
"5365","Switzerland",2.4,"Lettuce (1 Head), Markets"
"5366","Switzerland",6.13,"Cappuccino (Regular Size), Restaurants"
"5367","Switzerland",4.03,"White Rice (1 kg), Markets"
"5368","Switzerland",5.81,"Tomatoes (1 kg), Markets"
"5369","Switzerland",2.2,"Bananas (1 kg), Markets"
"5370","Switzerland",2.23,"Onions (1 kg), Markets"
"5371","Switzerland",45.3,"Beef Round or Equivalent Back Leg Red Meat (1 kg), Markets"
"5372","Syria",4.5,"Meal at an Inexpensive Restaurant, Restaurants"
"5373","Syria",20,"Meal for Two at a Mid-Range Restaurant (Three Courses, Without Drinks), Restaurants"
"5374","Syria",5,"Combo Meal at McDonald's (or Equivalent Fast-Food Meal), Restaurants"
"5375","Syria",1.6,"Domestic Draft Beer (0.5 Liter), Restaurants"
"5376","Syria",1.8,"Imported Beer (0.33 Liter Bottle), Restaurants"
"5377","Syria",1.14,"Soft Drink (Coca-Cola or Pepsi, 0.33 Liter Bottle), Restaurants"
"5378","Syria",0.59,"Bottled Water (0.33 Liter), Restaurants"
"5379","Syria",0.89,"Milk (Regular, 1 Liter), Markets"
"5380","Syria",0.67,"Fresh White Bread (500 g Loaf), Markets"
"5381","Syria",1.68,"Eggs (12, Large Size), Markets"
"5382","Syria",3.63,"Local Cheese (1 kg), Markets"
"5383","Syria",0.67,"Bottled Water (1.5 Liter), Markets"
"5384","Syria",5,"Bottle of Wine (Mid-Range), Markets"
"5385","Syria",0.97,"Domestic Beer (0.5 Liter Bottle), Markets"
"5386","Syria",2.14,"Imported Beer (0.33 Liter Bottle), Markets"
"5387","Syria",3,"Cigarettes (Pack of 20, Marlboro), Markets"
"5388","Syria",5.71,"Chicken Fillets (1 kg), Markets"
"5389","Syria",0.9,"Apples (1 kg), Markets"
"5390","Syria",0.96,"Oranges (1 kg), Markets"
"5391","Syria",0.65,"Potatoes (1 kg), Markets"
"5392","Syria",0.45,"Lettuce (1 Head), Markets"
"5393","Syria",1.19,"Cappuccino (Regular Size), Restaurants"
"5394","Syria",1.39,"White Rice (1 kg), Markets"
"5395","Syria",0.65,"Tomatoes (1 kg), Markets"
"5396","Syria",1.54,"Bananas (1 kg), Markets"
"5397","Syria",0.72,"Onions (1 kg), Markets"
"5398","Syria",12.31,"Beef Round or Equivalent Back Leg Red Meat (1 kg), Markets"
"5399","Taiwan",4.78,"Meal at an Inexpensive Restaurant, Restaurants"
"5400","Taiwan",31.87,"Meal for Two at a Mid-Range Restaurant (Three Courses, Without Drinks), Restaurants"
"5401","Taiwan",5.1,"Combo Meal at McDonald's (or Equivalent Fast-Food Meal), Restaurants"
"5402","Taiwan",1.82,"Domestic Draft Beer (0.5 Liter), Restaurants"
"5403","Taiwan",2.55,"Imported Beer (0.33 Liter Bottle), Restaurants"
"5404","Taiwan",0.98,"Soft Drink (Coca-Cola or Pepsi, 0.33 Liter Bottle), Restaurants"
"5405","Taiwan",0.66,"Bottled Water (0.33 Liter), Restaurants"
"5406","Taiwan",3.11,"Milk (Regular, 1 Liter), Markets"
"5407","Taiwan",1.83,"Fresh White Bread (500 g Loaf), Markets"
"5408","Taiwan",2.7,"Eggs (12, Large Size), Markets"
"5409","Taiwan",16.76,"Local Cheese (1 kg), Markets"
"5410","Taiwan",1.17,"Bottled Water (1.5 Liter), Markets"
"5411","Taiwan",14.34,"Bottle of Wine (Mid-Range), Markets"
"5412","Taiwan",1.7,"Domestic Beer (0.5 Liter Bottle), Markets"
"5413","Taiwan",2.26,"Imported Beer (0.33 Liter Bottle), Markets"
"5414","Taiwan",3.98,"Cigarettes (Pack of 20, Marlboro), Markets"
"5415","Taiwan",8.81,"Chicken Fillets (1 kg), Markets"
"5416","Taiwan",4.69,"Apples (1 kg), Markets"
"5417","Taiwan",2.87,"Oranges (1 kg), Markets"
"5418","Taiwan",2.88,"Potatoes (1 kg), Markets"
"5419","Taiwan",1.95,"Lettuce (1 Head), Markets"
"5420","Taiwan",3.08,"Cappuccino (Regular Size), Restaurants"
"5421","Taiwan",3.1,"White Rice (1 kg), Markets"
"5422","Taiwan",3.82,"Tomatoes (1 kg), Markets"
"5423","Taiwan",2.7,"Bananas (1 kg), Markets"
"5424","Taiwan",2.21,"Onions (1 kg), Markets"
"5425","Taiwan",20.66,"Beef Round or Equivalent Back Leg Red Meat (1 kg), Markets"
"5426","Tajikistan",5.77,"Meal at an Inexpensive Restaurant, Restaurants"
"5427","Tajikistan",15.23,"Meal for Two at a Mid-Range Restaurant (Three Courses, Without Drinks), Restaurants"
"5428","Tajikistan",5.44,"Combo Meal at McDonald's (or Equivalent Fast-Food Meal), Restaurants"
"5429","Tajikistan",1.09,"Domestic Draft Beer (0.5 Liter), Restaurants"
"5430","Tajikistan",2.18,"Imported Beer (0.33 Liter Bottle), Restaurants"
"5431","Tajikistan",0.62,"Soft Drink (Coca-Cola or Pepsi, 0.33 Liter Bottle), Restaurants"
"5432","Tajikistan",0.37,"Bottled Water (0.33 Liter), Restaurants"
"5433","Tajikistan",1.07,"Milk (Regular, 1 Liter), Markets"
"5434","Tajikistan",0.57,"Fresh White Bread (500 g Loaf), Markets"
"5435","Tajikistan",1.8,"Eggs (12, Large Size), Markets"
"5436","Tajikistan",12.19,"Local Cheese (1 kg), Markets"
"5437","Tajikistan",0.58,"Bottled Water (1.5 Liter), Markets"
"5438","Tajikistan",11.97,"Bottle of Wine (Mid-Range), Markets"
"5439","Tajikistan",1.41,"Domestic Beer (0.5 Liter Bottle), Markets"
"5440","Tajikistan",2.09,"Imported Beer (0.33 Liter Bottle), Markets"
"5441","Tajikistan",2.18,"Cigarettes (Pack of 20, Marlboro), Markets"
"5442","Tajikistan",4.13,"Chicken Fillets (1 kg), Markets"
"5443","Tajikistan",1.75,"Apples (1 kg), Markets"
"5444","Tajikistan",2.58,"Oranges (1 kg), Markets"
"5445","Tajikistan",0.67,"Potatoes (1 kg), Markets"
"5446","Tajikistan",0.95,"Lettuce (1 Head), Markets"
"5447","Tajikistan",1.43,"Cappuccino (Regular Size), Restaurants"
"5448","Tajikistan",2.08,"White Rice (1 kg), Markets"
"5449","Tajikistan",0.78,"Tomatoes (1 kg), Markets"
"5450","Tajikistan",2.68,"Bananas (1 kg), Markets"
"5451","Tajikistan",0.42,"Onions (1 kg), Markets"
"5452","Tajikistan",11.03,"Beef Round or Equivalent Back Leg Red Meat (1 kg), Markets"
"5453","Tanzania",2.86,"Meal at an Inexpensive Restaurant, Restaurants"
"5454","Tanzania",20.45,"Meal for Two at a Mid-Range Restaurant (Three Courses, Without Drinks), Restaurants"
"5455","Tanzania",8.18,"Combo Meal at McDonald's (or Equivalent Fast-Food Meal), Restaurants"
"5456","Tanzania",1.02,"Domestic Draft Beer (0.5 Liter), Restaurants"
"5457","Tanzania",2.04,"Imported Beer (0.33 Liter Bottle), Restaurants"
"5458","Tanzania",0.41,"Soft Drink (Coca-Cola or Pepsi, 0.33 Liter Bottle), Restaurants"
"5459","Tanzania",0.27,"Bottled Water (0.33 Liter), Restaurants"
"5460","Tanzania",1.03,"Milk (Regular, 1 Liter), Markets"
"5461","Tanzania",0.81,"Fresh White Bread (500 g Loaf), Markets"
"5462","Tanzania",2.16,"Eggs (12, Large Size), Markets"
"5463","Tanzania",9.05,"Local Cheese (1 kg), Markets"
"5464","Tanzania",0.47,"Bottled Water (1.5 Liter), Markets"
"5465","Tanzania",6.13,"Bottle of Wine (Mid-Range), Markets"
"5466","Tanzania",1.07,"Domestic Beer (0.5 Liter Bottle), Markets"
"5467","Tanzania",1.55,"Imported Beer (0.33 Liter Bottle), Markets"
"5468","Tanzania",2.04,"Cigarettes (Pack of 20, Marlboro), Markets"
"5469","Tanzania",5.05,"Chicken Fillets (1 kg), Markets"
"5470","Tanzania",2.52,"Apples (1 kg), Markets"
"5471","Tanzania",1.03,"Oranges (1 kg), Markets"
"5472","Tanzania",0.96,"Potatoes (1 kg), Markets"
"5473","Tanzania",0.65,"Lettuce (1 Head), Markets"
"5474","Tanzania",2.03,"Cappuccino (Regular Size), Restaurants"
"5475","Tanzania",1.11,"White Rice (1 kg), Markets"
"5476","Tanzania",0.98,"Tomatoes (1 kg), Markets"
"5477","Tanzania",1.03,"Bananas (1 kg), Markets"
"5478","Tanzania",1.42,"Onions (1 kg), Markets"
"5479","Tanzania",4.29,"Beef Round or Equivalent Back Leg Red Meat (1 kg), Markets"
"5480","Thailand",3.12,"Meal at an Inexpensive Restaurant, Restaurants"
"5481","Thailand",28.09,"Meal for Two at a Mid-Range Restaurant (Three Courses, Without Drinks), Restaurants"
"5482","Thailand",7.18,"Combo Meal at McDonald's (or Equivalent Fast-Food Meal), Restaurants"
"5483","Thailand",2.18,"Domestic Draft Beer (0.5 Liter), Restaurants"
"5484","Thailand",3.75,"Imported Beer (0.33 Liter Bottle), Restaurants"
"5485","Thailand",0.73,"Soft Drink (Coca-Cola or Pepsi, 0.33 Liter Bottle), Restaurants"
"5486","Thailand",0.36,"Bottled Water (0.33 Liter), Restaurants"
"5487","Thailand",1.89,"Milk (Regular, 1 Liter), Markets"
"5488","Thailand",1.42,"Fresh White Bread (500 g Loaf), Markets"
"5489","Thailand",2.17,"Eggs (12, Large Size), Markets"
"5490","Thailand",16.87,"Local Cheese (1 kg), Markets"
"5491","Thailand",0.53,"Bottled Water (1.5 Liter), Markets"
"5492","Thailand",18.71,"Bottle of Wine (Mid-Range), Markets"
"5493","Thailand",1.81,"Domestic Beer (0.5 Liter Bottle), Markets"
"5494","Thailand",3.02,"Imported Beer (0.33 Liter Bottle), Markets"
"5495","Thailand",4.53,"Cigarettes (Pack of 20, Marlboro), Markets"
"5496","Thailand",3,"Chicken Fillets (1 kg), Markets"
"5497","Thailand",3,"Apples (1 kg), Markets"
"5498","Thailand",2.09,"Oranges (1 kg), Markets"
"5499","Thailand",1.53,"Potatoes (1 kg), Markets"
"5500","Thailand",1.17,"Lettuce (1 Head), Markets"
"5501","Thailand",2.14,"Cappuccino (Regular Size), Restaurants"
"5502","Thailand",1.34,"White Rice (1 kg), Markets"
"5503","Thailand",1.79,"Tomatoes (1 kg), Markets"
"5504","Thailand",1.39,"Bananas (1 kg), Markets"
"5505","Thailand",1.32,"Onions (1 kg), Markets"
"5506","Thailand",10.74,"Beef Round or Equivalent Back Leg Red Meat (1 kg), Markets"
"5507","Timor-Leste",5,"Meal at an Inexpensive Restaurant, Restaurants"
"5508","Timor-Leste",50,"Meal for Two at a Mid-Range Restaurant (Three Courses, Without Drinks), Restaurants"
"5509","Timor-Leste",8,"Combo Meal at McDonald's (or Equivalent Fast-Food Meal), Restaurants"
"5510","Timor-Leste",2,"Domestic Draft Beer (0.5 Liter), Restaurants"
"5511","Timor-Leste",4.5,"Imported Beer (0.33 Liter Bottle), Restaurants"
"5512","Timor-Leste",1.58,"Soft Drink (Coca-Cola or Pepsi, 0.33 Liter Bottle), Restaurants"
"5513","Timor-Leste",1.42,"Bottled Water (0.33 Liter), Restaurants"
"5514","Timor-Leste",2.66,"Milk (Regular, 1 Liter), Markets"
"5515","Timor-Leste",2.82,"Fresh White Bread (500 g Loaf), Markets"
"5516","Timor-Leste",2.7,"Eggs (12, Large Size), Markets"
"5517","Timor-Leste",2,"Local Cheese (1 kg), Markets"
"5518","Timor-Leste",1,"Bottled Water (1.5 Liter), Markets"
"5519","Timor-Leste",16,"Bottle of Wine (Mid-Range), Markets"
"5520","Timor-Leste",2.25,"Domestic Beer (0.5 Liter Bottle), Markets"
"5521","Timor-Leste",2.83,"Imported Beer (0.33 Liter Bottle), Markets"
"5522","Timor-Leste",2.75,"Cigarettes (Pack of 20, Marlboro), Markets"
"5523","Timor-Leste",9.5,"Chicken Fillets (1 kg), Markets"
"5524","Timor-Leste",3.5,"Apples (1 kg), Markets"
"5525","Timor-Leste",1.55,"Oranges (1 kg), Markets"
"5526","Timor-Leste",1.33,"Potatoes (1 kg), Markets"
"5527","Timor-Leste",0.89,"Lettuce (1 Head), Markets"
"5528","Timor-Leste",3.83,"Cappuccino (Regular Size), Restaurants"
"5529","Timor-Leste",1.6,"White Rice (1 kg), Markets"
"5530","Timor-Leste",2.11,"Tomatoes (1 kg), Markets"
"5531","Timor-Leste",1.83,"Bananas (1 kg), Markets"
"5532","Timor-Leste",1.25,"Onions (1 kg), Markets"
"5533","Timor-Leste",16,"Beef Round or Equivalent Back Leg Red Meat (1 kg), Markets"
"5534","Togo",2.49,"Meal at an Inexpensive Restaurant, Restaurants"
"5535","Togo",25.31,"Meal for Two at a Mid-Range Restaurant (Three Courses, Without Drinks), Restaurants"
"5536","Togo",5.77,"Combo Meal at McDonald's (or Equivalent Fast-Food Meal), Restaurants"
"5537","Togo",0.89,"Domestic Draft Beer (0.5 Liter), Restaurants"
"5538","Togo",1.78,"Imported Beer (0.33 Liter Bottle), Restaurants"
"5539","Togo",3.43,"Soft Drink (Coca-Cola or Pepsi, 0.33 Liter Bottle), Restaurants"
"5540","Togo",1.09,"Bottled Water (0.33 Liter), Restaurants"
"5541","Togo",2.46,"Milk (Regular, 1 Liter), Markets"
"5542","Togo",1.2,"Fresh White Bread (500 g Loaf), Markets"
"5543","Togo",2.02,"Eggs (12, Large Size), Markets"
"5544","Togo",14.2,"Local Cheese (1 kg), Markets"
"5545","Togo",0.89,"Bottled Water (1.5 Liter), Markets"
"5546","Togo",4.98,"Bottle of Wine (Mid-Range), Markets"
"5547","Togo",1.36,"Domestic Beer (0.5 Liter Bottle), Markets"
"5548","Togo",1.49,"Imported Beer (0.33 Liter Bottle), Markets"
"5549","Togo",1.42,"Cigarettes (Pack of 20, Marlboro), Markets"
"5550","Togo",10.65,"Chicken Fillets (1 kg), Markets"
"5551","Togo",2.66,"Apples (1 kg), Markets"
"5552","Togo",4.44,"Oranges (1 kg), Markets"
"5553","Togo",1.78,"Potatoes (1 kg), Markets"
"5554","Togo",0.89,"Lettuce (1 Head), Markets"
"5555","Togo",5.8,"Cappuccino (Regular Size), Restaurants"
"5556","Togo",1.83,"White Rice (1 kg), Markets"
"5557","Togo",2.51,"Tomatoes (1 kg), Markets"
"5558","Togo",1.48,"Bananas (1 kg), Markets"
"5559","Togo",1.42,"Onions (1 kg), Markets"
"5560","Togo",7.58,"Beef Round or Equivalent Back Leg Red Meat (1 kg), Markets"
"5561","Tonga",8.31,"Meal at an Inexpensive Restaurant, Restaurants"
"5562","Tonga",62.3,"Meal for Two at a Mid-Range Restaurant (Three Courses, Without Drinks), Restaurants"
"5563","Tonga",10.38,"Combo Meal at McDonald's (or Equivalent Fast-Food Meal), Restaurants"
"5564","Tonga",3.32,"Domestic Draft Beer (0.5 Liter), Restaurants"
"5565","Tonga",4.98,"Imported Beer (0.33 Liter Bottle), Restaurants"
"5566","Tonga",2.84,"Soft Drink (Coca-Cola or Pepsi, 0.33 Liter Bottle), Restaurants"
"5567","Tonga",2.46,"Bottled Water (0.33 Liter), Restaurants"
"5568","Tonga",1.56,"Milk (Regular, 1 Liter), Markets"
"5569","Tonga",1.04,"Fresh White Bread (500 g Loaf), Markets"
"5570","Tonga",5.09,"Eggs (12, Large Size), Markets"
"5571","Tonga",9,"Local Cheese (1 kg), Markets"
"5572","Tonga",1.38,"Bottled Water (1.5 Liter), Markets"
"5573","Tonga",17.03,"Bottle of Wine (Mid-Range), Markets"
"5574","Tonga",3.18,"Domestic Beer (0.5 Liter Bottle), Markets"
"5575","Tonga",3.32,"Imported Beer (0.33 Liter Bottle), Markets"
"5576","Tonga",10.18,"Cigarettes (Pack of 20, Marlboro), Markets"
"5577","Tonga",5.88,"Chicken Fillets (1 kg), Markets"
"5578","Tonga",2.77,"Apples (1 kg), Markets"
"5579","Tonga",2.91,"Oranges (1 kg), Markets"
"5580","Tonga",3.18,"Potatoes (1 kg), Markets"
"5581","Tonga",2.22,"Lettuce (1 Head), Markets"
"5582","Tonga",2.91,"Cappuccino (Regular Size), Restaurants"
"5583","Tonga",2.06,"White Rice (1 kg), Markets"
"5584","Tonga",3.74,"Tomatoes (1 kg), Markets"
"5585","Tonga",2.77,"Bananas (1 kg), Markets"
"5586","Tonga",2.63,"Onions (1 kg), Markets"
"5587","Tonga",7.68,"Beef Round or Equivalent Back Leg Red Meat (1 kg), Markets"
"5588","Trinidad And Tobago",9.59,"Meal at an Inexpensive Restaurant, Restaurants"
"5589","Trinidad And Tobago",73.73,"Meal for Two at a Mid-Range Restaurant (Three Courses, Without Drinks), Restaurants"
"5590","Trinidad And Tobago",7.37,"Combo Meal at McDonald's (or Equivalent Fast-Food Meal), Restaurants"
"5591","Trinidad And Tobago",1.77,"Domestic Draft Beer (0.5 Liter), Restaurants"
"5592","Trinidad And Tobago",2.95,"Imported Beer (0.33 Liter Bottle), Restaurants"
"5593","Trinidad And Tobago",1.06,"Soft Drink (Coca-Cola or Pepsi, 0.33 Liter Bottle), Restaurants"
"5594","Trinidad And Tobago",0.78,"Bottled Water (0.33 Liter), Restaurants"
"5595","Trinidad And Tobago",2.39,"Milk (Regular, 1 Liter), Markets"
"5596","Trinidad And Tobago",2.38,"Fresh White Bread (500 g Loaf), Markets"
"5597","Trinidad And Tobago",4.33,"Eggs (12, Large Size), Markets"
"5598","Trinidad And Tobago",7.9,"Local Cheese (1 kg), Markets"
"5599","Trinidad And Tobago",1.23,"Bottled Water (1.5 Liter), Markets"
"5600","Trinidad And Tobago",19.17,"Bottle of Wine (Mid-Range), Markets"
"5601","Trinidad And Tobago",2.03,"Domestic Beer (0.5 Liter Bottle), Markets"
"5602","Trinidad And Tobago",2.97,"Imported Beer (0.33 Liter Bottle), Markets"
"5603","Trinidad And Tobago",5.16,"Cigarettes (Pack of 20, Marlboro), Markets"
"5604","Trinidad And Tobago",8.9,"Chicken Fillets (1 kg), Markets"
"5605","Trinidad And Tobago",4.81,"Apples (1 kg), Markets"
"5606","Trinidad And Tobago",3.31,"Oranges (1 kg), Markets"
"5607","Trinidad And Tobago",1.51,"Potatoes (1 kg), Markets"
"5608","Trinidad And Tobago",1.63,"Lettuce (1 Head), Markets"
"5609","Trinidad And Tobago",3.76,"Cappuccino (Regular Size), Restaurants"
"5610","Trinidad And Tobago",2.86,"White Rice (1 kg), Markets"
"5611","Trinidad And Tobago",4.51,"Tomatoes (1 kg), Markets"
"5612","Trinidad And Tobago",2.52,"Bananas (1 kg), Markets"
"5613","Trinidad And Tobago",1.49,"Onions (1 kg), Markets"
"5614","Trinidad And Tobago",9.51,"Beef Round or Equivalent Back Leg Red Meat (1 kg), Markets"
"5615","Tunisia",3.41,"Meal at an Inexpensive Restaurant, Restaurants"
"5616","Tunisia",20.43,"Meal for Two at a Mid-Range Restaurant (Three Courses, Without Drinks), Restaurants"
"5617","Tunisia",5.11,"Combo Meal at McDonald's (or Equivalent Fast-Food Meal), Restaurants"
"5618","Tunisia",1.7,"Domestic Draft Beer (0.5 Liter), Restaurants"
"5619","Tunisia",2.38,"Imported Beer (0.33 Liter Bottle), Restaurants"
"5620","Tunisia",0.66,"Soft Drink (Coca-Cola or Pepsi, 0.33 Liter Bottle), Restaurants"
"5621","Tunisia",0.28,"Bottled Water (0.33 Liter), Restaurants"
"5622","Tunisia",0.49,"Milk (Regular, 1 Liter), Markets"
"5623","Tunisia",0.19,"Fresh White Bread (500 g Loaf), Markets"
"5624","Tunisia",1.63,"Eggs (12, Large Size), Markets"
"5625","Tunisia",11.22,"Local Cheese (1 kg), Markets"
"5626","Tunisia",0.31,"Bottled Water (1.5 Liter), Markets"
"5627","Tunisia",6.81,"Bottle of Wine (Mid-Range), Markets"
"5628","Tunisia",1.27,"Domestic Beer (0.5 Liter Bottle), Markets"
"5629","Tunisia",1.3,"Imported Beer (0.33 Liter Bottle), Markets"
"5630","Tunisia",3.58,"Cigarettes (Pack of 20, Marlboro), Markets"
"5631","Tunisia",6.01,"Chicken Fillets (1 kg), Markets"
"5632","Tunisia",1.97,"Apples (1 kg), Markets"
"5633","Tunisia",1.15,"Oranges (1 kg), Markets"
"5634","Tunisia",0.73,"Potatoes (1 kg), Markets"
"5635","Tunisia",0.45,"Lettuce (1 Head), Markets"
"5636","Tunisia",0.95,"Cappuccino (Regular Size), Restaurants"
"5637","Tunisia",1.55,"White Rice (1 kg), Markets"
"5638","Tunisia",0.75,"Tomatoes (1 kg), Markets"
"5639","Tunisia",3.08,"Bananas (1 kg), Markets"
"5640","Tunisia",0.63,"Onions (1 kg), Markets"
"5641","Tunisia",14.25,"Beef Round or Equivalent Back Leg Red Meat (1 kg), Markets"
"5642","Turkey",8.23,"Meal at an Inexpensive Restaurant, Restaurants"
"5643","Turkey",37.64,"Meal for Two at a Mid-Range Restaurant (Three Courses, Without Drinks), Restaurants"
"5644","Turkey",8.23,"Combo Meal at McDonald's (or Equivalent Fast-Food Meal), Restaurants"
"5645","Turkey",3.53,"Domestic Draft Beer (0.5 Liter), Restaurants"
"5646","Turkey",4.59,"Imported Beer (0.33 Liter Bottle), Restaurants"
"5647","Turkey",1.36,"Soft Drink (Coca-Cola or Pepsi, 0.33 Liter Bottle), Restaurants"
"5648","Turkey",0.5,"Bottled Water (0.33 Liter), Restaurants"
"5649","Turkey",0.96,"Milk (Regular, 1 Liter), Markets"
"5650","Turkey",0.77,"Fresh White Bread (500 g Loaf), Markets"
"5651","Turkey",2.14,"Eggs (12, Large Size), Markets"
"5652","Turkey",9.17,"Local Cheese (1 kg), Markets"
"5653","Turkey",0.49,"Bottled Water (1.5 Liter), Markets"
"5654","Turkey",10.59,"Bottle of Wine (Mid-Range), Markets"
"5655","Turkey",2.09,"Domestic Beer (0.5 Liter Bottle), Markets"
"5656","Turkey",2.79,"Imported Beer (0.33 Liter Bottle), Markets"
"5657","Turkey",2.12,"Cigarettes (Pack of 20, Marlboro), Markets"
"5658","Turkey",5.5,"Chicken Fillets (1 kg), Markets"
"5659","Turkey",1.46,"Apples (1 kg), Markets"
"5660","Turkey",1.26,"Oranges (1 kg), Markets"
"5661","Turkey",0.64,"Potatoes (1 kg), Markets"
"5662","Turkey",0.98,"Lettuce (1 Head), Markets"
"5663","Turkey",3.31,"Cappuccino (Regular Size), Restaurants"
"5664","Turkey",2.07,"White Rice (1 kg), Markets"
"5665","Turkey",1.3,"Tomatoes (1 kg), Markets"
"5666","Turkey",2.25,"Bananas (1 kg), Markets"
"5667","Turkey",0.52,"Onions (1 kg), Markets"
"5668","Turkey",18.95,"Beef Round or Equivalent Back Leg Red Meat (1 kg), Markets"
"5669","Turkmenistan",28.57,"Meal at an Inexpensive Restaurant, Restaurants"
"5670","Turkmenistan",85.71,"Meal for Two at a Mid-Range Restaurant (Three Courses, Without Drinks), Restaurants"
"5671","Turkmenistan",12.86,"Combo Meal at McDonald's (or Equivalent Fast-Food Meal), Restaurants"
"5672","Turkmenistan",5.71,"Domestic Draft Beer (0.5 Liter), Restaurants"
"5673","Turkmenistan",14.29,"Imported Beer (0.33 Liter Bottle), Restaurants"
"5674","Turkmenistan",2.59,"Soft Drink (Coca-Cola or Pepsi, 0.33 Liter Bottle), Restaurants"
"5675","Turkmenistan",0.73,"Bottled Water (0.33 Liter), Restaurants"
"5676","Turkmenistan",4.56,"Milk (Regular, 1 Liter), Markets"
"5677","Turkmenistan",1.68,"Fresh White Bread (500 g Loaf), Markets"
"5678","Turkmenistan",6.17,"Eggs (12, Large Size), Markets"
"5679","Turkmenistan",40,"Local Cheese (1 kg), Markets"
"5680","Turkmenistan",1.12,"Bottled Water (1.5 Liter), Markets"
"5681","Turkmenistan",42.86,"Bottle of Wine (Mid-Range), Markets"
"5682","Turkmenistan",4.71,"Domestic Beer (0.5 Liter Bottle), Markets"
"5683","Turkmenistan",2.86,"Imported Beer (0.33 Liter Bottle), Markets"
"5684","Turkmenistan",25.71,"Cigarettes (Pack of 20, Marlboro), Markets"
"5685","Turkmenistan",16.07,"Chicken Fillets (1 kg), Markets"
"5686","Turkmenistan",3.94,"Apples (1 kg), Markets"
"5687","Turkmenistan",6.57,"Oranges (1 kg), Markets"
"5688","Turkmenistan",1.86,"Potatoes (1 kg), Markets"
"5689","Turkmenistan",2,"Lettuce (1 Head), Markets"
"5690","Turkmenistan",6.89,"Cappuccino (Regular Size), Restaurants"
"5691","Turkmenistan",5.14,"White Rice (1 kg), Markets"
"5692","Turkmenistan",3.02,"Tomatoes (1 kg), Markets"
"5693","Turkmenistan",7.97,"Bananas (1 kg), Markets"
"5694","Turkmenistan",1.37,"Onions (1 kg), Markets"
"5695","Turkmenistan",20.36,"Beef Round or Equivalent Back Leg Red Meat (1 kg), Markets"
"5696","Turks And Caicos Islands",20,"Meal at an Inexpensive Restaurant, Restaurants"
"5697","Turks And Caicos Islands",120,"Meal for Two at a Mid-Range Restaurant (Three Courses, Without Drinks), Restaurants"
"5698","Turks And Caicos Islands",10,"Combo Meal at McDonald's (or Equivalent Fast-Food Meal), Restaurants"
"5699","Turks And Caicos Islands",5,"Domestic Draft Beer (0.5 Liter), Restaurants"
"5700","Turks And Caicos Islands",6.5,"Imported Beer (0.33 Liter Bottle), Restaurants"
"5701","Turks And Caicos Islands",2.67,"Soft Drink (Coca-Cola or Pepsi, 0.33 Liter Bottle), Restaurants"
"5702","Turks And Caicos Islands",2.67,"Bottled Water (0.33 Liter), Restaurants"
"5703","Turks And Caicos Islands",5.53,"Milk (Regular, 1 Liter), Markets"
"5704","Turks And Caicos Islands",3.92,"Fresh White Bread (500 g Loaf), Markets"
"5705","Turks And Caicos Islands",4,"Eggs (12, Large Size), Markets"
"5706","Turks And Caicos Islands",26.46,"Local Cheese (1 kg), Markets"
"5707","Turks And Caicos Islands",2.06,"Bottled Water (1.5 Liter), Markets"
"5708","Turks And Caicos Islands",20,"Bottle of Wine (Mid-Range), Markets"
"5709","Turks And Caicos Islands",7,"Cigarettes (Pack of 20, Marlboro), Markets"
"5710","Turks And Caicos Islands",15,"Chicken Fillets (1 kg), Markets"
"5711","Turks And Caicos Islands",4,"Apples (1 kg), Markets"
"5712","Turks And Caicos Islands",6.25,"Lettuce (1 Head), Markets"
"5713","Turks And Caicos Islands",5.5,"Cappuccino (Regular Size), Restaurants"
"5714","Turks And Caicos Islands",6.61,"Tomatoes (1 kg), Markets"
"5715","Turks And Caicos Islands",2.6,"Bananas (1 kg), Markets"
"5716","Turks And Caicos Islands",2,"Onions (1 kg), Markets"
"5717","Turks And Caicos Islands",17.61,"Beef Round or Equivalent Back Leg Red Meat (1 kg), Markets"
"5718","Uganda",2.82,"Meal at an Inexpensive Restaurant, Restaurants"
"5719","Uganda",28.2,"Meal for Two at a Mid-Range Restaurant (Three Courses, Without Drinks), Restaurants"
"5720","Uganda",8.46,"Combo Meal at McDonald's (or Equivalent Fast-Food Meal), Restaurants"
"5721","Uganda",1.41,"Domestic Draft Beer (0.5 Liter), Restaurants"
"5722","Uganda",2.82,"Imported Beer (0.33 Liter Bottle), Restaurants"
"5723","Uganda",0.44,"Soft Drink (Coca-Cola or Pepsi, 0.33 Liter Bottle), Restaurants"
"5724","Uganda",0.3,"Bottled Water (0.33 Liter), Restaurants"
"5725","Uganda",0.72,"Milk (Regular, 1 Liter), Markets"
"5726","Uganda",1.12,"Fresh White Bread (500 g Loaf), Markets"
"5727","Uganda",1.77,"Eggs (12, Large Size), Markets"
"5728","Uganda",5.44,"Local Cheese (1 kg), Markets"
"5729","Uganda",0.57,"Bottled Water (1.5 Liter), Markets"
"5730","Uganda",10.5,"Bottle of Wine (Mid-Range), Markets"
"5731","Uganda",1.19,"Domestic Beer (0.5 Liter Bottle), Markets"
"5732","Uganda",2.06,"Imported Beer (0.33 Liter Bottle), Markets"
"5733","Uganda",3.43,"Cigarettes (Pack of 20, Marlboro), Markets"
"5734","Uganda",4.95,"Chicken Fillets (1 kg), Markets"
"5735","Uganda",2.69,"Apples (1 kg), Markets"
"5736","Uganda",1.63,"Oranges (1 kg), Markets"
"5737","Uganda",1.45,"Potatoes (1 kg), Markets"
"5738","Uganda",0.94,"Lettuce (1 Head), Markets"
"5739","Uganda",2.74,"Cappuccino (Regular Size), Restaurants"
"5740","Uganda",1.36,"White Rice (1 kg), Markets"
"5741","Uganda",1.5,"Tomatoes (1 kg), Markets"
"5742","Uganda",1.33,"Bananas (1 kg), Markets"
"5743","Uganda",1.52,"Onions (1 kg), Markets"
"5744","Uganda",4.37,"Beef Round or Equivalent Back Leg Red Meat (1 kg), Markets"
"5745","Ukraine",7.11,"Meal at an Inexpensive Restaurant, Restaurants"
"5746","Ukraine",28.45,"Meal for Two at a Mid-Range Restaurant (Three Courses, Without Drinks), Restaurants"
"5747","Ukraine",5.93,"Combo Meal at McDonald's (or Equivalent Fast-Food Meal), Restaurants"
"5748","Ukraine",1.19,"Domestic Draft Beer (0.5 Liter), Restaurants"
"5749","Ukraine",1.66,"Imported Beer (0.33 Liter Bottle), Restaurants"
"5750","Ukraine",0.67,"Soft Drink (Coca-Cola or Pepsi, 0.33 Liter Bottle), Restaurants"
"5751","Ukraine",0.46,"Bottled Water (0.33 Liter), Restaurants"
"5752","Ukraine",1.15,"Milk (Regular, 1 Liter), Markets"
"5753","Ukraine",0.7,"Fresh White Bread (500 g Loaf), Markets"
"5754","Ukraine",1.78,"Eggs (12, Large Size), Markets"
"5755","Ukraine",8.95,"Local Cheese (1 kg), Markets"
"5756","Ukraine",0.55,"Bottled Water (1.5 Liter), Markets"
"5757","Ukraine",4.74,"Bottle of Wine (Mid-Range), Markets"
"5758","Ukraine",0.86,"Domestic Beer (0.5 Liter Bottle), Markets"
"5759","Ukraine",1.42,"Imported Beer (0.33 Liter Bottle), Markets"
"5760","Ukraine",2.85,"Cigarettes (Pack of 20, Marlboro), Markets"
"5761","Ukraine",4.47,"Chicken Fillets (1 kg), Markets"
"5762","Ukraine",1.03,"Apples (1 kg), Markets"
"5763","Ukraine",1.7,"Oranges (1 kg), Markets"
"5764","Ukraine",0.73,"Potatoes (1 kg), Markets"
"5765","Ukraine",1.38,"Lettuce (1 Head), Markets"
"5766","Ukraine",1.4,"Cappuccino (Regular Size), Restaurants"
"5767","Ukraine",1.4,"White Rice (1 kg), Markets"
"5768","Ukraine",2.21,"Tomatoes (1 kg), Markets"
"5769","Ukraine",1.59,"Bananas (1 kg), Markets"
"5770","Ukraine",0.55,"Onions (1 kg), Markets"
"5771","Ukraine",7.2,"Beef Round or Equivalent Back Leg Red Meat (1 kg), Markets"
"5772","United Arab Emirates",8.17,"Meal at an Inexpensive Restaurant, Restaurants"
"5773","United Arab Emirates",62.45,"Meal for Two at a Mid-Range Restaurant (Three Courses, Without Drinks), Restaurants"
"5774","United Arab Emirates",9.53,"Combo Meal at McDonald's (or Equivalent Fast-Food Meal), Restaurants"
"5775","United Arab Emirates",10.89,"Domestic Draft Beer (0.5 Liter), Restaurants"
"5776","United Arab Emirates",12.25,"Imported Beer (0.33 Liter Bottle), Restaurants"
"5777","United Arab Emirates",1.07,"Soft Drink (Coca-Cola or Pepsi, 0.33 Liter Bottle), Restaurants"
"5778","United Arab Emirates",0.56,"Bottled Water (0.33 Liter), Restaurants"
"5779","United Arab Emirates",1.82,"Milk (Regular, 1 Liter), Markets"
"5780","United Arab Emirates",1.43,"Fresh White Bread (500 g Loaf), Markets"
"5781","United Arab Emirates",3.16,"Eggs (12, Large Size), Markets"
"5782","United Arab Emirates",11.01,"Local Cheese (1 kg), Markets"
"5783","United Arab Emirates",0.6,"Bottled Water (1.5 Liter), Markets"
"5784","United Arab Emirates",14.97,"Bottle of Wine (Mid-Range), Markets"
"5785","United Arab Emirates",2.44,"Domestic Beer (0.5 Liter Bottle), Markets"
"5786","United Arab Emirates",2.78,"Imported Beer (0.33 Liter Bottle), Markets"
"5787","United Arab Emirates",6.26,"Cigarettes (Pack of 20, Marlboro), Markets"
"5788","United Arab Emirates",8.64,"Chicken Fillets (1 kg), Markets"
"5789","United Arab Emirates",2.32,"Apples (1 kg), Markets"
"5790","United Arab Emirates",1.67,"Oranges (1 kg), Markets"
"5791","United Arab Emirates",1.07,"Potatoes (1 kg), Markets"
"5792","United Arab Emirates",1.47,"Lettuce (1 Head), Markets"
"5793","United Arab Emirates",5.52,"Cappuccino (Regular Size), Restaurants"
"5794","United Arab Emirates",2.18,"White Rice (1 kg), Markets"
"5795","United Arab Emirates",1.32,"Tomatoes (1 kg), Markets"
"5796","United Arab Emirates",1.76,"Bananas (1 kg), Markets"
"5797","United Arab Emirates",1.16,"Onions (1 kg), Markets"
"5798","United Arab Emirates",11.41,"Beef Round or Equivalent Back Leg Red Meat (1 kg), Markets"
"5799","United Kingdom",19.99,"Meal at an Inexpensive Restaurant, Restaurants"
"5800","United Kingdom",86.62,"Meal for Two at a Mid-Range Restaurant (Three Courses, Without Drinks), Restaurants"
"5801","United Kingdom",10.66,"Combo Meal at McDonald's (or Equivalent Fast-Food Meal), Restaurants"
"5802","United Kingdom",6.66,"Domestic Draft Beer (0.5 Liter), Restaurants"
"5803","United Kingdom",6.66,"Imported Beer (0.33 Liter Bottle), Restaurants"
"5804","United Kingdom",2.45,"Soft Drink (Coca-Cola or Pepsi, 0.33 Liter Bottle), Restaurants"
"5805","United Kingdom",1.74,"Bottled Water (0.33 Liter), Restaurants"
"5806","United Kingdom",1.66,"Milk (Regular, 1 Liter), Markets"
"5807","United Kingdom",1.65,"Fresh White Bread (500 g Loaf), Markets"
"5808","United Kingdom",3.97,"Eggs (12, Large Size), Markets"
"5809","United Kingdom",9.58,"Local Cheese (1 kg), Markets"
"5810","United Kingdom",1.57,"Bottled Water (1.5 Liter), Markets"
"5811","United Kingdom",10.66,"Bottle of Wine (Mid-Range), Markets"
"5812","United Kingdom",2.91,"Domestic Beer (0.5 Liter Bottle), Markets"
"5813","United Kingdom",3.36,"Imported Beer (0.33 Liter Bottle), Markets"
"5814","United Kingdom",19.99,"Cigarettes (Pack of 20, Marlboro), Markets"
"5815","United Kingdom",8.88,"Chicken Fillets (1 kg), Markets"
"5816","United Kingdom",2.96,"Apples (1 kg), Markets"
"5817","United Kingdom",2.81,"Oranges (1 kg), Markets"
"5818","United Kingdom",1.68,"Potatoes (1 kg), Markets"
"5819","United Kingdom",1.16,"Lettuce (1 Head), Markets"
"5820","United Kingdom",4.65,"Cappuccino (Regular Size), Restaurants"
"5821","United Kingdom",2.17,"White Rice (1 kg), Markets"
"5822","United Kingdom",3.4,"Tomatoes (1 kg), Markets"
"5823","United Kingdom",1.63,"Bananas (1 kg), Markets"
"5824","United Kingdom",1.55,"Onions (1 kg), Markets"
"5825","United Kingdom",14.31,"Beef Round or Equivalent Back Leg Red Meat (1 kg), Markets"
"5826","United States",20,"Meal at an Inexpensive Restaurant, Restaurants"
"5827","United States",75,"Meal for Two at a Mid-Range Restaurant (Three Courses, Without Drinks), Restaurants"
"5828","United States",12,"Combo Meal at McDonald's (or Equivalent Fast-Food Meal), Restaurants"
"5829","United States",6,"Domestic Draft Beer (0.5 Liter), Restaurants"
"5830","United States",7.5,"Imported Beer (0.33 Liter Bottle), Restaurants"
"5831","United States",2.6,"Soft Drink (Coca-Cola or Pepsi, 0.33 Liter Bottle), Restaurants"
"5832","United States",2.11,"Bottled Water (0.33 Liter), Restaurants"
"5833","United States",1.06,"Milk (Regular, 1 Liter), Markets"
"5834","United States",3.66,"Fresh White Bread (500 g Loaf), Markets"
"5835","United States",4.41,"Eggs (12, Large Size), Markets"
"5836","United States",13.02,"Local Cheese (1 kg), Markets"
"5837","United States",2.26,"Bottled Water (1.5 Liter), Markets"
"5838","United States",15,"Bottle of Wine (Mid-Range), Markets"
"5839","United States",2.01,"Domestic Beer (0.5 Liter Bottle), Markets"
"5840","United States",3.62,"Imported Beer (0.33 Liter Bottle), Markets"
"5841","United States",10.4,"Cigarettes (Pack of 20, Marlboro), Markets"
"5842","United States",12.27,"Chicken Fillets (1 kg), Markets"
"5843","United States",5.23,"Apples (1 kg), Markets"
"5844","United States",4.46,"Oranges (1 kg), Markets"
"5845","United States",2.91,"Potatoes (1 kg), Markets"
"5846","United States",2.22,"Lettuce (1 Head), Markets"
"5847","United States",5.31,"Cappuccino (Regular Size), Restaurants"
"5848","United States",4.6,"White Rice (1 kg), Markets"
"5849","United States",4.9,"Tomatoes (1 kg), Markets"
"5850","United States",1.68,"Bananas (1 kg), Markets"
"5851","United States",3.07,"Onions (1 kg), Markets"
"5852","United States",16.61,"Beef Round or Equivalent Back Leg Red Meat (1 kg), Markets"
"5853","Uruguay",16.93,"Meal at an Inexpensive Restaurant, Restaurants"
"5854","Uruguay",53.63,"Meal for Two at a Mid-Range Restaurant (Three Courses, Without Drinks), Restaurants"
"5855","Uruguay",12.45,"Combo Meal at McDonald's (or Equivalent Fast-Food Meal), Restaurants"
"5856","Uruguay",4.09,"Domestic Draft Beer (0.5 Liter), Restaurants"
"5857","Uruguay",3.83,"Imported Beer (0.33 Liter Bottle), Restaurants"
"5858","Uruguay",2.3,"Soft Drink (Coca-Cola or Pepsi, 0.33 Liter Bottle), Restaurants"
"5859","Uruguay",1.83,"Bottled Water (0.33 Liter), Restaurants"
"5860","Uruguay",1.24,"Milk (Regular, 1 Liter), Markets"
"5861","Uruguay",2.81,"Fresh White Bread (500 g Loaf), Markets"
"5862","Uruguay",4.63,"Eggs (12, Large Size), Markets"
"5863","Uruguay",13.98,"Local Cheese (1 kg), Markets"
"5864","Uruguay",1.8,"Bottled Water (1.5 Liter), Markets"
"5865","Uruguay",8.94,"Bottle of Wine (Mid-Range), Markets"
"5866","Uruguay",2.46,"Domestic Beer (0.5 Liter Bottle), Markets"
"5867","Uruguay",3,"Imported Beer (0.33 Liter Bottle), Markets"
"5868","Uruguay",5.36,"Cigarettes (Pack of 20, Marlboro), Markets"
"5869","Uruguay",11.41,"Chicken Fillets (1 kg), Markets"
"5870","Uruguay",3.02,"Apples (1 kg), Markets"
"5871","Uruguay",1.51,"Oranges (1 kg), Markets"
"5872","Uruguay",2.12,"Potatoes (1 kg), Markets"
"5873","Uruguay",1.38,"Lettuce (1 Head), Markets"
"5874","Uruguay",4.36,"Cappuccino (Regular Size), Restaurants"
"5875","Uruguay",1.74,"White Rice (1 kg), Markets"
"5876","Uruguay",3.55,"Tomatoes (1 kg), Markets"
"5877","Uruguay",2.6,"Bananas (1 kg), Markets"
"5878","Uruguay",2.21,"Onions (1 kg), Markets"
"5879","Uruguay",11.69,"Beef Round or Equivalent Back Leg Red Meat (1 kg), Markets"
"5880","Us Virgin Islands",25,"Meal at an Inexpensive Restaurant, Restaurants"
"5881","Us Virgin Islands",127.5,"Meal for Two at a Mid-Range Restaurant (Three Courses, Without Drinks), Restaurants"
"5882","Us Virgin Islands",11,"Combo Meal at McDonald's (or Equivalent Fast-Food Meal), Restaurants"
"5883","Us Virgin Islands",6,"Domestic Draft Beer (0.5 Liter), Restaurants"
"5884","Us Virgin Islands",7,"Imported Beer (0.33 Liter Bottle), Restaurants"
"5885","Us Virgin Islands",2.89,"Soft Drink (Coca-Cola or Pepsi, 0.33 Liter Bottle), Restaurants"
"5886","Us Virgin Islands",2.26,"Bottled Water (0.33 Liter), Restaurants"
"5887","Us Virgin Islands",2.66,"Milk (Regular, 1 Liter), Markets"
"5888","Us Virgin Islands",5.99,"Fresh White Bread (500 g Loaf), Markets"
"5889","Us Virgin Islands",7.12,"Eggs (12, Large Size), Markets"
"5890","Us Virgin Islands",17.64,"Local Cheese (1 kg), Markets"
"5891","Us Virgin Islands",4.25,"Bottled Water (1.5 Liter), Markets"
"5892","Us Virgin Islands",20,"Bottle of Wine (Mid-Range), Markets"
"5893","Us Virgin Islands",2.95,"Domestic Beer (0.5 Liter Bottle), Markets"
"5894","Us Virgin Islands",6.25,"Imported Beer (0.33 Liter Bottle), Markets"
"5895","Us Virgin Islands",5,"Cigarettes (Pack of 20, Marlboro), Markets"
"5896","Us Virgin Islands",25.72,"Chicken Fillets (1 kg), Markets"
"5897","Us Virgin Islands",10.39,"Apples (1 kg), Markets"
"5898","Us Virgin Islands",10.74,"Oranges (1 kg), Markets"
"5899","Us Virgin Islands",4.45,"Potatoes (1 kg), Markets"
"5900","Us Virgin Islands",4.57,"Lettuce (1 Head), Markets"
"5901","Us Virgin Islands",7.18,"Cappuccino (Regular Size), Restaurants"
"5902","Us Virgin Islands",9.9,"White Rice (1 kg), Markets"
"5903","Us Virgin Islands",9.06,"Tomatoes (1 kg), Markets"
"5904","Us Virgin Islands",4.1,"Bananas (1 kg), Markets"
"5905","Us Virgin Islands",5.51,"Onions (1 kg), Markets"
"5906","Us Virgin Islands",27.84,"Beef Round or Equivalent Back Leg Red Meat (1 kg), Markets"
"5907","Uzbekistan",4.61,"Meal at an Inexpensive Restaurant, Restaurants"
"5908","Uzbekistan",27.26,"Meal for Two at a Mid-Range Restaurant (Three Courses, Without Drinks), Restaurants"
"5909","Uzbekistan",4.19,"Combo Meal at McDonald's (or Equivalent Fast-Food Meal), Restaurants"
"5910","Uzbekistan",1.43,"Domestic Draft Beer (0.5 Liter), Restaurants"
"5911","Uzbekistan",3.35,"Imported Beer (0.33 Liter Bottle), Restaurants"
"5912","Uzbekistan",0.61,"Soft Drink (Coca-Cola or Pepsi, 0.33 Liter Bottle), Restaurants"
"5913","Uzbekistan",0.27,"Bottled Water (0.33 Liter), Restaurants"
"5914","Uzbekistan",1.18,"Milk (Regular, 1 Liter), Markets"
"5915","Uzbekistan",0.49,"Fresh White Bread (500 g Loaf), Markets"
"5916","Uzbekistan",1.68,"Eggs (12, Large Size), Markets"
"5917","Uzbekistan",8.07,"Local Cheese (1 kg), Markets"
"5918","Uzbekistan",0.46,"Bottled Water (1.5 Liter), Markets"
"5919","Uzbekistan",5.87,"Bottle of Wine (Mid-Range), Markets"
"5920","Uzbekistan",1.19,"Domestic Beer (0.5 Liter Bottle), Markets"
"5921","Uzbekistan",3.06,"Imported Beer (0.33 Liter Bottle), Markets"
"5922","Uzbekistan",2,"Cigarettes (Pack of 20, Marlboro), Markets"
"5923","Uzbekistan",3.93,"Chicken Fillets (1 kg), Markets"
"5924","Uzbekistan",1.21,"Apples (1 kg), Markets"
"5925","Uzbekistan",2.5,"Oranges (1 kg), Markets"
"5926","Uzbekistan",0.58,"Potatoes (1 kg), Markets"
"5927","Uzbekistan",0.7,"Lettuce (1 Head), Markets"
"5928","Uzbekistan",1.95,"Cappuccino (Regular Size), Restaurants"
"5929","Uzbekistan",1.77,"White Rice (1 kg), Markets"
"5930","Uzbekistan",1.44,"Tomatoes (1 kg), Markets"
"5931","Uzbekistan",1.89,"Bananas (1 kg), Markets"
"5932","Uzbekistan",0.36,"Onions (1 kg), Markets"
"5933","Uzbekistan",10.26,"Beef Round or Equivalent Back Leg Red Meat (1 kg), Markets"
"5934","Vanuatu",12.28,"Meal at an Inexpensive Restaurant, Restaurants"
"5935","Vanuatu",65.49,"Meal for Two at a Mid-Range Restaurant (Three Courses, Without Drinks), Restaurants"
"5936","Vanuatu",9.44,"Combo Meal at McDonald's (or Equivalent Fast-Food Meal), Restaurants"
"5937","Vanuatu",4.77,"Domestic Draft Beer (0.5 Liter), Restaurants"
"5938","Vanuatu",5.95,"Imported Beer (0.33 Liter Bottle), Restaurants"
"5939","Vanuatu",2.52,"Soft Drink (Coca-Cola or Pepsi, 0.33 Liter Bottle), Restaurants"
"5940","Vanuatu",1.91,"Bottled Water (0.33 Liter), Restaurants"
"5941","Vanuatu",2.56,"Milk (Regular, 1 Liter), Markets"
"5942","Vanuatu",2.76,"Fresh White Bread (500 g Loaf), Markets"
"5943","Vanuatu",5.21,"Eggs (12, Large Size), Markets"
"5944","Vanuatu",19.65,"Local Cheese (1 kg), Markets"
"5945","Vanuatu",1.33,"Bottled Water (1.5 Liter), Markets"
"5946","Vanuatu",16.37,"Bottle of Wine (Mid-Range), Markets"
"5947","Vanuatu",2.93,"Domestic Beer (0.5 Liter Bottle), Markets"
"5948","Vanuatu",2.87,"Imported Beer (0.33 Liter Bottle), Markets"
"5949","Vanuatu",9.41,"Cigarettes (Pack of 20, Marlboro), Markets"
"5950","Vanuatu",16.37,"Chicken Fillets (1 kg), Markets"
"5951","Vanuatu",4.64,"Apples (1 kg), Markets"
"5952","Vanuatu",5.29,"Oranges (1 kg), Markets"
"5953","Vanuatu",4.99,"Potatoes (1 kg), Markets"
"5954","Vanuatu",2.87,"Lettuce (1 Head), Markets"
"5955","Vanuatu",5.6,"Cappuccino (Regular Size), Restaurants"
"5956","Vanuatu",3.64,"White Rice (1 kg), Markets"
"5957","Vanuatu",4.91,"Tomatoes (1 kg), Markets"
"5958","Vanuatu",2.73,"Bananas (1 kg), Markets"
"5959","Vanuatu",2.81,"Onions (1 kg), Markets"
"5960","Vanuatu",16.54,"Beef Round or Equivalent Back Leg Red Meat (1 kg), Markets"
"5961","Venezuela",10,"Meal at an Inexpensive Restaurant, Restaurants"
"5962","Venezuela",50,"Meal for Two at a Mid-Range Restaurant (Three Courses, Without Drinks), Restaurants"
"5963","Venezuela",10,"Combo Meal at McDonald's (or Equivalent Fast-Food Meal), Restaurants"
"5964","Venezuela",1.5,"Domestic Draft Beer (0.5 Liter), Restaurants"
"5965","Venezuela",2.5,"Imported Beer (0.33 Liter Bottle), Restaurants"
"5966","Venezuela",1.19,"Soft Drink (Coca-Cola or Pepsi, 0.33 Liter Bottle), Restaurants"
"5967","Venezuela",1,"Bottled Water (0.33 Liter), Restaurants"
"5968","Venezuela",1.95,"Milk (Regular, 1 Liter), Markets"
"5969","Venezuela",1.87,"Fresh White Bread (500 g Loaf), Markets"
"5970","Venezuela",2.68,"Eggs (12, Large Size), Markets"
"5971","Venezuela",6.08,"Local Cheese (1 kg), Markets"
"5972","Venezuela",1.82,"Bottled Water (1.5 Liter), Markets"
"5973","Venezuela",9.94,"Bottle of Wine (Mid-Range), Markets"
"5974","Venezuela",1.22,"Domestic Beer (0.5 Liter Bottle), Markets"
"5975","Venezuela",1.92,"Imported Beer (0.33 Liter Bottle), Markets"
"5976","Venezuela",4,"Cigarettes (Pack of 20, Marlboro), Markets"
"5977","Venezuela",7.05,"Chicken Fillets (1 kg), Markets"
"5978","Venezuela",5.06,"Apples (1 kg), Markets"
"5979","Venezuela",1.7,"Oranges (1 kg), Markets"
"5980","Venezuela",1.82,"Potatoes (1 kg), Markets"
"5981","Venezuela",1.32,"Lettuce (1 Head), Markets"
"5982","Venezuela",2.33,"Cappuccino (Regular Size), Restaurants"
"5983","Venezuela",1.33,"White Rice (1 kg), Markets"
"5984","Venezuela",2.02,"Tomatoes (1 kg), Markets"
"5985","Venezuela",1.43,"Bananas (1 kg), Markets"
"5986","Venezuela",1.83,"Onions (1 kg), Markets"
"5987","Venezuela",7.6,"Beef Round or Equivalent Back Leg Red Meat (1 kg), Markets"
"5988","Vietnam",1.9,"Meal at an Inexpensive Restaurant, Restaurants"
"5989","Vietnam",18.96,"Meal for Two at a Mid-Range Restaurant (Three Courses, Without Drinks), Restaurants"
"5990","Vietnam",4.27,"Combo Meal at McDonald's (or Equivalent Fast-Food Meal), Restaurants"
"5991","Vietnam",0.95,"Domestic Draft Beer (0.5 Liter), Restaurants"
"5992","Vietnam",1.52,"Imported Beer (0.33 Liter Bottle), Restaurants"
"5993","Vietnam",0.48,"Soft Drink (Coca-Cola or Pepsi, 0.33 Liter Bottle), Restaurants"
"5994","Vietnam",0.28,"Bottled Water (0.33 Liter), Restaurants"
"5995","Vietnam",1.39,"Milk (Regular, 1 Liter), Markets"
"5996","Vietnam",0.89,"Fresh White Bread (500 g Loaf), Markets"
"5997","Vietnam",1.47,"Eggs (12, Large Size), Markets"
"5998","Vietnam",11.57,"Local Cheese (1 kg), Markets"
"5999","Vietnam",0.48,"Bottled Water (1.5 Liter), Markets"
"6000","Vietnam",10.23,"Bottle of Wine (Mid-Range), Markets"
"6001","Vietnam",0.82,"Domestic Beer (0.5 Liter Bottle), Markets"
"6002","Vietnam",1.52,"Imported Beer (0.33 Liter Bottle), Markets"
"6003","Vietnam",1.33,"Cigarettes (Pack of 20, Marlboro), Markets"
"6004","Vietnam",3.65,"Chicken Fillets (1 kg), Markets"
"6005","Vietnam",2.74,"Apples (1 kg), Markets"
"6006","Vietnam",1.26,"Oranges (1 kg), Markets"
"6007","Vietnam",1.07,"Potatoes (1 kg), Markets"
"6008","Vietnam",0.71,"Lettuce (1 Head), Markets"
"6009","Vietnam",1.63,"Cappuccino (Regular Size), Restaurants"
"6010","Vietnam",0.94,"White Rice (1 kg), Markets"
"6011","Vietnam",1.09,"Tomatoes (1 kg), Markets"
"6012","Vietnam",1.06,"Bananas (1 kg), Markets"
"6013","Vietnam",1.13,"Onions (1 kg), Markets"
"6014","Vietnam",10.13,"Beef Round or Equivalent Back Leg Red Meat (1 kg), Markets"
"6015","Wallis And Futuna",11.64,"Meal at an Inexpensive Restaurant, Restaurants"
"6016","Wallis And Futuna",116.45,"Meal for Two at a Mid-Range Restaurant (Three Courses, Without Drinks), Restaurants"
"6017","Wallis And Futuna",5.82,"Imported Beer (0.33 Liter Bottle), Restaurants"
"6018","Wallis And Futuna",5.82,"Soft Drink (Coca-Cola or Pepsi, 0.33 Liter Bottle), Restaurants"
"6019","Wallis And Futuna",3.49,"Bottled Water (0.33 Liter), Restaurants"
"6020","Wallis And Futuna",4.66,"Bottled Water (1.5 Liter), Markets"
"6021","Wallis And Futuna",17.47,"Bottle of Wine (Mid-Range), Markets"
"6022","Wallis And Futuna",17.47,"Cigarettes (Pack of 20, Marlboro), Markets"
"6023","Wallis And Futuna",11.64,"Lettuce (1 Head), Markets"
"6024","Wallis And Futuna",8.15,"Cappuccino (Regular Size), Restaurants"
"6025","Western Sahara",4.33,"Meal at an Inexpensive Restaurant, Restaurants"
"6026","Western Sahara",2.17,"Cappuccino (Regular Size), Restaurants"
"6027","Western Sahara",3.58,"Combo Meal at McDonald's (or Equivalent Fast-Food Meal), Restaurants"
"6028","Western Sahara",0.43,"Soft Drink (Coca-Cola or Pepsi, 0.33 Liter Bottle), Restaurants"
"6029","Western Sahara",0.33,"Bottled Water (0.33 Liter), Restaurants"
"6030","Yemen",8,"Meal at an Inexpensive Restaurant, Restaurants"
"6031","Yemen",30,"Meal for Two at a Mid-Range Restaurant (Three Courses, Without Drinks), Restaurants"
"6032","Yemen",10.24,"Combo Meal at McDonald's (or Equivalent Fast-Food Meal), Restaurants"
"6033","Yemen",3.18,"Domestic Draft Beer (0.5 Liter), Restaurants"
"6034","Yemen",3.78,"Imported Beer (0.33 Liter Bottle), Restaurants"
"6035","Yemen",1.68,"Soft Drink (Coca-Cola or Pepsi, 0.33 Liter Bottle), Restaurants"
"6036","Yemen",0.73,"Bottled Water (0.33 Liter), Restaurants"
"6037","Yemen",2.42,"Milk (Regular, 1 Liter), Markets"
"6038","Yemen",1.2,"Fresh White Bread (500 g Loaf), Markets"
"6039","Yemen",4.83,"Eggs (12, Large Size), Markets"
"6040","Yemen",9.93,"Local Cheese (1 kg), Markets"
"6041","Yemen",1.13,"Bottled Water (1.5 Liter), Markets"
"6042","Yemen",2.31,"Bottle of Wine (Mid-Range), Markets"
"6043","Yemen",1.44,"Domestic Beer (0.5 Liter Bottle), Markets"
"6044","Yemen",2.87,"Imported Beer (0.33 Liter Bottle), Markets"
"6045","Yemen",5.03,"Cigarettes (Pack of 20, Marlboro), Markets"
"6046","Yemen",11.92,"Chicken Fillets (1 kg), Markets"
"6047","Yemen",4.84,"Apples (1 kg), Markets"
"6048","Yemen",4.4,"Oranges (1 kg), Markets"
"6049","Yemen",2.4,"Potatoes (1 kg), Markets"
"6050","Yemen",0.81,"Lettuce (1 Head), Markets"
"6051","Yemen",3.95,"Cappuccino (Regular Size), Restaurants"
"6052","Yemen",3.66,"White Rice (1 kg), Markets"
"6053","Yemen",2.72,"Tomatoes (1 kg), Markets"
"6054","Yemen",2.11,"Bananas (1 kg), Markets"
"6055","Yemen",2.18,"Onions (1 kg), Markets"
"6056","Yemen",25.66,"Beef Round or Equivalent Back Leg Red Meat (1 kg), Markets"
"6057","Zambia",7.23,"Meal at an Inexpensive Restaurant, Restaurants"
"6058","Zambia",22.35,"Meal for Two at a Mid-Range Restaurant (Three Courses, Without Drinks), Restaurants"
"6059","Zambia",3.82,"Combo Meal at McDonald's (or Equivalent Fast-Food Meal), Restaurants"
"6060","Zambia",0.9,"Domestic Draft Beer (0.5 Liter), Restaurants"
"6061","Zambia",1.47,"Imported Beer (0.33 Liter Bottle), Restaurants"
"6062","Zambia",0.56,"Soft Drink (Coca-Cola or Pepsi, 0.33 Liter Bottle), Restaurants"
"6063","Zambia",0.33,"Bottled Water (0.33 Liter), Restaurants"
"6064","Zambia",1.3,"Milk (Regular, 1 Liter), Markets"
"6065","Zambia",0.84,"Fresh White Bread (500 g Loaf), Markets"
"6066","Zambia",1.45,"Eggs (12, Large Size), Markets"
"6067","Zambia",7.8,"Local Cheese (1 kg), Markets"
"6068","Zambia",0.62,"Bottled Water (1.5 Liter), Markets"
"6069","Zambia",5.99,"Bottle of Wine (Mid-Range), Markets"
"6070","Zambia",0.82,"Domestic Beer (0.5 Liter Bottle), Markets"
"6071","Zambia",1.57,"Imported Beer (0.33 Liter Bottle), Markets"
"6072","Zambia",2.16,"Cigarettes (Pack of 20, Marlboro), Markets"
"6073","Zambia",4.48,"Chicken Fillets (1 kg), Markets"
"6074","Zambia",2.71,"Apples (1 kg), Markets"
"6075","Zambia",2.66,"Oranges (1 kg), Markets"
"6076","Zambia",1.84,"Potatoes (1 kg), Markets"
"6077","Zambia",0.99,"Lettuce (1 Head), Markets"
"6078","Zambia",2.05,"Cappuccino (Regular Size), Restaurants"
"6079","Zambia",2.02,"White Rice (1 kg), Markets"
"6080","Zambia",1.1,"Tomatoes (1 kg), Markets"
"6081","Zambia",1.53,"Bananas (1 kg), Markets"
"6082","Zambia",1.51,"Onions (1 kg), Markets"
"6083","Zambia",4.81,"Beef Round or Equivalent Back Leg Red Meat (1 kg), Markets"
"6084","Zimbabwe",6.83,"Meal at an Inexpensive Restaurant, Restaurants"
"6085","Zimbabwe",50,"Meal for Two at a Mid-Range Restaurant (Three Courses, Without Drinks), Restaurants"
"6086","Zimbabwe",6,"Combo Meal at McDonald's (or Equivalent Fast-Food Meal), Restaurants"
"6087","Zimbabwe",1.5,"Domestic Draft Beer (0.5 Liter), Restaurants"
"6088","Zimbabwe",2,"Imported Beer (0.33 Liter Bottle), Restaurants"
"6089","Zimbabwe",0.71,"Soft Drink (Coca-Cola or Pepsi, 0.33 Liter Bottle), Restaurants"
"6090","Zimbabwe",0.48,"Bottled Water (0.33 Liter), Restaurants"
"6091","Zimbabwe",1.56,"Milk (Regular, 1 Liter), Markets"
"6092","Zimbabwe",1,"Fresh White Bread (500 g Loaf), Markets"
"6093","Zimbabwe",2.13,"Eggs (12, Large Size), Markets"
"6094","Zimbabwe",10.43,"Local Cheese (1 kg), Markets"
"6095","Zimbabwe",1.07,"Bottled Water (1.5 Liter), Markets"
"6096","Zimbabwe",7,"Bottle of Wine (Mid-Range), Markets"
"6097","Zimbabwe",1.17,"Domestic Beer (0.5 Liter Bottle), Markets"
"6098","Zimbabwe",1.82,"Imported Beer (0.33 Liter Bottle), Markets"
"6099","Zimbabwe",1.5,"Cigarettes (Pack of 20, Marlboro), Markets"
"6100","Zimbabwe",5.62,"Chicken Fillets (1 kg), Markets"
"6101","Zimbabwe",2.82,"Apples (1 kg), Markets"
"6102","Zimbabwe",2.24,"Oranges (1 kg), Markets"
"6103","Zimbabwe",1.57,"Potatoes (1 kg), Markets"
"6104","Zimbabwe",1.09,"Lettuce (1 Head), Markets"
"6105","Zimbabwe",2.69,"Cappuccino (Regular Size), Restaurants"
"6106","Zimbabwe",1.88,"White Rice (1 kg), Markets"
"6107","Zimbabwe",1.51,"Tomatoes (1 kg), Markets"
"6108","Zimbabwe",1.86,"Bananas (1 kg), Markets"
"6109","Zimbabwe",1.78,"Onions (1 kg), Markets"
"6110","Zimbabwe",5.86,"Beef Round or Equivalent Back Leg Red Meat (1 kg), Markets"
