Country,Obesity Rate,Male Obesity Rate,Female Obesity Rate,average_price,item_name
American Samoa,75.6,70.2,80.6,25,"Meal at an Inexpensive Restaurant, Restaurants"
American Samoa,75.6,70.2,80.6,6.99,"Meal for Two at a Mid-Range Restaurant (Three Courses, Without Drinks), Restaurants"
American Samoa,75.6,70.2,80.6,2,"Domestic Draft Beer (0.5 Liter), Restaurants"
American Samoa,75.6,70.2,80.6,2,"Imported Beer (0.33 Liter Bottle), Restaurants"
American Samoa,75.6,70.2,80.6,1.25,"Soft Drink (Coca-Cola or Pepsi, 0.33 Liter Bottle), Restaurants"
American Samoa,75.6,70.2,80.6,2.55,"Milk (Regular, 1 Liter), Markets"
American Samoa,75.6,70.2,80.6,2.89,"Fresh White Bread (500 g Loaf), Markets"
American Samoa,75.6,70.2,80.6,4.5,"Eggs (12, Large Size), Markets"
American Samoa,75.6,70.2,80.6,10.2,"Local Cheese (1 kg), Markets"
American Samoa,75.6,70.2,80.6,15,"Bottle of Wine (Mid-Range), Markets"
American Samoa,75.6,70.2,80.6,2.95,"Imported Beer (0.33 Liter Bottle), Markets"
American Samoa,75.6,70.2,80.6,11.5,"Cigarettes (Pack of 20, Marlboro), Markets"
American Samoa,75.6,70.2,80.6,1,"Cappuccino (Regular Size), Restaurants"
American Samoa,75.6,70.2,80.6,4.3,"White Rice (1 kg), Markets"
American Samoa,75.6,70.2,80.6,11.35,"Beef Round or Equivalent Back Leg Red Meat (1 kg), Markets"
Tonga,70.5,61.3,79.1,8.31,"Meal at an Inexpensive Restaurant, Restaurants"
Tonga,70.5,61.3,79.1,62.3,"Meal for Two at a Mid-Range Restaurant (Three Courses, Without Drinks), Restaurants"
Tonga,70.5,61.3,79.1,10.38,"Combo Meal at McDonald's (or Equivalent Fast-Food Meal), Restaurants"
Tonga,70.5,61.3,79.1,3.32,"Domestic Draft Beer (0.5 Liter), Restaurants"
Tonga,70.5,61.3,79.1,4.98,"Imported Beer (0.33 Liter Bottle), Restaurants"
Tonga,70.5,61.3,79.1,2.84,"Soft Drink (Coca-Cola or Pepsi, 0.33 Liter Bottle), Restaurants"
Tonga,70.5,61.3,79.1,2.46,"Bottled Water (0.33 Liter), Restaurants"
Tonga,70.5,61.3,79.1,1.56,"Milk (Regular, 1 Liter), Markets"
Tonga,70.5,61.3,79.1,1.04,"Fresh White Bread (500 g Loaf), Markets"
Tonga,70.5,61.3,79.1,5.09,"Eggs (12, Large Size), Markets"
Tonga,70.5,61.3,79.1,9,"Local Cheese (1 kg), Markets"
Tonga,70.5,61.3,79.1,1.38,"Bottled Water (1.5 Liter), Markets"
Tonga,70.5,61.3,79.1,17.03,"Bottle of Wine (Mid-Range), Markets"
Tonga,70.5,61.3,79.1,3.18,"Domestic Beer (0.5 Liter Bottle), Markets"
Tonga,70.5,61.3,79.1,3.32,"Imported Beer (0.33 Liter Bottle), Markets"
Tonga,70.5,61.3,79.1,10.18,"Cigarettes (Pack of 20, Marlboro), Markets"
Tonga,70.5,61.3,79.1,5.88,"Chicken Fillets (1 kg), Markets"
Tonga,70.5,61.3,79.1,2.77,"Apples (1 kg), Markets"
Tonga,70.5,61.3,79.1,2.91,"Oranges (1 kg), Markets"
Tonga,70.5,61.3,79.1,3.18,"Potatoes (1 kg), Markets"
Tonga,70.5,61.3,79.1,2.22,"Lettuce (1 Head), Markets"
Tonga,70.5,61.3,79.1,2.91,"Cappuccino (Regular Size), Restaurants"
Tonga,70.5,61.3,79.1,2.06,"White Rice (1 kg), Markets"
Tonga,70.5,61.3,79.1,3.74,"Tomatoes (1 kg), Markets"
Tonga,70.5,61.3,79.1,2.77,"Bananas (1 kg), Markets"
Tonga,70.5,61.3,79.1,2.63,"Onions (1 kg), Markets"
Tonga,70.5,61.3,79.1,7.68,"Beef Round or Equivalent Back Leg Red Meat (1 kg), Markets"
Nauru,70.2,69.4,71,9.91,"Meal at an Inexpensive Restaurant, Restaurants"
Nauru,70.2,69.4,71,23.13,"Meal for Two at a Mid-Range Restaurant (Three Courses, Without Drinks), Restaurants"
Nauru,70.2,69.4,71,9.91,"Combo Meal at McDonald's (or Equivalent Fast-Food Meal), Restaurants"
Nauru,70.2,69.4,71,6.61,"Domestic Draft Beer (0.5 Liter), Restaurants"
Nauru,70.2,69.4,71,4.63,"Imported Beer (0.33 Liter Bottle), Restaurants"
Nauru,70.2,69.4,71,0.99,"Soft Drink (Coca-Cola or Pepsi, 0.33 Liter Bottle), Restaurants"
Nauru,70.2,69.4,71,0.99,"Bottled Water (0.33 Liter), Restaurants"
Nauru,70.2,69.4,71,2.97,"Milk (Regular, 1 Liter), Markets"
Nauru,70.2,69.4,71,1.65,"Fresh White Bread (500 g Loaf), Markets"
Nauru,70.2,69.4,71,16.52,"Bottle of Wine (Mid-Range), Markets"
Nauru,70.2,69.4,71,3.3,"Potatoes (1 kg), Markets"
Nauru,70.2,69.4,71,3.3,"Lettuce (1 Head), Markets"
Nauru,70.2,69.4,71,3.3,"Cappuccino (Regular Size), Restaurants"
Nauru,70.2,69.4,71,3.3,"Onions (1 kg), Markets"
Cook Islands,68.4,64.8,71.5,11.54,"Meal at an Inexpensive Restaurant, Restaurants"
Cook Islands,68.4,64.8,71.5,57.68,"Meal for Two at a Mid-Range Restaurant (Three Courses, Without Drinks), Restaurants"
Cook Islands,68.4,64.8,71.5,8.65,"Combo Meal at McDonald's (or Equivalent Fast-Food Meal), Restaurants"
Cook Islands,68.4,64.8,71.5,6.34,"Domestic Draft Beer (0.5 Liter), Restaurants"
Cook Islands,68.4,64.8,71.5,5.19,"Imported Beer (0.33 Liter Bottle), Restaurants"
Cook Islands,68.4,64.8,71.5,2.45,"Soft Drink (Coca-Cola or Pepsi, 0.33 Liter Bottle), Restaurants"
Cook Islands,68.4,64.8,71.5,2.31,"Bottled Water (0.33 Liter), Restaurants"
Cook Islands,68.4,64.8,71.5,2.02,"Milk (Regular, 1 Liter), Markets"
Cook Islands,68.4,64.8,71.5,3.01,"Fresh White Bread (500 g Loaf), Markets"
Cook Islands,68.4,64.8,71.5,5.57,"Eggs (12, Large Size), Markets"
Cook Islands,68.4,64.8,71.5,9.42,"Local Cheese (1 kg), Markets"
Cook Islands,68.4,64.8,71.5,3.17,"Bottled Water (1.5 Liter), Markets"
Cook Islands,68.4,64.8,71.5,11.54,"Bottle of Wine (Mid-Range), Markets"
Cook Islands,68.4,64.8,71.5,3.46,"Domestic Beer (0.5 Liter Bottle), Markets"
Cook Islands,68.4,64.8,71.5,4.76,"Imported Beer (0.33 Liter Bottle), Markets"
Cook Islands,68.4,64.8,71.5,14.42,"Cigarettes (Pack of 20, Marlboro), Markets"
Cook Islands,68.4,64.8,71.5,7.5,"Chicken Fillets (1 kg), Markets"
Cook Islands,68.4,64.8,71.5,2.87,"Apples (1 kg), Markets"
Cook Islands,68.4,64.8,71.5,3.45,"Oranges (1 kg), Markets"
Cook Islands,68.4,64.8,71.5,2.31,"Potatoes (1 kg), Markets"
Cook Islands,68.4,64.8,71.5,2.02,"Lettuce (1 Head), Markets"
Cook Islands,68.4,64.8,71.5,3.97,"Cappuccino (Regular Size), Restaurants"
Cook Islands,68.4,64.8,71.5,1.59,"White Rice (1 kg), Markets"
Cook Islands,68.4,64.8,71.5,6.06,"Tomatoes (1 kg), Markets"
Cook Islands,68.4,64.8,71.5,2.31,"Bananas (1 kg), Markets"
Cook Islands,68.4,64.8,71.5,1.82,"Onions (1 kg), Markets"
Cook Islands,68.4,64.8,71.5,8.65,"Beef Round or Equivalent Back Leg Red Meat (1 kg), Markets"
Niue,66.5,63.7,68.8,17.3,"Meal at an Inexpensive Restaurant, Restaurants"
Niue,66.5,63.7,68.8,35.76,"Meal for Two at a Mid-Range Restaurant (Three Courses, Without Drinks), Restaurants"
Niue,66.5,63.7,68.8,14.42,"Combo Meal at McDonald's (or Equivalent Fast-Food Meal), Restaurants"
Niue,66.5,63.7,68.8,4.61,"Domestic Draft Beer (0.5 Liter), Restaurants"
Niue,66.5,63.7,68.8,3.46,"Imported Beer (0.33 Liter Bottle), Restaurants"
Niue,66.5,63.7,68.8,2.88,"Soft Drink (Coca-Cola or Pepsi, 0.33 Liter Bottle), Restaurants"
Niue,66.5,63.7,68.8,2.88,"Bottled Water (0.33 Liter), Restaurants"
Niue,66.5,63.7,68.8,2.31,"Fresh White Bread (500 g Loaf), Markets"
Niue,66.5,63.7,68.8,2.88,"Eggs (12, Large Size), Markets"
Niue,66.5,63.7,68.8,14.42,"Bottle of Wine (Mid-Range), Markets"
Niue,66.5,63.7,68.8,17.3,"Cigarettes (Pack of 20, Marlboro), Markets"
Niue,66.5,63.7,68.8,2.88,"Cappuccino (Regular Size), Restaurants"
Samoa,61.2,50,72.6,53.08,"Meal at an Inexpensive Restaurant, Restaurants"
Samoa,61.2,50,72.6,75.26,"Meal for Two at a Mid-Range Restaurant (Three Courses, Without Drinks), Restaurants"
Samoa,61.2,50,72.6,15.98,"Combo Meal at McDonald's (or Equivalent Fast-Food Meal), Restaurants"
Samoa,61.2,50,72.6,3.37,"Domestic Draft Beer (0.5 Liter), Restaurants"
Samoa,61.2,50,72.6,3.55,"Imported Beer (0.33 Liter Bottle), Restaurants"
Samoa,61.2,50,72.6,1.78,"Soft Drink (Coca-Cola or Pepsi, 0.33 Liter Bottle), Restaurants"
Samoa,61.2,50,72.6,1.36,"Bottled Water (0.33 Liter), Restaurants"
Samoa,61.2,50,72.6,1.78,"Milk (Regular, 1 Liter), Markets"
Samoa,61.2,50,72.6,0.8,"Fresh White Bread (500 g Loaf), Markets"
Samoa,61.2,50,72.6,4.18,"Eggs (12, Large Size), Markets"
Samoa,61.2,50,72.6,0.89,"Local Cheese (1 kg), Markets"
Samoa,61.2,50,72.6,1.17,"Bottled Water (1.5 Liter), Markets"
Samoa,61.2,50,72.6,15.98,"Bottle of Wine (Mid-Range), Markets"
Samoa,61.2,50,72.6,1.78,"Domestic Beer (0.5 Liter Bottle), Markets"
Samoa,61.2,50,72.6,3.55,"Imported Beer (0.33 Liter Bottle), Markets"
Samoa,61.2,50,72.6,6.04,"Cigarettes (Pack of 20, Marlboro), Markets"
Samoa,61.2,50,72.6,3.55,"Chicken Fillets (1 kg), Markets"
Samoa,61.2,50,72.6,4.97,"Apples (1 kg), Markets"
Samoa,61.2,50,72.6,1.78,"Oranges (1 kg), Markets"
Samoa,61.2,50,72.6,3.55,"Potatoes (1 kg), Markets"
Samoa,61.2,50,72.6,2.84,"Cappuccino (Regular Size), Restaurants"
Samoa,61.2,50,72.6,1.78,"White Rice (1 kg), Markets"
Samoa,61.2,50,72.6,4.26,"Tomatoes (1 kg), Markets"
Samoa,61.2,50,72.6,1.78,"Bananas (1 kg), Markets"
Samoa,61.2,50,72.6,1.07,"Onions (1 kg), Markets"
Samoa,61.2,50,72.6,8.17,"Beef Round or Equivalent Back Leg Red Meat (1 kg), Markets"
French Polynesia,48.4,46.7,50.2,15.61,"Meal at an Inexpensive Restaurant, Restaurants"
French Polynesia,48.4,46.7,50.2,80.51,"Meal for Two at a Mid-Range Restaurant (Three Courses, Without Drinks), Restaurants"
French Polynesia,48.4,46.7,50.2,12.2,"Combo Meal at McDonald's (or Equivalent Fast-Food Meal), Restaurants"
French Polynesia,48.4,46.7,50.2,4.15,"Domestic Draft Beer (0.5 Liter), Restaurants"
French Polynesia,48.4,46.7,50.2,4.88,"Imported Beer (0.33 Liter Bottle), Restaurants"
French Polynesia,48.4,46.7,50.2,2.51,"Soft Drink (Coca-Cola or Pepsi, 0.33 Liter Bottle), Restaurants"
French Polynesia,48.4,46.7,50.2,2.2,"Bottled Water (0.33 Liter), Restaurants"
French Polynesia,48.4,46.7,50.2,1.51,"Milk (Regular, 1 Liter), Markets"
French Polynesia,48.4,46.7,50.2,2.83,"Fresh White Bread (500 g Loaf), Markets"
French Polynesia,48.4,46.7,50.2,7.58,"Eggs (12, Large Size), Markets"
French Polynesia,48.4,46.7,50.2,39.03,"Local Cheese (1 kg), Markets"
French Polynesia,48.4,46.7,50.2,1.25,"Bottled Water (1.5 Liter), Markets"
French Polynesia,48.4,46.7,50.2,24.4,"Bottle of Wine (Mid-Range), Markets"
French Polynesia,48.4,46.7,50.2,2.88,"Domestic Beer (0.5 Liter Bottle), Markets"
French Polynesia,48.4,46.7,50.2,4.72,"Imported Beer (0.33 Liter Bottle), Markets"
French Polynesia,48.4,46.7,50.2,12.15,"Cigarettes (Pack of 20, Marlboro), Markets"
French Polynesia,48.4,46.7,50.2,16.83,"Chicken Fillets (1 kg), Markets"
French Polynesia,48.4,46.7,50.2,5.27,"Apples (1 kg), Markets"
French Polynesia,48.4,46.7,50.2,6.83,"Oranges (1 kg), Markets"
French Polynesia,48.4,46.7,50.2,3,"Potatoes (1 kg), Markets"
French Polynesia,48.4,46.7,50.2,3.9,"Lettuce (1 Head), Markets"
French Polynesia,48.4,46.7,50.2,4.07,"Cappuccino (Regular Size), Restaurants"
French Polynesia,48.4,46.7,50.2,1.71,"White Rice (1 kg), Markets"
French Polynesia,48.4,46.7,50.2,7.86,"Tomatoes (1 kg), Markets"
French Polynesia,48.4,46.7,50.2,2.44,"Bananas (1 kg), Markets"
French Polynesia,48.4,46.7,50.2,2.68,"Onions (1 kg), Markets"
French Polynesia,48.4,46.7,50.2,27.32,"Beef Round or Equivalent Back Leg Red Meat (1 kg), Markets"
Bahamas,47.6,39.1,55.1,30,"Meal at an Inexpensive Restaurant, Restaurants"
Bahamas,47.6,39.1,55.1,150,"Meal for Two at a Mid-Range Restaurant (Three Courses, Without Drinks), Restaurants"
Bahamas,47.6,39.1,55.1,12,"Combo Meal at McDonald's (or Equivalent Fast-Food Meal), Restaurants"
Bahamas,47.6,39.1,55.1,5,"Domestic Draft Beer (0.5 Liter), Restaurants"
Bahamas,47.6,39.1,55.1,8,"Imported Beer (0.33 Liter Bottle), Restaurants"
Bahamas,47.6,39.1,55.1,2.9,"Soft Drink (Coca-Cola or Pepsi, 0.33 Liter Bottle), Restaurants"
Bahamas,47.6,39.1,55.1,1.78,"Bottled Water (0.33 Liter), Restaurants"
Bahamas,47.6,39.1,55.1,4.21,"Milk (Regular, 1 Liter), Markets"
Bahamas,47.6,39.1,55.1,5.11,"Fresh White Bread (500 g Loaf), Markets"
Bahamas,47.6,39.1,55.1,8.36,"Eggs (12, Large Size), Markets"
Bahamas,47.6,39.1,55.1,9.95,"Local Cheese (1 kg), Markets"
Bahamas,47.6,39.1,55.1,2.92,"Bottled Water (1.5 Liter), Markets"
Bahamas,47.6,39.1,55.1,30,"Bottle of Wine (Mid-Range), Markets"
Bahamas,47.6,39.1,55.1,4.45,"Domestic Beer (0.5 Liter Bottle), Markets"
Bahamas,47.6,39.1,55.1,4,"Imported Beer (0.33 Liter Bottle), Markets"
Bahamas,47.6,39.1,55.1,15,"Cigarettes (Pack of 20, Marlboro), Markets"
Bahamas,47.6,39.1,55.1,12.45,"Chicken Fillets (1 kg), Markets"
Bahamas,47.6,39.1,55.1,6.82,"Apples (1 kg), Markets"
Bahamas,47.6,39.1,55.1,5.11,"Oranges (1 kg), Markets"
Bahamas,47.6,39.1,55.1,4.47,"Potatoes (1 kg), Markets"
Bahamas,47.6,39.1,55.1,3.72,"Lettuce (1 Head), Markets"
Bahamas,47.6,39.1,55.1,5.65,"Cappuccino (Regular Size), Restaurants"
Bahamas,47.6,39.1,55.1,5.71,"White Rice (1 kg), Markets"
Bahamas,47.6,39.1,55.1,8.94,"Tomatoes (1 kg), Markets"
Bahamas,47.6,39.1,55.1,3.89,"Bananas (1 kg), Markets"
Bahamas,47.6,39.1,55.1,4.03,"Onions (1 kg), Markets"
Bahamas,47.6,39.1,55.1,17.56,"Beef Round or Equivalent Back Leg Red Meat (1 kg), Markets"
Marshall Islands,47.3,38.4,56.4,12.5,"Meal at an Inexpensive Restaurant, Restaurants"
Marshall Islands,47.3,38.4,56.4,30,"Meal for Two at a Mid-Range Restaurant (Three Courses, Without Drinks), Restaurants"
Marshall Islands,47.3,38.4,56.4,10.5,"Combo Meal at McDonald's (or Equivalent Fast-Food Meal), Restaurants"
Marshall Islands,47.3,38.4,56.4,4.5,"Domestic Draft Beer (0.5 Liter), Restaurants"
Marshall Islands,47.3,38.4,56.4,5,"Imported Beer (0.33 Liter Bottle), Restaurants"
Marshall Islands,47.3,38.4,56.4,1.83,"Soft Drink (Coca-Cola or Pepsi, 0.33 Liter Bottle), Restaurants"
Marshall Islands,47.3,38.4,56.4,2.33,"Bottled Water (0.33 Liter), Restaurants"
Marshall Islands,47.3,38.4,56.4,2.25,"Milk (Regular, 1 Liter), Markets"
Marshall Islands,47.3,38.4,56.4,3.4,"Fresh White Bread (500 g Loaf), Markets"
Marshall Islands,47.3,38.4,56.4,4.04,"Eggs (12, Large Size), Markets"
Marshall Islands,47.3,38.4,56.4,29.14,"Local Cheese (1 kg), Markets"
Marshall Islands,47.3,38.4,56.4,1.52,"Bottled Water (1.5 Liter), Markets"
Marshall Islands,47.3,38.4,56.4,10,"Bottle of Wine (Mid-Range), Markets"
Marshall Islands,47.3,38.4,56.4,2.17,"Imported Beer (0.33 Liter Bottle), Markets"
Marshall Islands,47.3,38.4,56.4,11,"Chicken Fillets (1 kg), Markets"
Marshall Islands,47.3,38.4,56.4,4.39,"Apples (1 kg), Markets"
Marshall Islands,47.3,38.4,56.4,8.71,"Oranges (1 kg), Markets"
Marshall Islands,47.3,38.4,56.4,5.27,"Potatoes (1 kg), Markets"
Marshall Islands,47.3,38.4,56.4,3.92,"Lettuce (1 Head), Markets"
Marshall Islands,47.3,38.4,56.4,4.06,"Cappuccino (Regular Size), Restaurants"
Marshall Islands,47.3,38.4,56.4,1.8,"White Rice (1 kg), Markets"
Marshall Islands,47.3,38.4,56.4,12.76,"Tomatoes (1 kg), Markets"
Marshall Islands,47.3,38.4,56.4,7.25,"Bananas (1 kg), Markets"
Marshall Islands,47.3,38.4,56.4,5.5,"Onions (1 kg), Markets"
Marshall Islands,47.3,38.4,56.4,18.28,"Beef Round or Equivalent Back Leg Red Meat (1 kg), Markets"
Kiribati,46.2,35.8,55.5,4.99,"Meal at an Inexpensive Restaurant, Restaurants"
Kiribati,46.2,35.8,55.5,26.43,"Meal for Two at a Mid-Range Restaurant (Three Courses, Without Drinks), Restaurants"
Kiribati,46.2,35.8,55.5,9.91,"Combo Meal at McDonald's (or Equivalent Fast-Food Meal), Restaurants"
Kiribati,46.2,35.8,55.5,3.57,"Domestic Draft Beer (0.5 Liter), Restaurants"
Kiribati,46.2,35.8,55.5,5.95,"Imported Beer (0.33 Liter Bottle), Restaurants"
Kiribati,46.2,35.8,55.5,0.99,"Soft Drink (Coca-Cola or Pepsi, 0.33 Liter Bottle), Restaurants"
Kiribati,46.2,35.8,55.5,0.73,"Bottled Water (0.33 Liter), Restaurants"
Kiribati,46.2,35.8,55.5,2.18,"Milk (Regular, 1 Liter), Markets"
Kiribati,46.2,35.8,55.5,1.92,"Fresh White Bread (500 g Loaf), Markets"
Kiribati,46.2,35.8,55.5,6.34,"Eggs (12, Large Size), Markets"
Kiribati,46.2,35.8,55.5,16.52,"Local Cheese (1 kg), Markets"
Kiribati,46.2,35.8,55.5,0.35,"Bottled Water (1.5 Liter), Markets"
Kiribati,46.2,35.8,55.5,12.56,"Bottle of Wine (Mid-Range), Markets"
Kiribati,46.2,35.8,55.5,1.65,"Domestic Beer (0.5 Liter Bottle), Markets"
Kiribati,46.2,35.8,55.5,3.3,"Imported Beer (0.33 Liter Bottle), Markets"
Kiribati,46.2,35.8,55.5,5.95,"Cigarettes (Pack of 20, Marlboro), Markets"
Kiribati,46.2,35.8,55.5,5.62,"Chicken Fillets (1 kg), Markets"
Kiribati,46.2,35.8,55.5,6.41,"Apples (1 kg), Markets"
Kiribati,46.2,35.8,55.5,6.24,"Oranges (1 kg), Markets"
Kiribati,46.2,35.8,55.5,4.49,"Potatoes (1 kg), Markets"
Kiribati,46.2,35.8,55.5,3.35,"Lettuce (1 Head), Markets"
Kiribati,46.2,35.8,55.5,2.97,"Cappuccino (Regular Size), Restaurants"
Kiribati,46.2,35.8,55.5,1.39,"White Rice (1 kg), Markets"
Kiribati,46.2,35.8,55.5,5.76,"Tomatoes (1 kg), Markets"
Kiribati,46.2,35.8,55.5,3.3,"Bananas (1 kg), Markets"
Kiribati,46.2,35.8,55.5,3,"Onions (1 kg), Markets"
Kiribati,46.2,35.8,55.5,18.5,"Beef Round or Equivalent Back Leg Red Meat (1 kg), Markets"
Micronesia,45.6,37,54.1,30,"Meal at an Inexpensive Restaurant, Restaurants"
Micronesia,45.6,37,54.1,45,"Meal for Two at a Mid-Range Restaurant (Three Courses, Without Drinks), Restaurants"
Micronesia,45.6,37,54.1,6.75,"Combo Meal at McDonald's (or Equivalent Fast-Food Meal), Restaurants"
Micronesia,45.6,37,54.1,1,"Domestic Draft Beer (0.5 Liter), Restaurants"
Micronesia,45.6,37,54.1,2.5,"Imported Beer (0.33 Liter Bottle), Restaurants"
Micronesia,45.6,37,54.1,1.47,"Soft Drink (Coca-Cola or Pepsi, 0.33 Liter Bottle), Restaurants"
Micronesia,45.6,37,54.1,3,"Bottled Water (0.33 Liter), Restaurants"
Micronesia,45.6,37,54.1,0.24,"Milk (Regular, 1 Liter), Markets"
Micronesia,45.6,37,54.1,3.06,"Fresh White Bread (500 g Loaf), Markets"
Micronesia,45.6,37,54.1,7.25,"Eggs (12, Large Size), Markets"
Micronesia,45.6,37,54.1,6.42,"Local Cheese (1 kg), Markets"
Micronesia,45.6,37,54.1,1.37,"Bottled Water (1.5 Liter), Markets"
Micronesia,45.6,37,54.1,4.88,"Bottle of Wine (Mid-Range), Markets"
Micronesia,45.6,37,54.1,2.61,"Domestic Beer (0.5 Liter Bottle), Markets"
Micronesia,45.6,37,54.1,2.8,"Imported Beer (0.33 Liter Bottle), Markets"
Micronesia,45.6,37,54.1,13.5,"Cigarettes (Pack of 20, Marlboro), Markets"
Micronesia,45.6,37,54.1,4.8,"Chicken Fillets (1 kg), Markets"
Micronesia,45.6,37,54.1,5.47,"Apples (1 kg), Markets"
Micronesia,45.6,37,54.1,5.14,"Oranges (1 kg), Markets"
Micronesia,45.6,37,54.1,4.5,"Potatoes (1 kg), Markets"
Micronesia,45.6,37,54.1,3.13,"Lettuce (1 Head), Markets"
Micronesia,45.6,37,54.1,3.83,"Cappuccino (Regular Size), Restaurants"
Micronesia,45.6,37,54.1,3.38,"White Rice (1 kg), Markets"
Micronesia,45.6,37,54.1,3.75,"Tomatoes (1 kg), Markets"
Micronesia,45.6,37,54.1,3.8,"Bananas (1 kg), Markets"
Micronesia,45.6,37,54.1,2.95,"Onions (1 kg), Markets"
Micronesia,45.6,37,54.1,11.02,"Beef Round or Equivalent Back Leg Red Meat (1 kg), Markets"
Kuwait,45.4,41.6,51.7,8.15,"Meal at an Inexpensive Restaurant, Restaurants"
Kuwait,45.4,41.6,51.7,52.15,"Meal for Two at a Mid-Range Restaurant (Three Courses, Without Drinks), Restaurants"
Kuwait,45.4,41.6,51.7,8.15,"Combo Meal at McDonald's (or Equivalent Fast-Food Meal), Restaurants"
Kuwait,45.4,41.6,51.7,2.93,"Domestic Draft Beer (0.5 Liter), Restaurants"
Kuwait,45.4,41.6,51.7,3.26,"Imported Beer (0.33 Liter Bottle), Restaurants"
Kuwait,45.4,41.6,51.7,0.51,"Soft Drink (Coca-Cola or Pepsi, 0.33 Liter Bottle), Restaurants"
Kuwait,45.4,41.6,51.7,0.36,"Bottled Water (0.33 Liter), Restaurants"
Kuwait,45.4,41.6,51.7,1.59,"Milk (Regular, 1 Liter), Markets"
Kuwait,45.4,41.6,51.7,1.13,"Fresh White Bread (500 g Loaf), Markets"
Kuwait,45.4,41.6,51.7,2.08,"Eggs (12, Large Size), Markets"
Kuwait,45.4,41.6,51.7,6.35,"Local Cheese (1 kg), Markets"
Kuwait,45.4,41.6,51.7,0.5,"Bottled Water (1.5 Liter), Markets"
Kuwait,45.4,41.6,51.7,3.26,"Bottle of Wine (Mid-Range), Markets"
Kuwait,45.4,41.6,51.7,1.26,"Domestic Beer (0.5 Liter Bottle), Markets"
Kuwait,45.4,41.6,51.7,1.74,"Imported Beer (0.33 Liter Bottle), Markets"
Kuwait,45.4,41.6,51.7,3.1,"Cigarettes (Pack of 20, Marlboro), Markets"
Kuwait,45.4,41.6,51.7,7.11,"Chicken Fillets (1 kg), Markets"
Kuwait,45.4,41.6,51.7,2.34,"Apples (1 kg), Markets"
Kuwait,45.4,41.6,51.7,1.75,"Oranges (1 kg), Markets"
Kuwait,45.4,41.6,51.7,1.38,"Potatoes (1 kg), Markets"
Kuwait,45.4,41.6,51.7,2.32,"Lettuce (1 Head), Markets"
Kuwait,45.4,41.6,51.7,5.14,"Cappuccino (Regular Size), Restaurants"
Kuwait,45.4,41.6,51.7,1.88,"White Rice (1 kg), Markets"
Kuwait,45.4,41.6,51.7,1.64,"Tomatoes (1 kg), Markets"
Kuwait,45.4,41.6,51.7,1.95,"Bananas (1 kg), Markets"
Kuwait,45.4,41.6,51.7,1.31,"Onions (1 kg), Markets"
Kuwait,45.4,41.6,51.7,10.26,"Beef Round or Equivalent Back Leg Red Meat (1 kg), Markets"
Qatar,43.8,41.7,50.6,8.23,"Meal at an Inexpensive Restaurant, Restaurants"
Qatar,43.8,41.7,50.6,54.89,"Meal for Two at a Mid-Range Restaurant (Three Courses, Without Drinks), Restaurants"
Qatar,43.8,41.7,50.6,7.41,"Combo Meal at McDonald's (or Equivalent Fast-Food Meal), Restaurants"
Qatar,43.8,41.7,50.6,11.66,"Domestic Draft Beer (0.5 Liter), Restaurants"
Qatar,43.8,41.7,50.6,12.35,"Imported Beer (0.33 Liter Bottle), Restaurants"
Qatar,43.8,41.7,50.6,0.9,"Soft Drink (Coca-Cola or Pepsi, 0.33 Liter Bottle), Restaurants"
Qatar,43.8,41.7,50.6,0.31,"Bottled Water (0.33 Liter), Restaurants"
Qatar,43.8,41.7,50.6,2.13,"Milk (Regular, 1 Liter), Markets"
Qatar,43.8,41.7,50.6,1.48,"Fresh White Bread (500 g Loaf), Markets"
Qatar,43.8,41.7,50.6,2.62,"Eggs (12, Large Size), Markets"
Qatar,43.8,41.7,50.6,10.49,"Local Cheese (1 kg), Markets"
Qatar,43.8,41.7,50.6,0.51,"Bottled Water (1.5 Liter), Markets"
Qatar,43.8,41.7,50.6,8.95,"Bottle of Wine (Mid-Range), Markets"
Qatar,43.8,41.7,50.6,1.97,"Domestic Beer (0.5 Liter Bottle), Markets"
Qatar,43.8,41.7,50.6,3.2,"Imported Beer (0.33 Liter Bottle), Markets"
Qatar,43.8,41.7,50.6,6.31,"Cigarettes (Pack of 20, Marlboro), Markets"
Qatar,43.8,41.7,50.6,7.64,"Chicken Fillets (1 kg), Markets"
Qatar,43.8,41.7,50.6,2.08,"Apples (1 kg), Markets"
Qatar,43.8,41.7,50.6,1.67,"Oranges (1 kg), Markets"
Qatar,43.8,41.7,50.6,1.04,"Potatoes (1 kg), Markets"
Qatar,43.8,41.7,50.6,1.45,"Lettuce (1 Head), Markets"
Qatar,43.8,41.7,50.6,5.01,"Cappuccino (Regular Size), Restaurants"
Qatar,43.8,41.7,50.6,2.25,"White Rice (1 kg), Markets"
Qatar,43.8,41.7,50.6,1.44,"Tomatoes (1 kg), Markets"
Qatar,43.8,41.7,50.6,1.6,"Bananas (1 kg), Markets"
Qatar,43.8,41.7,50.6,1.09,"Onions (1 kg), Markets"
Qatar,43.8,41.7,50.6,10.37,"Beef Round or Equivalent Back Leg Red Meat (1 kg), Markets"
Egypt,43,30.1,56,4.21,"Meal at an Inexpensive Restaurant, Restaurants"
Egypt,43,30.1,56,21.05,"Meal for Two at a Mid-Range Restaurant (Three Courses, Without Drinks), Restaurants"
Egypt,43,30.1,56,5.26,"Combo Meal at McDonald's (or Equivalent Fast-Food Meal), Restaurants"
Egypt,43,30.1,56,1.58,"Domestic Draft Beer (0.5 Liter), Restaurants"
Egypt,43,30.1,56,3.16,"Imported Beer (0.33 Liter Bottle), Restaurants"
Egypt,43,30.1,56,0.37,"Soft Drink (Coca-Cola or Pepsi, 0.33 Liter Bottle), Restaurants"
Egypt,43,30.1,56,0.14,"Bottled Water (0.33 Liter), Restaurants"
Egypt,43,30.1,56,0.95,"Milk (Regular, 1 Liter), Markets"
Egypt,43,30.1,56,0.63,"Fresh White Bread (500 g Loaf), Markets"
Egypt,43,30.1,56,1.48,"Eggs (12, Large Size), Markets"
Egypt,43,30.1,56,3.65,"Local Cheese (1 kg), Markets"
Egypt,43,30.1,56,0.21,"Bottled Water (1.5 Liter), Markets"
Egypt,43,30.1,56,7.37,"Bottle of Wine (Mid-Range), Markets"
Egypt,43,30.1,56,1.4,"Domestic Beer (0.5 Liter Bottle), Markets"
Egypt,43,30.1,56,2.24,"Imported Beer (0.33 Liter Bottle), Markets"
Egypt,43,30.1,56,2.1,"Cigarettes (Pack of 20, Marlboro), Markets"
Egypt,43,30.1,56,4.51,"Chicken Fillets (1 kg), Markets"
Egypt,43,30.1,56,1.66,"Apples (1 kg), Markets"
Egypt,43,30.1,56,0.54,"Oranges (1 kg), Markets"
Egypt,43,30.1,56,0.41,"Potatoes (1 kg), Markets"
Egypt,43,30.1,56,0.27,"Lettuce (1 Head), Markets"
Egypt,43,30.1,56,1.56,"Cappuccino (Regular Size), Restaurants"
Egypt,43,30.1,56,0.73,"White Rice (1 kg), Markets"
Egypt,43,30.1,56,0.36,"Tomatoes (1 kg), Markets"
Egypt,43,30.1,56,0.72,"Bananas (1 kg), Markets"
Egypt,43,30.1,56,0.42,"Onions (1 kg), Markets"
Egypt,43,30.1,56,9.23,"Beef Round or Equivalent Back Leg Red Meat (1 kg), Markets"
United States,42.9,41.9,43.8,20,"Meal at an Inexpensive Restaurant, Restaurants"
United States,42.9,41.9,43.8,75,"Meal for Two at a Mid-Range Restaurant (Three Courses, Without Drinks), Restaurants"
United States,42.9,41.9,43.8,12,"Combo Meal at McDonald's (or Equivalent Fast-Food Meal), Restaurants"
United States,42.9,41.9,43.8,6,"Domestic Draft Beer (0.5 Liter), Restaurants"
United States,42.9,41.9,43.8,7.5,"Imported Beer (0.33 Liter Bottle), Restaurants"
United States,42.9,41.9,43.8,2.6,"Soft Drink (Coca-Cola or Pepsi, 0.33 Liter Bottle), Restaurants"
United States,42.9,41.9,43.8,2.11,"Bottled Water (0.33 Liter), Restaurants"
United States,42.9,41.9,43.8,1.06,"Milk (Regular, 1 Liter), Markets"
United States,42.9,41.9,43.8,3.66,"Fresh White Bread (500 g Loaf), Markets"
United States,42.9,41.9,43.8,4.41,"Eggs (12, Large Size), Markets"
United States,42.9,41.9,43.8,13.02,"Local Cheese (1 kg), Markets"
United States,42.9,41.9,43.8,2.26,"Bottled Water (1.5 Liter), Markets"
United States,42.9,41.9,43.8,15,"Bottle of Wine (Mid-Range), Markets"
United States,42.9,41.9,43.8,2.01,"Domestic Beer (0.5 Liter Bottle), Markets"
United States,42.9,41.9,43.8,3.62,"Imported Beer (0.33 Liter Bottle), Markets"
United States,42.9,41.9,43.8,10.4,"Cigarettes (Pack of 20, Marlboro), Markets"
United States,42.9,41.9,43.8,12.27,"Chicken Fillets (1 kg), Markets"
United States,42.9,41.9,43.8,5.23,"Apples (1 kg), Markets"
United States,42.9,41.9,43.8,4.46,"Oranges (1 kg), Markets"
United States,42.9,41.9,43.8,2.91,"Potatoes (1 kg), Markets"
United States,42.9,41.9,43.8,2.22,"Lettuce (1 Head), Markets"
United States,42.9,41.9,43.8,5.31,"Cappuccino (Regular Size), Restaurants"
United States,42.9,41.9,43.8,4.6,"White Rice (1 kg), Markets"
United States,42.9,41.9,43.8,4.9,"Tomatoes (1 kg), Markets"
United States,42.9,41.9,43.8,1.68,"Bananas (1 kg), Markets"
United States,42.9,41.9,43.8,3.07,"Onions (1 kg), Markets"
United States,42.9,41.9,43.8,16.61,"Beef Round or Equivalent Back Leg Red Meat (1 kg), Markets"
Palau,42.2,39.6,45.1,12,"Meal at an Inexpensive Restaurant, Restaurants"
Palau,42.2,39.6,45.1,75,"Meal for Two at a Mid-Range Restaurant (Three Courses, Without Drinks), Restaurants"
Palau,42.2,39.6,45.1,10,"Combo Meal at McDonald's (or Equivalent Fast-Food Meal), Restaurants"
Palau,42.2,39.6,45.1,1.5,"Domestic Draft Beer (0.5 Liter), Restaurants"
Palau,42.2,39.6,45.1,2.2,"Imported Beer (0.33 Liter Bottle), Restaurants"
Palau,42.2,39.6,45.1,1.37,"Soft Drink (Coca-Cola or Pepsi, 0.33 Liter Bottle), Restaurants"
Palau,42.2,39.6,45.1,1.07,"Bottled Water (0.33 Liter), Restaurants"
Palau,42.2,39.6,45.1,2.64,"Milk (Regular, 1 Liter), Markets"
Palau,42.2,39.6,45.1,3.13,"Fresh White Bread (500 g Loaf), Markets"
Palau,42.2,39.6,45.1,5.97,"Eggs (12, Large Size), Markets"
Palau,42.2,39.6,45.1,10,"Local Cheese (1 kg), Markets"
Palau,42.2,39.6,45.1,1.67,"Bottled Water (1.5 Liter), Markets"
Palau,42.2,39.6,45.1,22.5,"Bottle of Wine (Mid-Range), Markets"
Palau,42.2,39.6,45.1,3.44,"Domestic Beer (0.5 Liter Bottle), Markets"
Palau,42.2,39.6,45.1,3.35,"Imported Beer (0.33 Liter Bottle), Markets"
Palau,42.2,39.6,45.1,11.25,"Cigarettes (Pack of 20, Marlboro), Markets"
Palau,42.2,39.6,45.1,13.88,"Chicken Fillets (1 kg), Markets"
Palau,42.2,39.6,45.1,5.28,"Apples (1 kg), Markets"
Palau,42.2,39.6,45.1,5.51,"Oranges (1 kg), Markets"
Palau,42.2,39.6,45.1,4.61,"Potatoes (1 kg), Markets"
Palau,42.2,39.6,45.1,2,"Lettuce (1 Head), Markets"
Palau,42.2,39.6,45.1,4.08,"Cappuccino (Regular Size), Restaurants"
Palau,42.2,39.6,45.1,0.25,"White Rice (1 kg), Markets"
Palau,42.2,39.6,45.1,16.53,"Tomatoes (1 kg), Markets"
Palau,42.2,39.6,45.1,2.2,"Bananas (1 kg), Markets"
Palau,42.2,39.6,45.1,3.31,"Onions (1 kg), Markets"
Palau,42.2,39.6,45.1,19.24,"Beef Round or Equivalent Back Leg Red Meat (1 kg), Markets"
Belize,41.9,32.3,51.5,8.94,"Meal at an Inexpensive Restaurant, Restaurants"
Belize,41.9,32.3,51.5,40,"Meal for Two at a Mid-Range Restaurant (Three Courses, Without Drinks), Restaurants"
Belize,41.9,32.3,51.5,7.5,"Combo Meal at McDonald's (or Equivalent Fast-Food Meal), Restaurants"
Belize,41.9,32.3,51.5,2.55,"Domestic Draft Beer (0.5 Liter), Restaurants"
Belize,41.9,32.3,51.5,3.97,"Imported Beer (0.33 Liter Bottle), Restaurants"
Belize,41.9,32.3,51.5,1.3,"Soft Drink (Coca-Cola or Pepsi, 0.33 Liter Bottle), Restaurants"
Belize,41.9,32.3,51.5,1.43,"Bottled Water (0.33 Liter), Restaurants"
Belize,41.9,32.3,51.5,3.3,"Milk (Regular, 1 Liter), Markets"
Belize,41.9,32.3,51.5,1.59,"Fresh White Bread (500 g Loaf), Markets"
Belize,41.9,32.3,51.5,2.71,"Eggs (12, Large Size), Markets"
Belize,41.9,32.3,51.5,9.39,"Local Cheese (1 kg), Markets"
Belize,41.9,32.3,51.5,0.98,"Bottled Water (1.5 Liter), Markets"
Belize,41.9,32.3,51.5,14.89,"Bottle of Wine (Mid-Range), Markets"
Belize,41.9,32.3,51.5,2.05,"Domestic Beer (0.5 Liter Bottle), Markets"
Belize,41.9,32.3,51.5,2.74,"Imported Beer (0.33 Liter Bottle), Markets"
Belize,41.9,32.3,51.5,5,"Cigarettes (Pack of 20, Marlboro), Markets"
Belize,41.9,32.3,51.5,6.97,"Chicken Fillets (1 kg), Markets"
Belize,41.9,32.3,51.5,6.11,"Apples (1 kg), Markets"
Belize,41.9,32.3,51.5,1.65,"Oranges (1 kg), Markets"
Belize,41.9,32.3,51.5,3.41,"Potatoes (1 kg), Markets"
Belize,41.9,32.3,51.5,3.07,"Lettuce (1 Head), Markets"
Belize,41.9,32.3,51.5,3.86,"Cappuccino (Regular Size), Restaurants"
Belize,41.9,32.3,51.5,2.73,"White Rice (1 kg), Markets"
Belize,41.9,32.3,51.5,3.69,"Tomatoes (1 kg), Markets"
Belize,41.9,32.3,51.5,1.12,"Bananas (1 kg), Markets"
Belize,41.9,32.3,51.5,2.7,"Onions (1 kg), Markets"
Belize,41.9,32.3,51.5,8.18,"Beef Round or Equivalent Back Leg Red Meat (1 kg), Markets"
Saudi Arabia,41.1,38.9,44.5,6.66,"Meal at an Inexpensive Restaurant, Restaurants"
Saudi Arabia,41.1,38.9,44.5,39.97,"Meal for Two at a Mid-Range Restaurant (Three Courses, Without Drinks), Restaurants"
Saudi Arabia,41.1,38.9,44.5,7.99,"Combo Meal at McDonald's (or Equivalent Fast-Food Meal), Restaurants"
Saudi Arabia,41.1,38.9,44.5,1.87,"Domestic Draft Beer (0.5 Liter), Restaurants"
Saudi Arabia,41.1,38.9,44.5,1.87,"Imported Beer (0.33 Liter Bottle), Restaurants"
Saudi Arabia,41.1,38.9,44.5,0.73,"Soft Drink (Coca-Cola or Pepsi, 0.33 Liter Bottle), Restaurants"
Saudi Arabia,41.1,38.9,44.5,0.26,"Bottled Water (0.33 Liter), Restaurants"
Saudi Arabia,41.1,38.9,44.5,1.69,"Milk (Regular, 1 Liter), Markets"
Saudi Arabia,41.1,38.9,44.5,1.02,"Fresh White Bread (500 g Loaf), Markets"
Saudi Arabia,41.1,38.9,44.5,2.55,"Eggs (12, Large Size), Markets"
Saudi Arabia,41.1,38.9,44.5,7.32,"Local Cheese (1 kg), Markets"
Saudi Arabia,41.1,38.9,44.5,0.59,"Bottled Water (1.5 Liter), Markets"
Saudi Arabia,41.1,38.9,44.5,4.16,"Bottle of Wine (Mid-Range), Markets"
Saudi Arabia,41.1,38.9,44.5,1.67,"Domestic Beer (0.5 Liter Bottle), Markets"
Saudi Arabia,41.1,38.9,44.5,2.22,"Imported Beer (0.33 Liter Bottle), Markets"
Saudi Arabia,41.1,38.9,44.5,7.46,"Cigarettes (Pack of 20, Marlboro), Markets"
Saudi Arabia,41.1,38.9,44.5,8.21,"Chicken Fillets (1 kg), Markets"
Saudi Arabia,41.1,38.9,44.5,2.16,"Apples (1 kg), Markets"
Saudi Arabia,41.1,38.9,44.5,1.66,"Oranges (1 kg), Markets"
Saudi Arabia,41.1,38.9,44.5,1.32,"Potatoes (1 kg), Markets"
Saudi Arabia,41.1,38.9,44.5,1.21,"Lettuce (1 Head), Markets"
Saudi Arabia,41.1,38.9,44.5,3.63,"Cappuccino (Regular Size), Restaurants"
Saudi Arabia,41.1,38.9,44.5,2.21,"White Rice (1 kg), Markets"
Saudi Arabia,41.1,38.9,44.5,1.61,"Tomatoes (1 kg), Markets"
Saudi Arabia,41.1,38.9,44.5,1.66,"Bananas (1 kg), Markets"
Saudi Arabia,41.1,38.9,44.5,1.32,"Onions (1 kg), Markets"
Saudi Arabia,41.1,38.9,44.5,13.24,"Beef Round or Equivalent Back Leg Red Meat (1 kg), Markets"
Chile,39.5,33.9,45,8.72,"Meal at an Inexpensive Restaurant, Restaurants"
Chile,39.5,33.9,45,43.59,"Meal for Two at a Mid-Range Restaurant (Three Courses, Without Drinks), Restaurants"
Chile,39.5,33.9,45,7.63,"Combo Meal at McDonald's (or Equivalent Fast-Food Meal), Restaurants"
Chile,39.5,33.9,45,3.81,"Domestic Draft Beer (0.5 Liter), Restaurants"
Chile,39.5,33.9,45,4.36,"Imported Beer (0.33 Liter Bottle), Restaurants"
Chile,39.5,33.9,45,1.38,"Soft Drink (Coca-Cola or Pepsi, 0.33 Liter Bottle), Restaurants"
Chile,39.5,33.9,45,1.07,"Bottled Water (0.33 Liter), Restaurants"
Chile,39.5,33.9,45,1.22,"Milk (Regular, 1 Liter), Markets"
Chile,39.5,33.9,45,1.57,"Fresh White Bread (500 g Loaf), Markets"
Chile,39.5,33.9,45,3.69,"Eggs (12, Large Size), Markets"
Chile,39.5,33.9,45,10.7,"Local Cheese (1 kg), Markets"
Chile,39.5,33.9,45,1.24,"Bottled Water (1.5 Liter), Markets"
Chile,39.5,33.9,45,5.45,"Bottle of Wine (Mid-Range), Markets"
Chile,39.5,33.9,45,1.5,"Domestic Beer (0.5 Liter Bottle), Markets"
Chile,39.5,33.9,45,2.28,"Imported Beer (0.33 Liter Bottle), Markets"
Chile,39.5,33.9,45,5.45,"Cigarettes (Pack of 20, Marlboro), Markets"
Chile,39.5,33.9,45,6.2,"Chicken Fillets (1 kg), Markets"
Chile,39.5,33.9,45,1.92,"Apples (1 kg), Markets"
Chile,39.5,33.9,45,1.83,"Oranges (1 kg), Markets"
Chile,39.5,33.9,45,1.33,"Potatoes (1 kg), Markets"
Chile,39.5,33.9,45,1.3,"Lettuce (1 Head), Markets"
Chile,39.5,33.9,45,2.99,"Cappuccino (Regular Size), Restaurants"
Chile,39.5,33.9,45,1.74,"White Rice (1 kg), Markets"
Chile,39.5,33.9,45,1.76,"Tomatoes (1 kg), Markets"
Chile,39.5,33.9,45,1.71,"Bananas (1 kg), Markets"
Chile,39.5,33.9,45,1.54,"Onions (1 kg), Markets"
Chile,39.5,33.9,45,11.2,"Beef Round or Equivalent Back Leg Red Meat (1 kg), Markets"
Georgia,38.9,35.1,42.2,11.11,"Meal at an Inexpensive Restaurant, Restaurants"
Georgia,38.9,35.1,42.2,33.33,"Meal for Two at a Mid-Range Restaurant (Three Courses, Without Drinks), Restaurants"
Georgia,38.9,35.1,42.2,8.52,"Combo Meal at McDonald's (or Equivalent Fast-Food Meal), Restaurants"
Georgia,38.9,35.1,42.2,1.85,"Domestic Draft Beer (0.5 Liter), Restaurants"
Georgia,38.9,35.1,42.2,2.96,"Imported Beer (0.33 Liter Bottle), Restaurants"
Georgia,38.9,35.1,42.2,0.82,"Soft Drink (Coca-Cola or Pepsi, 0.33 Liter Bottle), Restaurants"
Georgia,38.9,35.1,42.2,0.46,"Bottled Water (0.33 Liter), Restaurants"
Georgia,38.9,35.1,42.2,1.87,"Milk (Regular, 1 Liter), Markets"
Georgia,38.9,35.1,42.2,0.59,"Fresh White Bread (500 g Loaf), Markets"
Georgia,38.9,35.1,42.2,2.42,"Eggs (12, Large Size), Markets"
Georgia,38.9,35.1,42.2,7.43,"Local Cheese (1 kg), Markets"
Georgia,38.9,35.1,42.2,0.66,"Bottled Water (1.5 Liter), Markets"
Georgia,38.9,35.1,42.2,5.56,"Bottle of Wine (Mid-Range), Markets"
Georgia,38.9,35.1,42.2,1.5,"Domestic Beer (0.5 Liter Bottle), Markets"
Georgia,38.9,35.1,42.2,2.14,"Imported Beer (0.33 Liter Bottle), Markets"
Georgia,38.9,35.1,42.2,2.96,"Cigarettes (Pack of 20, Marlboro), Markets"
Georgia,38.9,35.1,42.2,5.77,"Chicken Fillets (1 kg), Markets"
Georgia,38.9,35.1,42.2,1.19,"Apples (1 kg), Markets"
Georgia,38.9,35.1,42.2,1.68,"Oranges (1 kg), Markets"
Georgia,38.9,35.1,42.2,0.67,"Potatoes (1 kg), Markets"
Georgia,38.9,35.1,42.2,1.31,"Lettuce (1 Head), Markets"
Georgia,38.9,35.1,42.2,2.8,"Cappuccino (Regular Size), Restaurants"
Georgia,38.9,35.1,42.2,1.64,"White Rice (1 kg), Markets"
Georgia,38.9,35.1,42.2,1.77,"Tomatoes (1 kg), Markets"
Georgia,38.9,35.1,42.2,1.61,"Bananas (1 kg), Markets"
Georgia,38.9,35.1,42.2,0.62,"Onions (1 kg), Markets"
Georgia,38.9,35.1,42.2,9.73,"Beef Round or Equivalent Back Leg Red Meat (1 kg), Markets"
Romania,38.2,40.1,36.5,11.43,"Meal at an Inexpensive Restaurant, Restaurants"
Romania,38.2,40.1,36.5,45.74,"Meal for Two at a Mid-Range Restaurant (Three Courses, Without Drinks), Restaurants"
Romania,38.2,40.1,36.5,8,"Combo Meal at McDonald's (or Equivalent Fast-Food Meal), Restaurants"
Romania,38.2,40.1,36.5,2.33,"Domestic Draft Beer (0.5 Liter), Restaurants"
Romania,38.2,40.1,36.5,3.43,"Imported Beer (0.33 Liter Bottle), Restaurants"
Romania,38.2,40.1,36.5,2.05,"Soft Drink (Coca-Cola or Pepsi, 0.33 Liter Bottle), Restaurants"
Romania,38.2,40.1,36.5,1.77,"Bottled Water (0.33 Liter), Restaurants"
Romania,38.2,40.1,36.5,1.57,"Milk (Regular, 1 Liter), Markets"
Romania,38.2,40.1,36.5,1.25,"Fresh White Bread (500 g Loaf), Markets"
Romania,38.2,40.1,36.5,3.29,"Eggs (12, Large Size), Markets"
Romania,38.2,40.1,36.5,8.98,"Local Cheese (1 kg), Markets"
Romania,38.2,40.1,36.5,0.85,"Bottled Water (1.5 Liter), Markets"
Romania,38.2,40.1,36.5,6.86,"Bottle of Wine (Mid-Range), Markets"
Romania,38.2,40.1,36.5,1.16,"Domestic Beer (0.5 Liter Bottle), Markets"
Romania,38.2,40.1,36.5,1.79,"Imported Beer (0.33 Liter Bottle), Markets"
Romania,38.2,40.1,36.5,6.17,"Cigarettes (Pack of 20, Marlboro), Markets"
Romania,38.2,40.1,36.5,6.78,"Chicken Fillets (1 kg), Markets"
Romania,38.2,40.1,36.5,1.23,"Apples (1 kg), Markets"
Romania,38.2,40.1,36.5,1.63,"Oranges (1 kg), Markets"
Romania,38.2,40.1,36.5,0.9,"Potatoes (1 kg), Markets"
Romania,38.2,40.1,36.5,0.95,"Lettuce (1 Head), Markets"
Romania,38.2,40.1,36.5,2.88,"Cappuccino (Regular Size), Restaurants"
Romania,38.2,40.1,36.5,1.7,"White Rice (1 kg), Markets"
Romania,38.2,40.1,36.5,2.27,"Tomatoes (1 kg), Markets"
Romania,38.2,40.1,36.5,1.63,"Bananas (1 kg), Markets"
Romania,38.2,40.1,36.5,0.97,"Onions (1 kg), Markets"
Romania,38.2,40.1,36.5,11.06,"Beef Round or Equivalent Back Leg Red Meat (1 kg), Markets"
Barbados,38.2,27.1,48.2,20,"Meal at an Inexpensive Restaurant, Restaurants"
Barbados,38.2,27.1,48.2,100,"Meal for Two at a Mid-Range Restaurant (Three Courses, Without Drinks), Restaurants"
Barbados,38.2,27.1,48.2,10,"Combo Meal at McDonald's (or Equivalent Fast-Food Meal), Restaurants"
Barbados,38.2,27.1,48.2,2.5,"Domestic Draft Beer (0.5 Liter), Restaurants"
Barbados,38.2,27.1,48.2,4,"Imported Beer (0.33 Liter Bottle), Restaurants"
Barbados,38.2,27.1,48.2,1.89,"Soft Drink (Coca-Cola or Pepsi, 0.33 Liter Bottle), Restaurants"
Barbados,38.2,27.1,48.2,1.43,"Bottled Water (0.33 Liter), Restaurants"
Barbados,38.2,27.1,48.2,3.61,"Milk (Regular, 1 Liter), Markets"
Barbados,38.2,27.1,48.2,2.79,"Fresh White Bread (500 g Loaf), Markets"
Barbados,38.2,27.1,48.2,5.79,"Eggs (12, Large Size), Markets"
Barbados,38.2,27.1,48.2,7.99,"Local Cheese (1 kg), Markets"
Barbados,38.2,27.1,48.2,2.62,"Bottled Water (1.5 Liter), Markets"
Barbados,38.2,27.1,48.2,15,"Bottle of Wine (Mid-Range), Markets"
Barbados,38.2,27.1,48.2,1.96,"Domestic Beer (0.5 Liter Bottle), Markets"
Barbados,38.2,27.1,48.2,2.85,"Imported Beer (0.33 Liter Bottle), Markets"
Barbados,38.2,27.1,48.2,8.05,"Cigarettes (Pack of 20, Marlboro), Markets"
Barbados,38.2,27.1,48.2,11.71,"Chicken Fillets (1 kg), Markets"
Barbados,38.2,27.1,48.2,4.24,"Apples (1 kg), Markets"
Barbados,38.2,27.1,48.2,5.36,"Oranges (1 kg), Markets"
Barbados,38.2,27.1,48.2,4.49,"Potatoes (1 kg), Markets"
Barbados,38.2,27.1,48.2,2.68,"Lettuce (1 Head), Markets"
Barbados,38.2,27.1,48.2,4.91,"Cappuccino (Regular Size), Restaurants"
Barbados,38.2,27.1,48.2,4.22,"White Rice (1 kg), Markets"
Barbados,38.2,27.1,48.2,5.27,"Tomatoes (1 kg), Markets"
Barbados,38.2,27.1,48.2,3.28,"Bananas (1 kg), Markets"
Barbados,38.2,27.1,48.2,3.5,"Onions (1 kg), Markets"
Barbados,38.2,27.1,48.2,9.8,"Beef Round or Equivalent Back Leg Red Meat (1 kg), Markets"
Iraq,37.4,29.3,45.1,4.58,"Meal at an Inexpensive Restaurant, Restaurants"
Iraq,37.4,29.3,45.1,22.9,"Meal for Two at a Mid-Range Restaurant (Three Courses, Without Drinks), Restaurants"
Iraq,37.4,29.3,45.1,6.87,"Combo Meal at McDonald's (or Equivalent Fast-Food Meal), Restaurants"
Iraq,37.4,29.3,45.1,2.29,"Domestic Draft Beer (0.5 Liter), Restaurants"
Iraq,37.4,29.3,45.1,2.86,"Imported Beer (0.33 Liter Bottle), Restaurants"
Iraq,37.4,29.3,45.1,0.4,"Soft Drink (Coca-Cola or Pepsi, 0.33 Liter Bottle), Restaurants"
Iraq,37.4,29.3,45.1,0.2,"Bottled Water (0.33 Liter), Restaurants"
Iraq,37.4,29.3,45.1,1.22,"Milk (Regular, 1 Liter), Markets"
Iraq,37.4,29.3,45.1,0.82,"Fresh White Bread (500 g Loaf), Markets"
Iraq,37.4,29.3,45.1,1.74,"Eggs (12, Large Size), Markets"
Iraq,37.4,29.3,45.1,4.85,"Local Cheese (1 kg), Markets"
Iraq,37.4,29.3,45.1,0.55,"Bottled Water (1.5 Liter), Markets"
Iraq,37.4,29.3,45.1,11.91,"Bottle of Wine (Mid-Range), Markets"
Iraq,37.4,29.3,45.1,1.88,"Domestic Beer (0.5 Liter Bottle), Markets"
Iraq,37.4,29.3,45.1,2.26,"Imported Beer (0.33 Liter Bottle), Markets"
Iraq,37.4,29.3,45.1,1.91,"Cigarettes (Pack of 20, Marlboro), Markets"
Iraq,37.4,29.3,45.1,4.2,"Chicken Fillets (1 kg), Markets"
Iraq,37.4,29.3,45.1,1.03,"Apples (1 kg), Markets"
Iraq,37.4,29.3,45.1,0.98,"Oranges (1 kg), Markets"
Iraq,37.4,29.3,45.1,0.64,"Potatoes (1 kg), Markets"
Iraq,37.4,29.3,45.1,0.63,"Lettuce (1 Head), Markets"
Iraq,37.4,29.3,45.1,2.42,"Cappuccino (Regular Size), Restaurants"
Iraq,37.4,29.3,45.1,1.55,"White Rice (1 kg), Markets"
Iraq,37.4,29.3,45.1,0.67,"Tomatoes (1 kg), Markets"
Iraq,37.4,29.3,45.1,1.13,"Bananas (1 kg), Markets"
Iraq,37.4,29.3,45.1,0.63,"Onions (1 kg), Markets"
Iraq,37.4,29.3,45.1,12.65,"Beef Round or Equivalent Back Leg Red Meat (1 kg), Markets"
Bahrain,37.2,33.8,43.7,6.9,"Meal at an Inexpensive Restaurant, Restaurants"
Bahrain,37.2,33.8,43.7,53.06,"Meal for Two at a Mid-Range Restaurant (Three Courses, Without Drinks), Restaurants"
Bahrain,37.2,33.8,43.7,7.96,"Combo Meal at McDonald's (or Equivalent Fast-Food Meal), Restaurants"
Bahrain,37.2,33.8,43.7,7.96,"Domestic Draft Beer (0.5 Liter), Restaurants"
Bahrain,37.2,33.8,43.7,10.61,"Imported Beer (0.33 Liter Bottle), Restaurants"
Bahrain,37.2,33.8,43.7,0.86,"Soft Drink (Coca-Cola or Pepsi, 0.33 Liter Bottle), Restaurants"
Bahrain,37.2,33.8,43.7,0.32,"Bottled Water (0.33 Liter), Restaurants"
Bahrain,37.2,33.8,43.7,1.63,"Milk (Regular, 1 Liter), Markets"
Bahrain,37.2,33.8,43.7,1.35,"Fresh White Bread (500 g Loaf), Markets"
Bahrain,37.2,33.8,43.7,2.55,"Eggs (12, Large Size), Markets"
Bahrain,37.2,33.8,43.7,8.64,"Local Cheese (1 kg), Markets"
Bahrain,37.2,33.8,43.7,0.66,"Bottled Water (1.5 Liter), Markets"
Bahrain,37.2,33.8,43.7,23.88,"Bottle of Wine (Mid-Range), Markets"
Bahrain,37.2,33.8,43.7,3.22,"Domestic Beer (0.5 Liter Bottle), Markets"
Bahrain,37.2,33.8,43.7,3.48,"Imported Beer (0.33 Liter Bottle), Markets"
Bahrain,37.2,33.8,43.7,6.1,"Cigarettes (Pack of 20, Marlboro), Markets"
Bahrain,37.2,33.8,43.7,6.98,"Chicken Fillets (1 kg), Markets"
Bahrain,37.2,33.8,43.7,2.58,"Apples (1 kg), Markets"
Bahrain,37.2,33.8,43.7,2.2,"Oranges (1 kg), Markets"
Bahrain,37.2,33.8,43.7,1.11,"Potatoes (1 kg), Markets"
Bahrain,37.2,33.8,43.7,1.67,"Lettuce (1 Head), Markets"
Bahrain,37.2,33.8,43.7,4.88,"Cappuccino (Regular Size), Restaurants"
Bahrain,37.2,33.8,43.7,2.69,"White Rice (1 kg), Markets"
Bahrain,37.2,33.8,43.7,1.56,"Tomatoes (1 kg), Markets"
Bahrain,37.2,33.8,43.7,2.17,"Bananas (1 kg), Markets"
Bahrain,37.2,33.8,43.7,1.23,"Onions (1 kg), Markets"
Bahrain,37.2,33.8,43.7,9.97,"Beef Round or Equivalent Back Leg Red Meat (1 kg), Markets"
Hungary,36.4,38.5,34.5,11.64,"Meal at an Inexpensive Restaurant, Restaurants"
Hungary,36.4,38.5,34.5,57.78,"Meal for Two at a Mid-Range Restaurant (Three Courses, Without Drinks), Restaurants"
Hungary,36.4,38.5,34.5,9.12,"Combo Meal at McDonald's (or Equivalent Fast-Food Meal), Restaurants"
Hungary,36.4,38.5,34.5,2.43,"Domestic Draft Beer (0.5 Liter), Restaurants"
Hungary,36.4,38.5,34.5,2.74,"Imported Beer (0.33 Liter Bottle), Restaurants"
Hungary,36.4,38.5,34.5,1.64,"Soft Drink (Coca-Cola or Pepsi, 0.33 Liter Bottle), Restaurants"
Hungary,36.4,38.5,34.5,1.25,"Bottled Water (0.33 Liter), Restaurants"
Hungary,36.4,38.5,34.5,1.2,"Milk (Regular, 1 Liter), Markets"
Hungary,36.4,38.5,34.5,1.54,"Fresh White Bread (500 g Loaf), Markets"
Hungary,36.4,38.5,34.5,3.28,"Eggs (12, Large Size), Markets"
Hungary,36.4,38.5,34.5,10.13,"Local Cheese (1 kg), Markets"
Hungary,36.4,38.5,34.5,0.55,"Bottled Water (1.5 Liter), Markets"
Hungary,36.4,38.5,34.5,4.87,"Bottle of Wine (Mid-Range), Markets"
Hungary,36.4,38.5,34.5,1.22,"Domestic Beer (0.5 Liter Bottle), Markets"
Hungary,36.4,38.5,34.5,1.84,"Imported Beer (0.33 Liter Bottle), Markets"
Hungary,36.4,38.5,34.5,7.3,"Cigarettes (Pack of 20, Marlboro), Markets"
Hungary,36.4,38.5,34.5,6.53,"Chicken Fillets (1 kg), Markets"
Hungary,36.4,38.5,34.5,2.03,"Apples (1 kg), Markets"
Hungary,36.4,38.5,34.5,2.18,"Oranges (1 kg), Markets"
Hungary,36.4,38.5,34.5,1.12,"Potatoes (1 kg), Markets"
Hungary,36.4,38.5,34.5,1.51,"Lettuce (1 Head), Markets"
Hungary,36.4,38.5,34.5,2.52,"Cappuccino (Regular Size), Restaurants"
Hungary,36.4,38.5,34.5,2.33,"White Rice (1 kg), Markets"
Hungary,36.4,38.5,34.5,3.37,"Tomatoes (1 kg), Markets"
Hungary,36.4,38.5,34.5,2.08,"Bananas (1 kg), Markets"
Hungary,36.4,38.5,34.5,1.32,"Onions (1 kg), Markets"
Hungary,36.4,38.5,34.5,14.16,"Beef Round or Equivalent Back Leg Red Meat (1 kg), Markets"
Libya,36.2,26.9,45.5,3.68,"Meal at an Inexpensive Restaurant, Restaurants"
Libya,36.2,26.9,45.5,14.7,"Meal for Two at a Mid-Range Restaurant (Three Courses, Without Drinks), Restaurants"
Libya,36.2,26.9,45.5,2.76,"Combo Meal at McDonald's (or Equivalent Fast-Food Meal), Restaurants"
Libya,36.2,26.9,45.5,0.55,"Domestic Draft Beer (0.5 Liter), Restaurants"
Libya,36.2,26.9,45.5,0.55,"Imported Beer (0.33 Liter Bottle), Restaurants"
Libya,36.2,26.9,45.5,0.47,"Soft Drink (Coca-Cola or Pepsi, 0.33 Liter Bottle), Restaurants"
Libya,36.2,26.9,45.5,0.18,"Bottled Water (0.33 Liter), Restaurants"
Libya,36.2,26.9,45.5,0.97,"Milk (Regular, 1 Liter), Markets"
Libya,36.2,26.9,45.5,0.28,"Fresh White Bread (500 g Loaf), Markets"
Libya,36.2,26.9,45.5,1.32,"Eggs (12, Large Size), Markets"
Libya,36.2,26.9,45.5,5.05,"Local Cheese (1 kg), Markets"
Libya,36.2,26.9,45.5,0.23,"Bottled Water (1.5 Liter), Markets"
Libya,36.2,26.9,45.5,1.04,"Bottle of Wine (Mid-Range), Markets"
Libya,36.2,26.9,45.5,0.73,"Domestic Beer (0.5 Liter Bottle), Markets"
Libya,36.2,26.9,45.5,0.68,"Imported Beer (0.33 Liter Bottle), Markets"
Libya,36.2,26.9,45.5,2.02,"Cigarettes (Pack of 20, Marlboro), Markets"
Libya,36.2,26.9,45.5,3.38,"Chicken Fillets (1 kg), Markets"
Libya,36.2,26.9,45.5,2.02,"Apples (1 kg), Markets"
Libya,36.2,26.9,45.5,0.79,"Oranges (1 kg), Markets"
Libya,36.2,26.9,45.5,0.64,"Potatoes (1 kg), Markets"
Libya,36.2,26.9,45.5,0.43,"Lettuce (1 Head), Markets"
Libya,36.2,26.9,45.5,0.53,"Cappuccino (Regular Size), Restaurants"
Libya,36.2,26.9,45.5,1.11,"White Rice (1 kg), Markets"
Libya,36.2,26.9,45.5,0.55,"Tomatoes (1 kg), Markets"
Libya,36.2,26.9,45.5,1.41,"Bananas (1 kg), Markets"
Libya,36.2,26.9,45.5,0.52,"Onions (1 kg), Markets"
Libya,36.2,26.9,45.5,9.97,"Beef Round or Equivalent Back Leg Red Meat (1 kg), Markets"
Mexico,36.1,31.5,40.3,10.96,"Meal at an Inexpensive Restaurant, Restaurants"
Mexico,36.1,31.5,40.3,43.86,"Meal for Two at a Mid-Range Restaurant (Three Courses, Without Drinks), Restaurants"
Mexico,36.1,31.5,40.3,8.5,"Combo Meal at McDonald's (or Equivalent Fast-Food Meal), Restaurants"
Mexico,36.1,31.5,40.3,2.47,"Domestic Draft Beer (0.5 Liter), Restaurants"
Mexico,36.1,31.5,40.3,4.39,"Imported Beer (0.33 Liter Bottle), Restaurants"
Mexico,36.1,31.5,40.3,1.42,"Soft Drink (Coca-Cola or Pepsi, 0.33 Liter Bottle), Restaurants"
Mexico,36.1,31.5,40.3,1.01,"Bottled Water (0.33 Liter), Restaurants"
Mexico,36.1,31.5,40.3,1.6,"Milk (Regular, 1 Liter), Markets"
Mexico,36.1,31.5,40.3,2.73,"Fresh White Bread (500 g Loaf), Markets"
Mexico,36.1,31.5,40.3,2.49,"Eggs (12, Large Size), Markets"
Mexico,36.1,31.5,40.3,9.15,"Local Cheese (1 kg), Markets"
Mexico,36.1,31.5,40.3,1.11,"Bottled Water (1.5 Liter), Markets"
Mexico,36.1,31.5,40.3,10.96,"Bottle of Wine (Mid-Range), Markets"
Mexico,36.1,31.5,40.3,1.71,"Domestic Beer (0.5 Liter Bottle), Markets"
Mexico,36.1,31.5,40.3,3.26,"Imported Beer (0.33 Liter Bottle), Markets"
Mexico,36.1,31.5,40.3,4.39,"Cigarettes (Pack of 20, Marlboro), Markets"
Mexico,36.1,31.5,40.3,8.33,"Chicken Fillets (1 kg), Markets"
Mexico,36.1,31.5,40.3,2.9,"Apples (1 kg), Markets"
Mexico,36.1,31.5,40.3,2.07,"Oranges (1 kg), Markets"
Mexico,36.1,31.5,40.3,2.07,"Potatoes (1 kg), Markets"
Mexico,36.1,31.5,40.3,1.39,"Lettuce (1 Head), Markets"
Mexico,36.1,31.5,40.3,3.55,"Cappuccino (Regular Size), Restaurants"
Mexico,36.1,31.5,40.3,1.79,"White Rice (1 kg), Markets"
Mexico,36.1,31.5,40.3,1.95,"Tomatoes (1 kg), Markets"
Mexico,36.1,31.5,40.3,1.57,"Bananas (1 kg), Markets"
Mexico,36.1,31.5,40.3,2.16,"Onions (1 kg), Markets"
Mexico,36.1,31.5,40.3,11.63,"Beef Round or Equivalent Back Leg Red Meat (1 kg), Markets"
Panama,36.1,29,43,10,"Meal at an Inexpensive Restaurant, Restaurants"
Panama,36.1,29,43,50,"Meal for Two at a Mid-Range Restaurant (Three Courses, Without Drinks), Restaurants"
Panama,36.1,29,43,8,"Combo Meal at McDonald's (or Equivalent Fast-Food Meal), Restaurants"
Panama,36.1,29,43,2.5,"Domestic Draft Beer (0.5 Liter), Restaurants"
Panama,36.1,29,43,3.5,"Imported Beer (0.33 Liter Bottle), Restaurants"
Panama,36.1,29,43,1.46,"Soft Drink (Coca-Cola or Pepsi, 0.33 Liter Bottle), Restaurants"
Panama,36.1,29,43,1.19,"Bottled Water (0.33 Liter), Restaurants"
Panama,36.1,29,43,1.81,"Milk (Regular, 1 Liter), Markets"
Panama,36.1,29,43,2.45,"Fresh White Bread (500 g Loaf), Markets"
Panama,36.1,29,43,2.7,"Eggs (12, Large Size), Markets"
Panama,36.1,29,43,11.78,"Local Cheese (1 kg), Markets"
Panama,36.1,29,43,1.55,"Bottled Water (1.5 Liter), Markets"
Panama,36.1,29,43,10,"Bottle of Wine (Mid-Range), Markets"
Panama,36.1,29,43,1.35,"Domestic Beer (0.5 Liter Bottle), Markets"
Panama,36.1,29,43,2.21,"Imported Beer (0.33 Liter Bottle), Markets"
Panama,36.1,29,43,5.92,"Cigarettes (Pack of 20, Marlboro), Markets"
Panama,36.1,29,43,7.03,"Chicken Fillets (1 kg), Markets"
Panama,36.1,29,43,4.01,"Apples (1 kg), Markets"
Panama,36.1,29,43,3.28,"Oranges (1 kg), Markets"
Panama,36.1,29,43,2.14,"Potatoes (1 kg), Markets"
Panama,36.1,29,43,2.23,"Lettuce (1 Head), Markets"
Panama,36.1,29,43,3.63,"Cappuccino (Regular Size), Restaurants"
Panama,36.1,29,43,2.39,"White Rice (1 kg), Markets"
Panama,36.1,29,43,2.96,"Tomatoes (1 kg), Markets"
Panama,36.1,29,43,1.31,"Bananas (1 kg), Markets"
Panama,36.1,29,43,2.66,"Onions (1 kg), Markets"
Panama,36.1,29,43,9.8,"Beef Round or Equivalent Back Leg Red Meat (1 kg), Markets"
Argentina,36,34.8,37.2,12,"Meal at an Inexpensive Restaurant, Restaurants"
Argentina,36,34.8,37.2,50,"Meal for Two at a Mid-Range Restaurant (Three Courses, Without Drinks), Restaurants"
Argentina,36,34.8,37.2,11,"Combo Meal at McDonald's (or Equivalent Fast-Food Meal), Restaurants"
Argentina,36,34.8,37.2,3,"Domestic Draft Beer (0.5 Liter), Restaurants"
Argentina,36,34.8,37.2,3.5,"Imported Beer (0.33 Liter Bottle), Restaurants"
Argentina,36,34.8,37.2,1.94,"Soft Drink (Coca-Cola or Pepsi, 0.33 Liter Bottle), Restaurants"
Argentina,36,34.8,37.2,1.42,"Bottled Water (0.33 Liter), Restaurants"
Argentina,36,34.8,37.2,1.39,"Milk (Regular, 1 Liter), Markets"
Argentina,36,34.8,37.2,2.15,"Fresh White Bread (500 g Loaf), Markets"
Argentina,36,34.8,37.2,2.77,"Eggs (12, Large Size), Markets"
Argentina,36,34.8,37.2,10.07,"Local Cheese (1 kg), Markets"
Argentina,36,34.8,37.2,1.53,"Bottled Water (1.5 Liter), Markets"
Argentina,36,34.8,37.2,5,"Bottle of Wine (Mid-Range), Markets"
Argentina,36,34.8,37.2,1.9,"Domestic Beer (0.5 Liter Bottle), Markets"
Argentina,36,34.8,37.2,3.12,"Imported Beer (0.33 Liter Bottle), Markets"
Argentina,36,34.8,37.2,3.5,"Cigarettes (Pack of 20, Marlboro), Markets"
Argentina,36,34.8,37.2,7.09,"Chicken Fillets (1 kg), Markets"
Argentina,36,34.8,37.2,2.26,"Apples (1 kg), Markets"
Argentina,36,34.8,37.2,1.34,"Oranges (1 kg), Markets"
Argentina,36,34.8,37.2,1.23,"Potatoes (1 kg), Markets"
Argentina,36,34.8,37.2,1.74,"Lettuce (1 Head), Markets"
Argentina,36,34.8,37.2,3.42,"Cappuccino (Regular Size), Restaurants"
Argentina,36,34.8,37.2,2.06,"White Rice (1 kg), Markets"
Argentina,36,34.8,37.2,2.48,"Tomatoes (1 kg), Markets"
Argentina,36,34.8,37.2,2.09,"Bananas (1 kg), Markets"
Argentina,36,34.8,37.2,1.13,"Onions (1 kg), Markets"
Argentina,36,34.8,37.2,9.47,"Beef Round or Equivalent Back Leg Red Meat (1 kg), Markets"
Croatia,35.7,36.7,34.6,13.97,"Meal at an Inexpensive Restaurant, Restaurants"
Croatia,35.7,36.7,34.6,69.87,"Meal for Two at a Mid-Range Restaurant (Three Courses, Without Drinks), Restaurants"
Croatia,35.7,36.7,34.6,9.32,"Combo Meal at McDonald's (or Equivalent Fast-Food Meal), Restaurants"
Croatia,35.7,36.7,34.6,4.08,"Domestic Draft Beer (0.5 Liter), Restaurants"
Croatia,35.7,36.7,34.6,4.66,"Imported Beer (0.33 Liter Bottle), Restaurants"
Croatia,35.7,36.7,34.6,3.13,"Soft Drink (Coca-Cola or Pepsi, 0.33 Liter Bottle), Restaurants"
Croatia,35.7,36.7,34.6,2.45,"Bottled Water (0.33 Liter), Restaurants"
Croatia,35.7,36.7,34.6,1.25,"Milk (Regular, 1 Liter), Markets"
Croatia,35.7,36.7,34.6,1.68,"Fresh White Bread (500 g Loaf), Markets"
Croatia,35.7,36.7,34.6,3.87,"Eggs (12, Large Size), Markets"
Croatia,35.7,36.7,34.6,12.23,"Local Cheese (1 kg), Markets"
Croatia,35.7,36.7,34.6,1.32,"Bottled Water (1.5 Liter), Markets"
Croatia,35.7,36.7,34.6,8.15,"Bottle of Wine (Mid-Range), Markets"
Croatia,35.7,36.7,34.6,1.73,"Domestic Beer (0.5 Liter Bottle), Markets"
Croatia,35.7,36.7,34.6,2.21,"Imported Beer (0.33 Liter Bottle), Markets"
Croatia,35.7,36.7,34.6,5.82,"Cigarettes (Pack of 20, Marlboro), Markets"
Croatia,35.7,36.7,34.6,10.04,"Chicken Fillets (1 kg), Markets"
Croatia,35.7,36.7,34.6,1.85,"Apples (1 kg), Markets"
Croatia,35.7,36.7,34.6,1.99,"Oranges (1 kg), Markets"
Croatia,35.7,36.7,34.6,1.39,"Potatoes (1 kg), Markets"
Croatia,35.7,36.7,34.6,1.28,"Lettuce (1 Head), Markets"
Croatia,35.7,36.7,34.6,2.61,"Cappuccino (Regular Size), Restaurants"
Croatia,35.7,36.7,34.6,3.14,"White Rice (1 kg), Markets"
Croatia,35.7,36.7,34.6,2.66,"Tomatoes (1 kg), Markets"
Croatia,35.7,36.7,34.6,1.74,"Bananas (1 kg), Markets"
Croatia,35.7,36.7,34.6,1.29,"Onions (1 kg), Markets"
Croatia,35.7,36.7,34.6,13.07,"Beef Round or Equivalent Back Leg Red Meat (1 kg), Markets"
Jordan,35.6,31.4,40.2,5.64,"Meal at an Inexpensive Restaurant, Restaurants"
Jordan,35.6,31.4,40.2,49.37,"Meal for Two at a Mid-Range Restaurant (Three Courses, Without Drinks), Restaurants"
Jordan,35.6,31.4,40.2,7.05,"Combo Meal at McDonald's (or Equivalent Fast-Food Meal), Restaurants"
Jordan,35.6,31.4,40.2,5.64,"Domestic Draft Beer (0.5 Liter), Restaurants"
Jordan,35.6,31.4,40.2,7.05,"Imported Beer (0.33 Liter Bottle), Restaurants"
Jordan,35.6,31.4,40.2,0.47,"Soft Drink (Coca-Cola or Pepsi, 0.33 Liter Bottle), Restaurants"
Jordan,35.6,31.4,40.2,0.36,"Bottled Water (0.33 Liter), Restaurants"
Jordan,35.6,31.4,40.2,1.45,"Milk (Regular, 1 Liter), Markets"
Jordan,35.6,31.4,40.2,0.53,"Fresh White Bread (500 g Loaf), Markets"
Jordan,35.6,31.4,40.2,2.16,"Eggs (12, Large Size), Markets"
Jordan,35.6,31.4,40.2,6.43,"Local Cheese (1 kg), Markets"
Jordan,35.6,31.4,40.2,0.59,"Bottled Water (1.5 Liter), Markets"
Jordan,35.6,31.4,40.2,21.16,"Bottle of Wine (Mid-Range), Markets"
Jordan,35.6,31.4,40.2,4.79,"Domestic Beer (0.5 Liter Bottle), Markets"
Jordan,35.6,31.4,40.2,5.31,"Imported Beer (0.33 Liter Bottle), Markets"
Jordan,35.6,31.4,40.2,3.53,"Cigarettes (Pack of 20, Marlboro), Markets"
Jordan,35.6,31.4,40.2,5.85,"Chicken Fillets (1 kg), Markets"
Jordan,35.6,31.4,40.2,1.9,"Apples (1 kg), Markets"
Jordan,35.6,31.4,40.2,1.31,"Oranges (1 kg), Markets"
Jordan,35.6,31.4,40.2,0.89,"Potatoes (1 kg), Markets"
Jordan,35.6,31.4,40.2,0.64,"Lettuce (1 Head), Markets"
Jordan,35.6,31.4,40.2,3.41,"Cappuccino (Regular Size), Restaurants"
Jordan,35.6,31.4,40.2,1.64,"White Rice (1 kg), Markets"
Jordan,35.6,31.4,40.2,0.75,"Tomatoes (1 kg), Markets"
Jordan,35.6,31.4,40.2,1.68,"Bananas (1 kg), Markets"
Jordan,35.6,31.4,40.2,0.73,"Onions (1 kg), Markets"
Jordan,35.6,31.4,40.2,11.74,"Beef Round or Equivalent Back Leg Red Meat (1 kg), Markets"
Uruguay,34.7,31.2,37.8,16.93,"Meal at an Inexpensive Restaurant, Restaurants"
Uruguay,34.7,31.2,37.8,53.63,"Meal for Two at a Mid-Range Restaurant (Three Courses, Without Drinks), Restaurants"
Uruguay,34.7,31.2,37.8,12.45,"Combo Meal at McDonald's (or Equivalent Fast-Food Meal), Restaurants"
Uruguay,34.7,31.2,37.8,4.09,"Domestic Draft Beer (0.5 Liter), Restaurants"
Uruguay,34.7,31.2,37.8,3.83,"Imported Beer (0.33 Liter Bottle), Restaurants"
Uruguay,34.7,31.2,37.8,2.3,"Soft Drink (Coca-Cola or Pepsi, 0.33 Liter Bottle), Restaurants"
Uruguay,34.7,31.2,37.8,1.83,"Bottled Water (0.33 Liter), Restaurants"
Uruguay,34.7,31.2,37.8,1.24,"Milk (Regular, 1 Liter), Markets"
Uruguay,34.7,31.2,37.8,2.81,"Fresh White Bread (500 g Loaf), Markets"
Uruguay,34.7,31.2,37.8,4.63,"Eggs (12, Large Size), Markets"
Uruguay,34.7,31.2,37.8,13.98,"Local Cheese (1 kg), Markets"
Uruguay,34.7,31.2,37.8,1.8,"Bottled Water (1.5 Liter), Markets"
Uruguay,34.7,31.2,37.8,8.94,"Bottle of Wine (Mid-Range), Markets"
Uruguay,34.7,31.2,37.8,2.46,"Domestic Beer (0.5 Liter Bottle), Markets"
Uruguay,34.7,31.2,37.8,3,"Imported Beer (0.33 Liter Bottle), Markets"
Uruguay,34.7,31.2,37.8,5.36,"Cigarettes (Pack of 20, Marlboro), Markets"
Uruguay,34.7,31.2,37.8,11.41,"Chicken Fillets (1 kg), Markets"
Uruguay,34.7,31.2,37.8,3.02,"Apples (1 kg), Markets"
Uruguay,34.7,31.2,37.8,1.51,"Oranges (1 kg), Markets"
Uruguay,34.7,31.2,37.8,2.12,"Potatoes (1 kg), Markets"
Uruguay,34.7,31.2,37.8,1.38,"Lettuce (1 Head), Markets"
Uruguay,34.7,31.2,37.8,4.36,"Cappuccino (Regular Size), Restaurants"
Uruguay,34.7,31.2,37.8,1.74,"White Rice (1 kg), Markets"
Uruguay,34.7,31.2,37.8,3.55,"Tomatoes (1 kg), Markets"
Uruguay,34.7,31.2,37.8,2.6,"Bananas (1 kg), Markets"
Uruguay,34.7,31.2,37.8,2.21,"Onions (1 kg), Markets"
Uruguay,34.7,31.2,37.8,11.69,"Beef Round or Equivalent Back Leg Red Meat (1 kg), Markets"
Malta,34.6,36.8,32.2,17.47,"Meal at an Inexpensive Restaurant, Restaurants"
Malta,34.6,36.8,32.2,87.34,"Meal for Two at a Mid-Range Restaurant (Three Courses, Without Drinks), Restaurants"
Malta,34.6,36.8,32.2,11.64,"Combo Meal at McDonald's (or Equivalent Fast-Food Meal), Restaurants"
Malta,34.6,36.8,32.2,4.28,"Domestic Draft Beer (0.5 Liter), Restaurants"
Malta,34.6,36.8,32.2,4.08,"Imported Beer (0.33 Liter Bottle), Restaurants"
Malta,34.6,36.8,32.2,2.56,"Soft Drink (Coca-Cola or Pepsi, 0.33 Liter Bottle), Restaurants"
Malta,34.6,36.8,32.2,1.65,"Bottled Water (0.33 Liter), Restaurants"
Malta,34.6,36.8,32.2,1.34,"Milk (Regular, 1 Liter), Markets"
Malta,34.6,36.8,32.2,1.36,"Fresh White Bread (500 g Loaf), Markets"
Malta,34.6,36.8,32.2,3.81,"Eggs (12, Large Size), Markets"
Malta,34.6,36.8,32.2,11.05,"Local Cheese (1 kg), Markets"
Malta,34.6,36.8,32.2,0.93,"Bottled Water (1.5 Liter), Markets"
Malta,34.6,36.8,32.2,8.15,"Bottle of Wine (Mid-Range), Markets"
Malta,34.6,36.8,32.2,1.82,"Domestic Beer (0.5 Liter Bottle), Markets"
Malta,34.6,36.8,32.2,2.37,"Imported Beer (0.33 Liter Bottle), Markets"
Malta,34.6,36.8,32.2,6.93,"Cigarettes (Pack of 20, Marlboro), Markets"
Malta,34.6,36.8,32.2,9.78,"Chicken Fillets (1 kg), Markets"
Malta,34.6,36.8,32.2,3.17,"Apples (1 kg), Markets"
Malta,34.6,36.8,32.2,2.83,"Oranges (1 kg), Markets"
Malta,34.6,36.8,32.2,2.05,"Potatoes (1 kg), Markets"
Malta,34.6,36.8,32.2,1.95,"Lettuce (1 Head), Markets"
Malta,34.6,36.8,32.2,2.88,"Cappuccino (Regular Size), Restaurants"
Malta,34.6,36.8,32.2,3.72,"White Rice (1 kg), Markets"
Malta,34.6,36.8,32.2,3.26,"Tomatoes (1 kg), Markets"
Malta,34.6,36.8,32.2,2.13,"Bananas (1 kg), Markets"
Malta,34.6,36.8,32.2,2.12,"Onions (1 kg), Markets"
Malta,34.6,36.8,32.2,16.93,"Beef Round or Equivalent Back Leg Red Meat (1 kg), Markets"
Turkey,34.3,25.6,42.7,8.23,"Meal at an Inexpensive Restaurant, Restaurants"
Turkey,34.3,25.6,42.7,37.64,"Meal for Two at a Mid-Range Restaurant (Three Courses, Without Drinks), Restaurants"
Turkey,34.3,25.6,42.7,8.23,"Combo Meal at McDonald's (or Equivalent Fast-Food Meal), Restaurants"
Turkey,34.3,25.6,42.7,3.53,"Domestic Draft Beer (0.5 Liter), Restaurants"
Turkey,34.3,25.6,42.7,4.59,"Imported Beer (0.33 Liter Bottle), Restaurants"
Turkey,34.3,25.6,42.7,1.36,"Soft Drink (Coca-Cola or Pepsi, 0.33 Liter Bottle), Restaurants"
Turkey,34.3,25.6,42.7,0.5,"Bottled Water (0.33 Liter), Restaurants"
Turkey,34.3,25.6,42.7,0.96,"Milk (Regular, 1 Liter), Markets"
Turkey,34.3,25.6,42.7,0.77,"Fresh White Bread (500 g Loaf), Markets"
Turkey,34.3,25.6,42.7,2.14,"Eggs (12, Large Size), Markets"
Turkey,34.3,25.6,42.7,9.17,"Local Cheese (1 kg), Markets"
Turkey,34.3,25.6,42.7,0.49,"Bottled Water (1.5 Liter), Markets"
Turkey,34.3,25.6,42.7,10.59,"Bottle of Wine (Mid-Range), Markets"
Turkey,34.3,25.6,42.7,2.09,"Domestic Beer (0.5 Liter Bottle), Markets"
Turkey,34.3,25.6,42.7,2.79,"Imported Beer (0.33 Liter Bottle), Markets"
Turkey,34.3,25.6,42.7,2.12,"Cigarettes (Pack of 20, Marlboro), Markets"
Turkey,34.3,25.6,42.7,5.5,"Chicken Fillets (1 kg), Markets"
Turkey,34.3,25.6,42.7,1.46,"Apples (1 kg), Markets"
Turkey,34.3,25.6,42.7,1.26,"Oranges (1 kg), Markets"
Turkey,34.3,25.6,42.7,0.64,"Potatoes (1 kg), Markets"
Turkey,34.3,25.6,42.7,0.98,"Lettuce (1 Head), Markets"
Turkey,34.3,25.6,42.7,3.31,"Cappuccino (Regular Size), Restaurants"
Turkey,34.3,25.6,42.7,2.07,"White Rice (1 kg), Markets"
Turkey,34.3,25.6,42.7,1.3,"Tomatoes (1 kg), Markets"
Turkey,34.3,25.6,42.7,2.25,"Bananas (1 kg), Markets"
Turkey,34.3,25.6,42.7,0.52,"Onions (1 kg), Markets"
Turkey,34.3,25.6,42.7,18.95,"Beef Round or Equivalent Back Leg Red Meat (1 kg), Markets"
New Zealand,34.2,33.1,35.4,14.42,"Meal at an Inexpensive Restaurant, Restaurants"
New Zealand,34.2,33.1,35.4,74.99,"Meal for Two at a Mid-Range Restaurant (Three Courses, Without Drinks), Restaurants"
New Zealand,34.2,33.1,35.4,9.23,"Combo Meal at McDonald's (or Equivalent Fast-Food Meal), Restaurants"
New Zealand,34.2,33.1,35.4,6.34,"Domestic Draft Beer (0.5 Liter), Restaurants"
New Zealand,34.2,33.1,35.4,6.92,"Imported Beer (0.33 Liter Bottle), Restaurants"
New Zealand,34.2,33.1,35.4,2.23,"Soft Drink (Coca-Cola or Pepsi, 0.33 Liter Bottle), Restaurants"
New Zealand,34.2,33.1,35.4,2.08,"Bottled Water (0.33 Liter), Restaurants"
New Zealand,34.2,33.1,35.4,1.78,"Milk (Regular, 1 Liter), Markets"
New Zealand,34.2,33.1,35.4,1.88,"Fresh White Bread (500 g Loaf), Markets"
New Zealand,34.2,33.1,35.4,6.24,"Eggs (12, Large Size), Markets"
New Zealand,34.2,33.1,35.4,8.01,"Local Cheese (1 kg), Markets"
New Zealand,34.2,33.1,35.4,1.07,"Bottled Water (1.5 Liter), Markets"
New Zealand,34.2,33.1,35.4,9.23,"Bottle of Wine (Mid-Range), Markets"
New Zealand,34.2,33.1,35.4,2.87,"Domestic Beer (0.5 Liter Bottle), Markets"
New Zealand,34.2,33.1,35.4,3.33,"Imported Beer (0.33 Liter Bottle), Markets"
New Zealand,34.2,33.1,35.4,23.59,"Cigarettes (Pack of 20, Marlboro), Markets"
New Zealand,34.2,33.1,35.4,9.31,"Chicken Fillets (1 kg), Markets"
New Zealand,34.2,33.1,35.4,2.72,"Apples (1 kg), Markets"
New Zealand,34.2,33.1,35.4,2.98,"Oranges (1 kg), Markets"
New Zealand,34.2,33.1,35.4,1.9,"Potatoes (1 kg), Markets"
New Zealand,34.2,33.1,35.4,2.18,"Lettuce (1 Head), Markets"
New Zealand,34.2,33.1,35.4,3.38,"Cappuccino (Regular Size), Restaurants"
New Zealand,34.2,33.1,35.4,1.74,"White Rice (1 kg), Markets"
New Zealand,34.2,33.1,35.4,4.79,"Tomatoes (1 kg), Markets"
New Zealand,34.2,33.1,35.4,2.16,"Bananas (1 kg), Markets"
New Zealand,34.2,33.1,35.4,1.59,"Onions (1 kg), Markets"
New Zealand,34.2,33.1,35.4,13.28,"Beef Round or Equivalent Back Leg Red Meat (1 kg), Markets"
Jamaica,34.2,19,48.8,9.36,"Meal at an Inexpensive Restaurant, Restaurants"
Jamaica,34.2,19,48.8,62.38,"Meal for Two at a Mid-Range Restaurant (Three Courses, Without Drinks), Restaurants"
Jamaica,34.2,19,48.8,8.11,"Combo Meal at McDonald's (or Equivalent Fast-Food Meal), Restaurants"
Jamaica,34.2,19,48.8,2.5,"Domestic Draft Beer (0.5 Liter), Restaurants"
Jamaica,34.2,19,48.8,3.12,"Imported Beer (0.33 Liter Bottle), Restaurants"
Jamaica,34.2,19,48.8,1.32,"Soft Drink (Coca-Cola or Pepsi, 0.33 Liter Bottle), Restaurants"
Jamaica,34.2,19,48.8,0.79,"Bottled Water (0.33 Liter), Restaurants"
Jamaica,34.2,19,48.8,3.7,"Milk (Regular, 1 Liter), Markets"
Jamaica,34.2,19,48.8,3.05,"Fresh White Bread (500 g Loaf), Markets"
Jamaica,34.2,19,48.8,3.5,"Eggs (12, Large Size), Markets"
Jamaica,34.2,19,48.8,13.1,"Local Cheese (1 kg), Markets"
Jamaica,34.2,19,48.8,1.37,"Bottled Water (1.5 Liter), Markets"
Jamaica,34.2,19,48.8,11.85,"Bottle of Wine (Mid-Range), Markets"
Jamaica,34.2,19,48.8,2.66,"Domestic Beer (0.5 Liter Bottle), Markets"
Jamaica,34.2,19,48.8,3.11,"Imported Beer (0.33 Liter Bottle), Markets"
Jamaica,34.2,19,48.8,9.36,"Cigarettes (Pack of 20, Marlboro), Markets"
Jamaica,34.2,19,48.8,7.83,"Chicken Fillets (1 kg), Markets"
Jamaica,34.2,19,48.8,6.17,"Apples (1 kg), Markets"
Jamaica,34.2,19,48.8,4.54,"Oranges (1 kg), Markets"
Jamaica,34.2,19,48.8,2.31,"Potatoes (1 kg), Markets"
Jamaica,34.2,19,48.8,2.42,"Lettuce (1 Head), Markets"
Jamaica,34.2,19,48.8,4.24,"Cappuccino (Regular Size), Restaurants"
Jamaica,34.2,19,48.8,1.63,"White Rice (1 kg), Markets"
Jamaica,34.2,19,48.8,2.4,"Tomatoes (1 kg), Markets"
Jamaica,34.2,19,48.8,3.53,"Bananas (1 kg), Markets"
Jamaica,34.2,19,48.8,2.03,"Onions (1 kg), Markets"
Jamaica,34.2,19,48.8,7.66,"Beef Round or Equivalent Back Leg Red Meat (1 kg), Markets"
Bermuda,34,24.4,42.7,60,"Meal at an Inexpensive Restaurant, Restaurants"
Bermuda,34,24.4,42.7,165,"Meal for Two at a Mid-Range Restaurant (Three Courses, Without Drinks), Restaurants"
Bermuda,34,24.4,42.7,15,"Combo Meal at McDonald's (or Equivalent Fast-Food Meal), Restaurants"
Bermuda,34,24.4,42.7,10,"Domestic Draft Beer (0.5 Liter), Restaurants"
Bermuda,34,24.4,42.7,8.5,"Imported Beer (0.33 Liter Bottle), Restaurants"
Bermuda,34,24.4,42.7,3.58,"Soft Drink (Coca-Cola or Pepsi, 0.33 Liter Bottle), Restaurants"
Bermuda,34,24.4,42.7,3.25,"Bottled Water (0.33 Liter), Restaurants"
Bermuda,34,24.4,42.7,5.1,"Milk (Regular, 1 Liter), Markets"
Bermuda,34,24.4,42.7,8.82,"Fresh White Bread (500 g Loaf), Markets"
Bermuda,34,24.4,42.7,8.18,"Eggs (12, Large Size), Markets"
Bermuda,34,24.4,42.7,12.35,"Local Cheese (1 kg), Markets"
Bermuda,34,24.4,42.7,4.32,"Bottled Water (1.5 Liter), Markets"
Bermuda,34,24.4,42.7,25,"Bottle of Wine (Mid-Range), Markets"
Bermuda,34,24.4,42.7,5.35,"Domestic Beer (0.5 Liter Bottle), Markets"
Bermuda,34,24.4,42.7,4.5,"Imported Beer (0.33 Liter Bottle), Markets"
Bermuda,34,24.4,42.7,18,"Cigarettes (Pack of 20, Marlboro), Markets"
Bermuda,34,24.4,42.7,22.91,"Chicken Fillets (1 kg), Markets"
Bermuda,34,24.4,42.7,10.86,"Apples (1 kg), Markets"
Bermuda,34,24.4,42.7,10,"Oranges (1 kg), Markets"
Bermuda,34,24.4,42.7,8.67,"Potatoes (1 kg), Markets"
Bermuda,34,24.4,42.7,5.8,"Lettuce (1 Head), Markets"
Bermuda,34,24.4,42.7,5.94,"Cappuccino (Regular Size), Restaurants"
Bermuda,34,24.4,42.7,5.26,"White Rice (1 kg), Markets"
Bermuda,34,24.4,42.7,9.61,"Tomatoes (1 kg), Markets"
Bermuda,34,24.4,42.7,7.23,"Bananas (1 kg), Markets"
Bermuda,34,24.4,42.7,7.53,"Onions (1 kg), Markets"
Bermuda,34,24.4,42.7,18.5,"Beef Round or Equivalent Back Leg Red Meat (1 kg), Markets"
Saint Lucia,33.9,20.7,46.7,7.77,"Meal at an Inexpensive Restaurant, Restaurants"
Saint Lucia,33.9,20.7,46.7,74,"Meal for Two at a Mid-Range Restaurant (Three Courses, Without Drinks), Restaurants"
Saint Lucia,33.9,20.7,46.7,7.4,"Combo Meal at McDonald's (or Equivalent Fast-Food Meal), Restaurants"
Saint Lucia,33.9,20.7,46.7,2.78,"Domestic Draft Beer (0.5 Liter), Restaurants"
Saint Lucia,33.9,20.7,46.7,3.33,"Imported Beer (0.33 Liter Bottle), Restaurants"
Saint Lucia,33.9,20.7,46.7,1.41,"Soft Drink (Coca-Cola or Pepsi, 0.33 Liter Bottle), Restaurants"
Saint Lucia,33.9,20.7,46.7,1.03,"Bottled Water (0.33 Liter), Restaurants"
Saint Lucia,33.9,20.7,46.7,2.23,"Milk (Regular, 1 Liter), Markets"
Saint Lucia,33.9,20.7,46.7,1.5,"Fresh White Bread (500 g Loaf), Markets"
Saint Lucia,33.9,20.7,46.7,4.19,"Eggs (12, Large Size), Markets"
Saint Lucia,33.9,20.7,46.7,10.25,"Local Cheese (1 kg), Markets"
Saint Lucia,33.9,20.7,46.7,1.24,"Bottled Water (1.5 Liter), Markets"
Saint Lucia,33.9,20.7,46.7,12.4,"Bottle of Wine (Mid-Range), Markets"
Saint Lucia,33.9,20.7,46.7,2.14,"Domestic Beer (0.5 Liter Bottle), Markets"
Saint Lucia,33.9,20.7,46.7,4.32,"Imported Beer (0.33 Liter Bottle), Markets"
Saint Lucia,33.9,20.7,46.7,7.4,"Cigarettes (Pack of 20, Marlboro), Markets"
Saint Lucia,33.9,20.7,46.7,12.61,"Chicken Fillets (1 kg), Markets"
Saint Lucia,33.9,20.7,46.7,7.96,"Apples (1 kg), Markets"
Saint Lucia,33.9,20.7,46.7,5.09,"Oranges (1 kg), Markets"
Saint Lucia,33.9,20.7,46.7,4.18,"Potatoes (1 kg), Markets"
Saint Lucia,33.9,20.7,46.7,2.13,"Lettuce (1 Head), Markets"
Saint Lucia,33.9,20.7,46.7,3.48,"Cappuccino (Regular Size), Restaurants"
Saint Lucia,33.9,20.7,46.7,1.68,"White Rice (1 kg), Markets"
Saint Lucia,33.9,20.7,46.7,8.97,"Tomatoes (1 kg), Markets"
Saint Lucia,33.9,20.7,46.7,1.8,"Bananas (1 kg), Markets"
Saint Lucia,33.9,20.7,46.7,2.64,"Onions (1 kg), Markets"
Saint Lucia,33.9,20.7,46.7,17.42,"Beef Round or Equivalent Back Leg Red Meat (1 kg), Markets"
Fiji,33.8,25.8,41.8,4.42,"Meal at an Inexpensive Restaurant, Restaurants"
Fiji,33.8,25.8,41.8,42.02,"Meal for Two at a Mid-Range Restaurant (Three Courses, Without Drinks), Restaurants"
Fiji,33.8,25.8,41.8,7.74,"Combo Meal at McDonald's (or Equivalent Fast-Food Meal), Restaurants"
Fiji,33.8,25.8,41.8,2.76,"Domestic Draft Beer (0.5 Liter), Restaurants"
Fiji,33.8,25.8,41.8,3.5,"Imported Beer (0.33 Liter Bottle), Restaurants"
Fiji,33.8,25.8,41.8,1.3,"Soft Drink (Coca-Cola or Pepsi, 0.33 Liter Bottle), Restaurants"
Fiji,33.8,25.8,41.8,0.94,"Bottled Water (0.33 Liter), Restaurants"
Fiji,33.8,25.8,41.8,1.28,"Milk (Regular, 1 Liter), Markets"
Fiji,33.8,25.8,41.8,0.57,"Fresh White Bread (500 g Loaf), Markets"
Fiji,33.8,25.8,41.8,3.01,"Eggs (12, Large Size), Markets"
Fiji,33.8,25.8,41.8,8.89,"Local Cheese (1 kg), Markets"
Fiji,33.8,25.8,41.8,0.82,"Bottled Water (1.5 Liter), Markets"
Fiji,33.8,25.8,41.8,8.18,"Bottle of Wine (Mid-Range), Markets"
Fiji,33.8,25.8,41.8,2.12,"Domestic Beer (0.5 Liter Bottle), Markets"
Fiji,33.8,25.8,41.8,3.01,"Imported Beer (0.33 Liter Bottle), Markets"
Fiji,33.8,25.8,41.8,9.73,"Cigarettes (Pack of 20, Marlboro), Markets"
Fiji,33.8,25.8,41.8,7.78,"Chicken Fillets (1 kg), Markets"
Fiji,33.8,25.8,41.8,2.46,"Apples (1 kg), Markets"
Fiji,33.8,25.8,41.8,3.31,"Oranges (1 kg), Markets"
Fiji,33.8,25.8,41.8,1.17,"Potatoes (1 kg), Markets"
Fiji,33.8,25.8,41.8,1.04,"Lettuce (1 Head), Markets"
Fiji,33.8,25.8,41.8,2.86,"Cappuccino (Regular Size), Restaurants"
Fiji,33.8,25.8,41.8,1.07,"White Rice (1 kg), Markets"
Fiji,33.8,25.8,41.8,2.69,"Tomatoes (1 kg), Markets"
Fiji,33.8,25.8,41.8,2.53,"Bananas (1 kg), Markets"
Fiji,33.8,25.8,41.8,1.19,"Onions (1 kg), Markets"
Fiji,33.8,25.8,41.8,7.52,"Beef Round or Equivalent Back Leg Red Meat (1 kg), Markets"
Greece,33.7,33.1,34.2,17.47,"Meal at an Inexpensive Restaurant, Restaurants"
Greece,33.7,33.1,34.2,58.22,"Meal for Two at a Mid-Range Restaurant (Three Courses, Without Drinks), Restaurants"
Greece,33.7,33.1,34.2,10.48,"Combo Meal at McDonald's (or Equivalent Fast-Food Meal), Restaurants"
Greece,33.7,33.1,34.2,5.82,"Domestic Draft Beer (0.5 Liter), Restaurants"
Greece,33.7,33.1,34.2,5.82,"Imported Beer (0.33 Liter Bottle), Restaurants"
Greece,33.7,33.1,34.2,2.4,"Soft Drink (Coca-Cola or Pepsi, 0.33 Liter Bottle), Restaurants"
Greece,33.7,33.1,34.2,0.61,"Bottled Water (0.33 Liter), Restaurants"
Greece,33.7,33.1,34.2,1.75,"Milk (Regular, 1 Liter), Markets"
Greece,33.7,33.1,34.2,1.44,"Fresh White Bread (500 g Loaf), Markets"
Greece,33.7,33.1,34.2,4.51,"Eggs (12, Large Size), Markets"
Greece,33.7,33.1,34.2,14.12,"Local Cheese (1 kg), Markets"
Greece,33.7,33.1,34.2,0.91,"Bottled Water (1.5 Liter), Markets"
Greece,33.7,33.1,34.2,9.32,"Bottle of Wine (Mid-Range), Markets"
Greece,33.7,33.1,34.2,2,"Domestic Beer (0.5 Liter Bottle), Markets"
Greece,33.7,33.1,34.2,3,"Imported Beer (0.33 Liter Bottle), Markets"
Greece,33.7,33.1,34.2,5.59,"Cigarettes (Pack of 20, Marlboro), Markets"
Greece,33.7,33.1,34.2,10.55,"Chicken Fillets (1 kg), Markets"
Greece,33.7,33.1,34.2,2.14,"Apples (1 kg), Markets"
Greece,33.7,33.1,34.2,1.52,"Oranges (1 kg), Markets"
Greece,33.7,33.1,34.2,1.28,"Potatoes (1 kg), Markets"
Greece,33.7,33.1,34.2,1.06,"Lettuce (1 Head), Markets"
Greece,33.7,33.1,34.2,4,"Cappuccino (Regular Size), Restaurants"
Greece,33.7,33.1,34.2,2.61,"White Rice (1 kg), Markets"
Greece,33.7,33.1,34.2,2.17,"Tomatoes (1 kg), Markets"
Greece,33.7,33.1,34.2,2.1,"Bananas (1 kg), Markets"
Greece,33.7,33.1,34.2,1.21,"Onions (1 kg), Markets"
Greece,33.7,33.1,34.2,14.92,"Beef Round or Equivalent Back Leg Red Meat (1 kg), Markets"
Palestine,32.8,26.2,39.2,9.25,"Meal at an Inexpensive Restaurant, Restaurants"
Palestine,32.8,26.2,39.2,33.93,"Meal for Two at a Mid-Range Restaurant (Three Courses, Without Drinks), Restaurants"
Palestine,32.8,26.2,39.2,9.25,"Combo Meal at McDonald's (or Equivalent Fast-Food Meal), Restaurants"
Palestine,32.8,26.2,39.2,4.63,"Domestic Draft Beer (0.5 Liter), Restaurants"
Palestine,32.8,26.2,39.2,4.63,"Imported Beer (0.33 Liter Bottle), Restaurants"
Palestine,32.8,26.2,39.2,0.88,"Soft Drink (Coca-Cola or Pepsi, 0.33 Liter Bottle), Restaurants"
Palestine,32.8,26.2,39.2,0.67,"Bottled Water (0.33 Liter), Restaurants"
Palestine,32.8,26.2,39.2,2.08,"Milk (Regular, 1 Liter), Markets"
Palestine,32.8,26.2,39.2,1.1,"Fresh White Bread (500 g Loaf), Markets"
Palestine,32.8,26.2,39.2,3.32,"Eggs (12, Large Size), Markets"
Palestine,32.8,26.2,39.2,7.71,"Local Cheese (1 kg), Markets"
Palestine,32.8,26.2,39.2,0.86,"Bottled Water (1.5 Liter), Markets"
Palestine,32.8,26.2,39.2,13.88,"Bottle of Wine (Mid-Range), Markets"
Palestine,32.8,26.2,39.2,3.29,"Domestic Beer (0.5 Liter Bottle), Markets"
Palestine,32.8,26.2,39.2,3.18,"Imported Beer (0.33 Liter Bottle), Markets"
Palestine,32.8,26.2,39.2,8.64,"Cigarettes (Pack of 20, Marlboro), Markets"
Palestine,32.8,26.2,39.2,8,"Chicken Fillets (1 kg), Markets"
Palestine,32.8,26.2,39.2,2.36,"Apples (1 kg), Markets"
Palestine,32.8,26.2,39.2,1.39,"Oranges (1 kg), Markets"
Palestine,32.8,26.2,39.2,1.33,"Potatoes (1 kg), Markets"
Palestine,32.8,26.2,39.2,1.45,"Lettuce (1 Head), Markets"
Palestine,32.8,26.2,39.2,3.06,"Cappuccino (Regular Size), Restaurants"
Palestine,32.8,26.2,39.2,2.6,"White Rice (1 kg), Markets"
Palestine,32.8,26.2,39.2,1.68,"Tomatoes (1 kg), Markets"
Palestine,32.8,26.2,39.2,1.62,"Bananas (1 kg), Markets"
Palestine,32.8,26.2,39.2,1.27,"Onions (1 kg), Markets"
Palestine,32.8,26.2,39.2,17.93,"Beef Round or Equivalent Back Leg Red Meat (1 kg), Markets"
Nicaragua,32.4,27.1,37.4,4.4,"Meal at an Inexpensive Restaurant, Restaurants"
Nicaragua,32.4,27.1,37.4,31.5,"Meal for Two at a Mid-Range Restaurant (Three Courses, Without Drinks), Restaurants"
Nicaragua,32.4,27.1,37.4,7,"Combo Meal at McDonald's (or Equivalent Fast-Food Meal), Restaurants"
Nicaragua,32.4,27.1,37.4,1.36,"Domestic Draft Beer (0.5 Liter), Restaurants"
Nicaragua,32.4,27.1,37.4,2,"Imported Beer (0.33 Liter Bottle), Restaurants"
Nicaragua,32.4,27.1,37.4,0.81,"Soft Drink (Coca-Cola or Pepsi, 0.33 Liter Bottle), Restaurants"
Nicaragua,32.4,27.1,37.4,0.64,"Bottled Water (0.33 Liter), Restaurants"
Nicaragua,32.4,27.1,37.4,1.19,"Milk (Regular, 1 Liter), Markets"
Nicaragua,32.4,27.1,37.4,2.03,"Fresh White Bread (500 g Loaf), Markets"
Nicaragua,32.4,27.1,37.4,2.15,"Eggs (12, Large Size), Markets"
Nicaragua,32.4,27.1,37.4,8.63,"Local Cheese (1 kg), Markets"
Nicaragua,32.4,27.1,37.4,1.03,"Bottled Water (1.5 Liter), Markets"
Nicaragua,32.4,27.1,37.4,10,"Bottle of Wine (Mid-Range), Markets"
Nicaragua,32.4,27.1,37.4,1.41,"Domestic Beer (0.5 Liter Bottle), Markets"
Nicaragua,32.4,27.1,37.4,2.15,"Imported Beer (0.33 Liter Bottle), Markets"
Nicaragua,32.4,27.1,37.4,3.17,"Cigarettes (Pack of 20, Marlboro), Markets"
Nicaragua,32.4,27.1,37.4,6.04,"Chicken Fillets (1 kg), Markets"
Nicaragua,32.4,27.1,37.4,4.14,"Apples (1 kg), Markets"
Nicaragua,32.4,27.1,37.4,2.34,"Oranges (1 kg), Markets"
Nicaragua,32.4,27.1,37.4,3.59,"Potatoes (1 kg), Markets"
Nicaragua,32.4,27.1,37.4,0.88,"Lettuce (1 Head), Markets"
Nicaragua,32.4,27.1,37.4,2.17,"Cappuccino (Regular Size), Restaurants"
Nicaragua,32.4,27.1,37.4,1.58,"White Rice (1 kg), Markets"
Nicaragua,32.4,27.1,37.4,2.22,"Tomatoes (1 kg), Markets"
Nicaragua,32.4,27.1,37.4,1.26,"Bananas (1 kg), Markets"
Nicaragua,32.4,27.1,37.4,2.01,"Onions (1 kg), Markets"
Nicaragua,32.4,27.1,37.4,7.41,"Beef Round or Equivalent Back Leg Red Meat (1 kg), Markets"
Brunei,32.4,30.6,34.3,5.67,"Meal at an Inexpensive Restaurant, Restaurants"
Brunei,32.4,30.6,34.3,34.73,"Meal for Two at a Mid-Range Restaurant (Three Courses, Without Drinks), Restaurants"
Brunei,32.4,30.6,34.3,6.75,"Combo Meal at McDonald's (or Equivalent Fast-Food Meal), Restaurants"
Brunei,32.4,30.6,34.3,1.93,"Domestic Draft Beer (0.5 Liter), Restaurants"
Brunei,32.4,30.6,34.3,2.32,"Imported Beer (0.33 Liter Bottle), Restaurants"
Brunei,32.4,30.6,34.3,1.2,"Soft Drink (Coca-Cola or Pepsi, 0.33 Liter Bottle), Restaurants"
Brunei,32.4,30.6,34.3,0.82,"Bottled Water (0.33 Liter), Restaurants"
Brunei,32.4,30.6,34.3,2.31,"Milk (Regular, 1 Liter), Markets"
Brunei,32.4,30.6,34.3,1.94,"Fresh White Bread (500 g Loaf), Markets"
Brunei,32.4,30.6,34.3,2.41,"Eggs (12, Large Size), Markets"
Brunei,32.4,30.6,34.3,15.45,"Local Cheese (1 kg), Markets"
Brunei,32.4,30.6,34.3,1.01,"Bottled Water (1.5 Liter), Markets"
Brunei,32.4,30.6,34.3,11.58,"Bottle of Wine (Mid-Range), Markets"
Brunei,32.4,30.6,34.3,5.14,"Domestic Beer (0.5 Liter Bottle), Markets"
Brunei,32.4,30.6,34.3,1.31,"Imported Beer (0.33 Liter Bottle), Markets"
Brunei,32.4,30.6,34.3,11.58,"Cigarettes (Pack of 20, Marlboro), Markets"
Brunei,32.4,30.6,34.3,7.31,"Chicken Fillets (1 kg), Markets"
Brunei,32.4,30.6,34.3,3.94,"Apples (1 kg), Markets"
Brunei,32.4,30.6,34.3,3.44,"Oranges (1 kg), Markets"
Brunei,32.4,30.6,34.3,2.31,"Potatoes (1 kg), Markets"
Brunei,32.4,30.6,34.3,4.53,"Lettuce (1 Head), Markets"
Brunei,32.4,30.6,34.3,4,"Cappuccino (Regular Size), Restaurants"
Brunei,32.4,30.6,34.3,2.02,"White Rice (1 kg), Markets"
Brunei,32.4,30.6,34.3,3.89,"Tomatoes (1 kg), Markets"
Brunei,32.4,30.6,34.3,3.01,"Bananas (1 kg), Markets"
Brunei,32.4,30.6,34.3,2.22,"Onions (1 kg), Markets"
Brunei,32.4,30.6,34.3,17.49,"Beef Round or Equivalent Back Leg Red Meat (1 kg), Markets"
Paraguay,32.1,29.1,35,5.05,"Meal at an Inexpensive Restaurant, Restaurants"
Paraguay,32.1,29.1,35,28.83,"Meal for Two at a Mid-Range Restaurant (Three Courses, Without Drinks), Restaurants"
Paraguay,32.1,29.1,35,5.77,"Combo Meal at McDonald's (or Equivalent Fast-Food Meal), Restaurants"
Paraguay,32.1,29.1,35,1.44,"Domestic Draft Beer (0.5 Liter), Restaurants"
Paraguay,32.1,29.1,35,2.08,"Imported Beer (0.33 Liter Bottle), Restaurants"
Paraguay,32.1,29.1,35,0.97,"Soft Drink (Coca-Cola or Pepsi, 0.33 Liter Bottle), Restaurants"
Paraguay,32.1,29.1,35,0.54,"Bottled Water (0.33 Liter), Restaurants"
Paraguay,32.1,29.1,35,0.96,"Milk (Regular, 1 Liter), Markets"
Paraguay,32.1,29.1,35,0.98,"Fresh White Bread (500 g Loaf), Markets"
Paraguay,32.1,29.1,35,1.92,"Eggs (12, Large Size), Markets"
Paraguay,32.1,29.1,35,6.95,"Local Cheese (1 kg), Markets"
Paraguay,32.1,29.1,35,0.63,"Bottled Water (1.5 Liter), Markets"
Paraguay,32.1,29.1,35,5.5,"Bottle of Wine (Mid-Range), Markets"
Paraguay,32.1,29.1,35,0.79,"Domestic Beer (0.5 Liter Bottle), Markets"
Paraguay,32.1,29.1,35,1.45,"Imported Beer (0.33 Liter Bottle), Markets"
Paraguay,32.1,29.1,35,1.47,"Cigarettes (Pack of 20, Marlboro), Markets"
Paraguay,32.1,29.1,35,3.53,"Chicken Fillets (1 kg), Markets"
Paraguay,32.1,29.1,35,2.25,"Apples (1 kg), Markets"
Paraguay,32.1,29.1,35,0.98,"Oranges (1 kg), Markets"
Paraguay,32.1,29.1,35,1.07,"Potatoes (1 kg), Markets"
Paraguay,32.1,29.1,35,0.65,"Lettuce (1 Head), Markets"
Paraguay,32.1,29.1,35,2.15,"Cappuccino (Regular Size), Restaurants"
Paraguay,32.1,29.1,35,1.05,"White Rice (1 kg), Markets"
Paraguay,32.1,29.1,35,1.92,"Tomatoes (1 kg), Markets"
Paraguay,32.1,29.1,35,0.94,"Bananas (1 kg), Markets"
Paraguay,32.1,29.1,35,1.12,"Onions (1 kg), Markets"
Paraguay,32.1,29.1,35,7.26,"Beef Round or Equivalent Back Leg Red Meat (1 kg), Markets"
Costa Rica,32,25.1,38.7,10.2,"Meal at an Inexpensive Restaurant, Restaurants"
Costa Rica,32,25.1,38.7,56.51,"Meal for Two at a Mid-Range Restaurant (Three Courses, Without Drinks), Restaurants"
Costa Rica,32,25.1,38.7,10.2,"Combo Meal at McDonald's (or Equivalent Fast-Food Meal), Restaurants"
Costa Rica,32,25.1,38.7,3.06,"Domestic Draft Beer (0.5 Liter), Restaurants"
Costa Rica,32,25.1,38.7,4.49,"Imported Beer (0.33 Liter Bottle), Restaurants"
Costa Rica,32,25.1,38.7,2.13,"Soft Drink (Coca-Cola or Pepsi, 0.33 Liter Bottle), Restaurants"
Costa Rica,32,25.1,38.7,1.73,"Bottled Water (0.33 Liter), Restaurants"
Costa Rica,32,25.1,38.7,2.17,"Milk (Regular, 1 Liter), Markets"
Costa Rica,32,25.1,38.7,3.24,"Fresh White Bread (500 g Loaf), Markets"
Costa Rica,32,25.1,38.7,3.49,"Eggs (12, Large Size), Markets"
Costa Rica,32,25.1,38.7,9.54,"Local Cheese (1 kg), Markets"
Costa Rica,32,25.1,38.7,2.59,"Bottled Water (1.5 Liter), Markets"
Costa Rica,32,25.1,38.7,15.6,"Bottle of Wine (Mid-Range), Markets"
Costa Rica,32,25.1,38.7,2.43,"Domestic Beer (0.5 Liter Bottle), Markets"
Costa Rica,32,25.1,38.7,2.94,"Imported Beer (0.33 Liter Bottle), Markets"
Costa Rica,32,25.1,38.7,5.1,"Cigarettes (Pack of 20, Marlboro), Markets"
Costa Rica,32,25.1,38.7,9.64,"Chicken Fillets (1 kg), Markets"
Costa Rica,32,25.1,38.7,4.71,"Apples (1 kg), Markets"
Costa Rica,32,25.1,38.7,3.36,"Oranges (1 kg), Markets"
Costa Rica,32,25.1,38.7,3.05,"Potatoes (1 kg), Markets"
Costa Rica,32,25.1,38.7,1.05,"Lettuce (1 Head), Markets"
Costa Rica,32,25.1,38.7,4.06,"Cappuccino (Regular Size), Restaurants"
Costa Rica,32,25.1,38.7,2.51,"White Rice (1 kg), Markets"
Costa Rica,32,25.1,38.7,3.16,"Tomatoes (1 kg), Markets"
Costa Rica,32,25.1,38.7,1.58,"Bananas (1 kg), Markets"
Costa Rica,32,25.1,38.7,2.87,"Onions (1 kg), Markets"
Costa Rica,32,25.1,38.7,13.62,"Beef Round or Equivalent Back Leg Red Meat (1 kg), Markets"
Australia,31.8,32.7,31,16.52,"Meal at an Inexpensive Restaurant, Restaurants"
Australia,31.8,32.7,31,79.3,"Meal for Two at a Mid-Range Restaurant (Three Courses, Without Drinks), Restaurants"
Australia,31.8,32.7,31,9.91,"Combo Meal at McDonald's (or Equivalent Fast-Food Meal), Restaurants"
Australia,31.8,32.7,31,6.61,"Domestic Draft Beer (0.5 Liter), Restaurants"
Australia,31.8,32.7,31,7.27,"Imported Beer (0.33 Liter Bottle), Restaurants"
Australia,31.8,32.7,31,2.68,"Soft Drink (Coca-Cola or Pepsi, 0.33 Liter Bottle), Restaurants"
Australia,31.8,32.7,31,2.21,"Bottled Water (0.33 Liter), Restaurants"
Australia,31.8,32.7,31,1.62,"Milk (Regular, 1 Liter), Markets"
Australia,31.8,32.7,31,2.55,"Fresh White Bread (500 g Loaf), Markets"
Australia,31.8,32.7,31,4.63,"Eggs (12, Large Size), Markets"
Australia,31.8,32.7,31,9.14,"Local Cheese (1 kg), Markets"
Australia,31.8,32.7,31,1.58,"Bottled Water (1.5 Liter), Markets"
Australia,31.8,32.7,31,13.22,"Bottle of Wine (Mid-Range), Markets"
Australia,31.8,32.7,31,4.54,"Domestic Beer (0.5 Liter Bottle), Markets"
Australia,31.8,32.7,31,4.93,"Imported Beer (0.33 Liter Bottle), Markets"
Australia,31.8,32.7,31,33.04,"Cigarettes (Pack of 20, Marlboro), Markets"
Australia,31.8,32.7,31,8.57,"Chicken Fillets (1 kg), Markets"
Australia,31.8,32.7,31,3.28,"Apples (1 kg), Markets"
Australia,31.8,32.7,31,3,"Oranges (1 kg), Markets"
Australia,31.8,32.7,31,2.57,"Potatoes (1 kg), Markets"
Australia,31.8,32.7,31,2.31,"Lettuce (1 Head), Markets"
Australia,31.8,32.7,31,3.64,"Cappuccino (Regular Size), Restaurants"
Australia,31.8,32.7,31,2.06,"White Rice (1 kg), Markets"
Australia,31.8,32.7,31,4.57,"Tomatoes (1 kg), Markets"
Australia,31.8,32.7,31,2.81,"Bananas (1 kg), Markets"
Australia,31.8,32.7,31,2.2,"Onions (1 kg), Markets"
Australia,31.8,32.7,31,13.92,"Beef Round or Equivalent Back Leg Red Meat (1 kg), Markets"
United Arab Emirates,31.5,29.2,37.8,8.17,"Meal at an Inexpensive Restaurant, Restaurants"
United Arab Emirates,31.5,29.2,37.8,62.45,"Meal for Two at a Mid-Range Restaurant (Three Courses, Without Drinks), Restaurants"
United Arab Emirates,31.5,29.2,37.8,9.53,"Combo Meal at McDonald's (or Equivalent Fast-Food Meal), Restaurants"
United Arab Emirates,31.5,29.2,37.8,10.89,"Domestic Draft Beer (0.5 Liter), Restaurants"
United Arab Emirates,31.5,29.2,37.8,12.25,"Imported Beer (0.33 Liter Bottle), Restaurants"
United Arab Emirates,31.5,29.2,37.8,1.07,"Soft Drink (Coca-Cola or Pepsi, 0.33 Liter Bottle), Restaurants"
United Arab Emirates,31.5,29.2,37.8,0.56,"Bottled Water (0.33 Liter), Restaurants"
United Arab Emirates,31.5,29.2,37.8,1.82,"Milk (Regular, 1 Liter), Markets"
United Arab Emirates,31.5,29.2,37.8,1.43,"Fresh White Bread (500 g Loaf), Markets"
United Arab Emirates,31.5,29.2,37.8,3.16,"Eggs (12, Large Size), Markets"
United Arab Emirates,31.5,29.2,37.8,11.01,"Local Cheese (1 kg), Markets"
United Arab Emirates,31.5,29.2,37.8,0.6,"Bottled Water (1.5 Liter), Markets"
United Arab Emirates,31.5,29.2,37.8,14.97,"Bottle of Wine (Mid-Range), Markets"
United Arab Emirates,31.5,29.2,37.8,2.44,"Domestic Beer (0.5 Liter Bottle), Markets"
United Arab Emirates,31.5,29.2,37.8,2.78,"Imported Beer (0.33 Liter Bottle), Markets"
United Arab Emirates,31.5,29.2,37.8,6.26,"Cigarettes (Pack of 20, Marlboro), Markets"
United Arab Emirates,31.5,29.2,37.8,8.64,"Chicken Fillets (1 kg), Markets"
United Arab Emirates,31.5,29.2,37.8,2.32,"Apples (1 kg), Markets"
United Arab Emirates,31.5,29.2,37.8,1.67,"Oranges (1 kg), Markets"
United Arab Emirates,31.5,29.2,37.8,1.07,"Potatoes (1 kg), Markets"
United Arab Emirates,31.5,29.2,37.8,1.47,"Lettuce (1 Head), Markets"
United Arab Emirates,31.5,29.2,37.8,5.52,"Cappuccino (Regular Size), Restaurants"
United Arab Emirates,31.5,29.2,37.8,2.18,"White Rice (1 kg), Markets"
United Arab Emirates,31.5,29.2,37.8,1.32,"Tomatoes (1 kg), Markets"
United Arab Emirates,31.5,29.2,37.8,1.76,"Bananas (1 kg), Markets"
United Arab Emirates,31.5,29.2,37.8,1.16,"Onions (1 kg), Markets"
United Arab Emirates,31.5,29.2,37.8,11.41,"Beef Round or Equivalent Back Leg Red Meat (1 kg), Markets"
Dominica,31.5,18,44.7,7.4,"Meal at an Inexpensive Restaurant, Restaurants"
Dominica,31.5,18,44.7,55.5,"Meal for Two at a Mid-Range Restaurant (Three Courses, Without Drinks), Restaurants"
Dominica,31.5,18,44.7,6.66,"Combo Meal at McDonald's (or Equivalent Fast-Food Meal), Restaurants"
Dominica,31.5,18,44.7,1.85,"Domestic Draft Beer (0.5 Liter), Restaurants"
Dominica,31.5,18,44.7,3.33,"Imported Beer (0.33 Liter Bottle), Restaurants"
Dominica,31.5,18,44.7,2.41,"Soft Drink (Coca-Cola or Pepsi, 0.33 Liter Bottle), Restaurants"
Dominica,31.5,18,44.7,2.13,"Bottled Water (0.33 Liter), Restaurants"
Dominica,31.5,18,44.7,3.19,"Milk (Regular, 1 Liter), Markets"
Dominica,31.5,18,44.7,2.22,"Fresh White Bread (500 g Loaf), Markets"
Dominica,31.5,18,44.7,5.6,"Eggs (12, Large Size), Markets"
Dominica,31.5,18,44.7,2.47,"Local Cheese (1 kg), Markets"
Dominica,31.5,18,44.7,2.65,"Bottled Water (1.5 Liter), Markets"
Dominica,31.5,18,44.7,11.1,"Bottle of Wine (Mid-Range), Markets"
Dominica,31.5,18,44.7,2.33,"Domestic Beer (0.5 Liter Bottle), Markets"
Dominica,31.5,18,44.7,2.87,"Imported Beer (0.33 Liter Bottle), Markets"
Dominica,31.5,18,44.7,7.4,"Cigarettes (Pack of 20, Marlboro), Markets"
Dominica,31.5,18,44.7,10.53,"Chicken Fillets (1 kg), Markets"
Dominica,31.5,18,44.7,7.65,"Apples (1 kg), Markets"
Dominica,31.5,18,44.7,4.62,"Oranges (1 kg), Markets"
Dominica,31.5,18,44.7,3.39,"Potatoes (1 kg), Markets"
Dominica,31.5,18,44.7,1.94,"Lettuce (1 Head), Markets"
Dominica,31.5,18,44.7,3.75,"Cappuccino (Regular Size), Restaurants"
Dominica,31.5,18,44.7,1.48,"White Rice (1 kg), Markets"
Dominica,31.5,18,44.7,5.14,"Tomatoes (1 kg), Markets"
Dominica,31.5,18,44.7,2.81,"Bananas (1 kg), Markets"
Dominica,31.5,18,44.7,3.03,"Onions (1 kg), Markets"
Dominica,31.5,18,44.7,13.09,"Beef Round or Equivalent Back Leg Red Meat (1 kg), Markets"
Poland,31.4,33.8,29.2,11,"Meal at an Inexpensive Restaurant, Restaurants"
Poland,31.4,33.8,29.2,49.51,"Meal for Two at a Mid-Range Restaurant (Three Courses, Without Drinks), Restaurants"
Poland,31.4,33.8,29.2,9.08,"Combo Meal at McDonald's (or Equivalent Fast-Food Meal), Restaurants"
Poland,31.4,33.8,29.2,4.13,"Domestic Draft Beer (0.5 Liter), Restaurants"
Poland,31.4,33.8,29.2,4.13,"Imported Beer (0.33 Liter Bottle), Restaurants"
Poland,31.4,33.8,29.2,2.02,"Soft Drink (Coca-Cola or Pepsi, 0.33 Liter Bottle), Restaurants"
Poland,31.4,33.8,29.2,1.84,"Bottled Water (0.33 Liter), Restaurants"
Poland,31.4,33.8,29.2,1.07,"Milk (Regular, 1 Liter), Markets"
Poland,31.4,33.8,29.2,1.36,"Fresh White Bread (500 g Loaf), Markets"
Poland,31.4,33.8,29.2,3.5,"Eggs (12, Large Size), Markets"
Poland,31.4,33.8,29.2,9.48,"Local Cheese (1 kg), Markets"
Poland,31.4,33.8,29.2,0.67,"Bottled Water (1.5 Liter), Markets"
Poland,31.4,33.8,29.2,7.15,"Bottle of Wine (Mid-Range), Markets"
Poland,31.4,33.8,29.2,1.19,"Domestic Beer (0.5 Liter Bottle), Markets"
Poland,31.4,33.8,29.2,1.73,"Imported Beer (0.33 Liter Bottle), Markets"
Poland,31.4,33.8,29.2,5.5,"Cigarettes (Pack of 20, Marlboro), Markets"
Poland,31.4,33.8,29.2,6.81,"Chicken Fillets (1 kg), Markets"
Poland,31.4,33.8,29.2,1.19,"Apples (1 kg), Markets"
Poland,31.4,33.8,29.2,1.86,"Oranges (1 kg), Markets"
Poland,31.4,33.8,29.2,0.95,"Potatoes (1 kg), Markets"
Poland,31.4,33.8,29.2,1.34,"Lettuce (1 Head), Markets"
Poland,31.4,33.8,29.2,3.78,"Cappuccino (Regular Size), Restaurants"
Poland,31.4,33.8,29.2,1.54,"White Rice (1 kg), Markets"
Poland,31.4,33.8,29.2,2.97,"Tomatoes (1 kg), Markets"
Poland,31.4,33.8,29.2,1.78,"Bananas (1 kg), Markets"
Poland,31.4,33.8,29.2,1.14,"Onions (1 kg), Markets"
Poland,31.4,33.8,29.2,12.82,"Beef Round or Equivalent Back Leg Red Meat (1 kg), Markets"
Syria,31.2,24.2,38,4.5,"Meal at an Inexpensive Restaurant, Restaurants"
Syria,31.2,24.2,38,20,"Meal for Two at a Mid-Range Restaurant (Three Courses, Without Drinks), Restaurants"
Syria,31.2,24.2,38,5,"Combo Meal at McDonald's (or Equivalent Fast-Food Meal), Restaurants"
Syria,31.2,24.2,38,1.6,"Domestic Draft Beer (0.5 Liter), Restaurants"
Syria,31.2,24.2,38,1.8,"Imported Beer (0.33 Liter Bottle), Restaurants"
Syria,31.2,24.2,38,1.14,"Soft Drink (Coca-Cola or Pepsi, 0.33 Liter Bottle), Restaurants"
Syria,31.2,24.2,38,0.59,"Bottled Water (0.33 Liter), Restaurants"
Syria,31.2,24.2,38,0.89,"Milk (Regular, 1 Liter), Markets"
Syria,31.2,24.2,38,0.67,"Fresh White Bread (500 g Loaf), Markets"
Syria,31.2,24.2,38,1.68,"Eggs (12, Large Size), Markets"
Syria,31.2,24.2,38,3.63,"Local Cheese (1 kg), Markets"
Syria,31.2,24.2,38,0.67,"Bottled Water (1.5 Liter), Markets"
Syria,31.2,24.2,38,5,"Bottle of Wine (Mid-Range), Markets"
Syria,31.2,24.2,38,0.97,"Domestic Beer (0.5 Liter Bottle), Markets"
Syria,31.2,24.2,38,2.14,"Imported Beer (0.33 Liter Bottle), Markets"
Syria,31.2,24.2,38,3,"Cigarettes (Pack of 20, Marlboro), Markets"
Syria,31.2,24.2,38,5.71,"Chicken Fillets (1 kg), Markets"
Syria,31.2,24.2,38,0.9,"Apples (1 kg), Markets"
Syria,31.2,24.2,38,0.96,"Oranges (1 kg), Markets"
Syria,31.2,24.2,38,0.65,"Potatoes (1 kg), Markets"
Syria,31.2,24.2,38,0.45,"Lettuce (1 Head), Markets"
Syria,31.2,24.2,38,1.19,"Cappuccino (Regular Size), Restaurants"
Syria,31.2,24.2,38,1.39,"White Rice (1 kg), Markets"
Syria,31.2,24.2,38,0.65,"Tomatoes (1 kg), Markets"
Syria,31.2,24.2,38,1.54,"Bananas (1 kg), Markets"
Syria,31.2,24.2,38,0.72,"Onions (1 kg), Markets"
Syria,31.2,24.2,38,12.31,"Beef Round or Equivalent Back Leg Red Meat (1 kg), Markets"
Lebanon,31.1,28.9,33,10,"Meal at an Inexpensive Restaurant, Restaurants"
Lebanon,31.1,28.9,33,50,"Meal for Two at a Mid-Range Restaurant (Three Courses, Without Drinks), Restaurants"
Lebanon,31.1,28.9,33,8,"Combo Meal at McDonald's (or Equivalent Fast-Food Meal), Restaurants"
Lebanon,31.1,28.9,33,4,"Domestic Draft Beer (0.5 Liter), Restaurants"
Lebanon,31.1,28.9,33,5,"Imported Beer (0.33 Liter Bottle), Restaurants"
Lebanon,31.1,28.9,33,1.63,"Soft Drink (Coca-Cola or Pepsi, 0.33 Liter Bottle), Restaurants"
Lebanon,31.1,28.9,33,0.9,"Bottled Water (0.33 Liter), Restaurants"
Lebanon,31.1,28.9,33,1.66,"Milk (Regular, 1 Liter), Markets"
Lebanon,31.1,28.9,33,0.76,"Fresh White Bread (500 g Loaf), Markets"
Lebanon,31.1,28.9,33,2.85,"Eggs (12, Large Size), Markets"
Lebanon,31.1,28.9,33,8.48,"Local Cheese (1 kg), Markets"
Lebanon,31.1,28.9,33,0.66,"Bottled Water (1.5 Liter), Markets"
Lebanon,31.1,28.9,33,8,"Bottle of Wine (Mid-Range), Markets"
Lebanon,31.1,28.9,33,1.19,"Domestic Beer (0.5 Liter Bottle), Markets"
Lebanon,31.1,28.9,33,2.01,"Imported Beer (0.33 Liter Bottle), Markets"
Lebanon,31.1,28.9,33,2.75,"Cigarettes (Pack of 20, Marlboro), Markets"
Lebanon,31.1,28.9,33,8.29,"Chicken Fillets (1 kg), Markets"
Lebanon,31.1,28.9,33,1.65,"Apples (1 kg), Markets"
Lebanon,31.1,28.9,33,1.09,"Oranges (1 kg), Markets"
Lebanon,31.1,28.9,33,0.84,"Potatoes (1 kg), Markets"
Lebanon,31.1,28.9,33,0.77,"Lettuce (1 Head), Markets"
Lebanon,31.1,28.9,33,3.03,"Cappuccino (Regular Size), Restaurants"
Lebanon,31.1,28.9,33,1.55,"White Rice (1 kg), Markets"
Lebanon,31.1,28.9,33,1.03,"Tomatoes (1 kg), Markets"
Lebanon,31.1,28.9,33,1.33,"Bananas (1 kg), Markets"
Lebanon,31.1,28.9,33,1.03,"Onions (1 kg), Markets"
Lebanon,31.1,28.9,33,11.03,"Beef Round or Equivalent Back Leg Red Meat (1 kg), Markets"
Lithuania,31.1,29.9,32.2,13.97,"Meal at an Inexpensive Restaurant, Restaurants"
Lithuania,31.1,29.9,32.2,69.87,"Meal for Two at a Mid-Range Restaurant (Three Courses, Without Drinks), Restaurants"
Lithuania,31.1,29.9,32.2,8.15,"Combo Meal at McDonald's (or Equivalent Fast-Food Meal), Restaurants"
Lithuania,31.1,29.9,32.2,5.82,"Domestic Draft Beer (0.5 Liter), Restaurants"
Lithuania,31.1,29.9,32.2,4.95,"Imported Beer (0.33 Liter Bottle), Restaurants"
Lithuania,31.1,29.9,32.2,2.23,"Soft Drink (Coca-Cola or Pepsi, 0.33 Liter Bottle), Restaurants"
Lithuania,31.1,29.9,32.2,2.19,"Bottled Water (0.33 Liter), Restaurants"
Lithuania,31.1,29.9,32.2,1.5,"Milk (Regular, 1 Liter), Markets"
Lithuania,31.1,29.9,32.2,1.68,"Fresh White Bread (500 g Loaf), Markets"
Lithuania,31.1,29.9,32.2,3.07,"Eggs (12, Large Size), Markets"
Lithuania,31.1,29.9,32.2,12.17,"Local Cheese (1 kg), Markets"
Lithuania,31.1,29.9,32.2,0.9,"Bottled Water (1.5 Liter), Markets"
Lithuania,31.1,29.9,32.2,10.29,"Bottle of Wine (Mid-Range), Markets"
Lithuania,31.1,29.9,32.2,1.75,"Domestic Beer (0.5 Liter Bottle), Markets"
Lithuania,31.1,29.9,32.2,2.05,"Imported Beer (0.33 Liter Bottle), Markets"
Lithuania,31.1,29.9,32.2,5.94,"Cigarettes (Pack of 20, Marlboro), Markets"
Lithuania,31.1,29.9,32.2,7.74,"Chicken Fillets (1 kg), Markets"
Lithuania,31.1,29.9,32.2,1.59,"Apples (1 kg), Markets"
Lithuania,31.1,29.9,32.2,2.16,"Oranges (1 kg), Markets"
Lithuania,31.1,29.9,32.2,0.9,"Potatoes (1 kg), Markets"
Lithuania,31.1,29.9,32.2,1.81,"Lettuce (1 Head), Markets"
Lithuania,31.1,29.9,32.2,3.63,"Cappuccino (Regular Size), Restaurants"
Lithuania,31.1,29.9,32.2,2.52,"White Rice (1 kg), Markets"
Lithuania,31.1,29.9,32.2,3.38,"Tomatoes (1 kg), Markets"
Lithuania,31.1,29.9,32.2,1.67,"Bananas (1 kg), Markets"
Lithuania,31.1,29.9,32.2,0.94,"Onions (1 kg), Markets"
Lithuania,31.1,29.9,32.2,12.44,"Beef Round or Equivalent Back Leg Red Meat (1 kg), Markets"
Ireland,30.8,32.4,29.3,20.96,"Meal at an Inexpensive Restaurant, Restaurants"
Ireland,30.8,32.4,29.3,93.16,"Meal for Two at a Mid-Range Restaurant (Three Courses, Without Drinks), Restaurants"
Ireland,30.8,32.4,29.3,11.64,"Combo Meal at McDonald's (or Equivalent Fast-Food Meal), Restaurants"
Ireland,30.8,32.4,29.3,6.99,"Domestic Draft Beer (0.5 Liter), Restaurants"
Ireland,30.8,32.4,29.3,6.52,"Imported Beer (0.33 Liter Bottle), Restaurants"
Ireland,30.8,32.4,29.3,2.82,"Soft Drink (Coca-Cola or Pepsi, 0.33 Liter Bottle), Restaurants"
Ireland,30.8,32.4,29.3,2.2,"Bottled Water (0.33 Liter), Restaurants"
Ireland,30.8,32.4,29.3,1.61,"Milk (Regular, 1 Liter), Markets"
Ireland,30.8,32.4,29.3,2.19,"Fresh White Bread (500 g Loaf), Markets"
Ireland,30.8,32.4,29.3,4.27,"Eggs (12, Large Size), Markets"
Ireland,30.8,32.4,29.3,11.66,"Local Cheese (1 kg), Markets"
Ireland,30.8,32.4,29.3,2,"Bottled Water (1.5 Liter), Markets"
Ireland,30.8,32.4,29.3,13.97,"Bottle of Wine (Mid-Range), Markets"
Ireland,30.8,32.4,29.3,3.51,"Domestic Beer (0.5 Liter Bottle), Markets"
Ireland,30.8,32.4,29.3,3.8,"Imported Beer (0.33 Liter Bottle), Markets"
Ireland,30.8,32.4,29.3,20.38,"Cigarettes (Pack of 20, Marlboro), Markets"
Ireland,30.8,32.4,29.3,11.67,"Chicken Fillets (1 kg), Markets"
Ireland,30.8,32.4,29.3,3.12,"Apples (1 kg), Markets"
Ireland,30.8,32.4,29.3,3.16,"Oranges (1 kg), Markets"
Ireland,30.8,32.4,29.3,2.13,"Potatoes (1 kg), Markets"
Ireland,30.8,32.4,29.3,1.39,"Lettuce (1 Head), Markets"
Ireland,30.8,32.4,29.3,4.44,"Cappuccino (Regular Size), Restaurants"
Ireland,30.8,32.4,29.3,2.01,"White Rice (1 kg), Markets"
Ireland,30.8,32.4,29.3,4.61,"Tomatoes (1 kg), Markets"
Ireland,30.8,32.4,29.3,2.24,"Bananas (1 kg), Markets"
Ireland,30.8,32.4,29.3,1.55,"Onions (1 kg), Markets"
Ireland,30.8,32.4,29.3,13.56,"Beef Round or Equivalent Back Leg Red Meat (1 kg), Markets"
North Macedonia,30.6,30.4,30.9,7.58,"Meal at an Inexpensive Restaurant, Restaurants"
North Macedonia,30.6,30.4,30.9,28.42,"Meal for Two at a Mid-Range Restaurant (Three Courses, Without Drinks), Restaurants"
North Macedonia,30.6,30.4,30.9,6.06,"Combo Meal at McDonald's (or Equivalent Fast-Food Meal), Restaurants"
North Macedonia,30.6,30.4,30.9,2.27,"Domestic Draft Beer (0.5 Liter), Restaurants"
North Macedonia,30.6,30.4,30.9,2.84,"Imported Beer (0.33 Liter Bottle), Restaurants"
North Macedonia,30.6,30.4,30.9,1.76,"Soft Drink (Coca-Cola or Pepsi, 0.33 Liter Bottle), Restaurants"
North Macedonia,30.6,30.4,30.9,1.26,"Bottled Water (0.33 Liter), Restaurants"
North Macedonia,30.6,30.4,30.9,1.34,"Milk (Regular, 1 Liter), Markets"
North Macedonia,30.6,30.4,30.9,0.74,"Fresh White Bread (500 g Loaf), Markets"
North Macedonia,30.6,30.4,30.9,2.24,"Eggs (12, Large Size), Markets"
North Macedonia,30.6,30.4,30.9,8.89,"Local Cheese (1 kg), Markets"
North Macedonia,30.6,30.4,30.9,0.57,"Bottled Water (1.5 Liter), Markets"
North Macedonia,30.6,30.4,30.9,6.63,"Bottle of Wine (Mid-Range), Markets"
North Macedonia,30.6,30.4,30.9,1.08,"Domestic Beer (0.5 Liter Bottle), Markets"
North Macedonia,30.6,30.4,30.9,1.45,"Imported Beer (0.33 Liter Bottle), Markets"
North Macedonia,30.6,30.4,30.9,3.22,"Cigarettes (Pack of 20, Marlboro), Markets"
North Macedonia,30.6,30.4,30.9,7.08,"Chicken Fillets (1 kg), Markets"
North Macedonia,30.6,30.4,30.9,1.11,"Apples (1 kg), Markets"
North Macedonia,30.6,30.4,30.9,1.41,"Oranges (1 kg), Markets"
North Macedonia,30.6,30.4,30.9,0.92,"Potatoes (1 kg), Markets"
North Macedonia,30.6,30.4,30.9,0.69,"Lettuce (1 Head), Markets"
North Macedonia,30.6,30.4,30.9,1.86,"Cappuccino (Regular Size), Restaurants"
North Macedonia,30.6,30.4,30.9,1.7,"White Rice (1 kg), Markets"
North Macedonia,30.6,30.4,30.9,2.01,"Tomatoes (1 kg), Markets"
North Macedonia,30.6,30.4,30.9,1.47,"Bananas (1 kg), Markets"
North Macedonia,30.6,30.4,30.9,1.01,"Onions (1 kg), Markets"
North Macedonia,30.6,30.4,30.9,12.68,"Beef Round or Equivalent Back Leg Red Meat (1 kg), Markets"
Grenada,30.5,18.7,42.1,11.1,"Meal at an Inexpensive Restaurant, Restaurants"
Grenada,30.5,18.7,42.1,79.55,"Meal for Two at a Mid-Range Restaurant (Three Courses, Without Drinks), Restaurants"
Grenada,30.5,18.7,42.1,11.1,"Combo Meal at McDonald's (or Equivalent Fast-Food Meal), Restaurants"
Grenada,30.5,18.7,42.1,1.85,"Domestic Draft Beer (0.5 Liter), Restaurants"
Grenada,30.5,18.7,42.1,2.96,"Imported Beer (0.33 Liter Bottle), Restaurants"
Grenada,30.5,18.7,42.1,1.75,"Soft Drink (Coca-Cola or Pepsi, 0.33 Liter Bottle), Restaurants"
Grenada,30.5,18.7,42.1,1.37,"Bottled Water (0.33 Liter), Restaurants"
Grenada,30.5,18.7,42.1,3.89,"Milk (Regular, 1 Liter), Markets"
Grenada,30.5,18.7,42.1,1.8,"Fresh White Bread (500 g Loaf), Markets"
Grenada,30.5,18.7,42.1,4.39,"Eggs (12, Large Size), Markets"
Grenada,30.5,18.7,42.1,11.02,"Local Cheese (1 kg), Markets"
Grenada,30.5,18.7,42.1,2.31,"Bottled Water (1.5 Liter), Markets"
Grenada,30.5,18.7,42.1,10.36,"Bottle of Wine (Mid-Range), Markets"
Grenada,30.5,18.7,42.1,1.85,"Domestic Beer (0.5 Liter Bottle), Markets"
Grenada,30.5,18.7,42.1,2.36,"Imported Beer (0.33 Liter Bottle), Markets"
Grenada,30.5,18.7,42.1,5.55,"Cigarettes (Pack of 20, Marlboro), Markets"
Grenada,30.5,18.7,42.1,7.24,"Chicken Fillets (1 kg), Markets"
Grenada,30.5,18.7,42.1,10.09,"Apples (1 kg), Markets"
Grenada,30.5,18.7,42.1,2.39,"Oranges (1 kg), Markets"
Grenada,30.5,18.7,42.1,2.33,"Potatoes (1 kg), Markets"
Grenada,30.5,18.7,42.1,1.7,"Lettuce (1 Head), Markets"
Grenada,30.5,18.7,42.1,3.77,"Cappuccino (Regular Size), Restaurants"
Grenada,30.5,18.7,42.1,2.02,"White Rice (1 kg), Markets"
Grenada,30.5,18.7,42.1,5.58,"Tomatoes (1 kg), Markets"
Grenada,30.5,18.7,42.1,2.39,"Bananas (1 kg), Markets"
Grenada,30.5,18.7,42.1,2.03,"Onions (1 kg), Markets"
Grenada,30.5,18.7,42.1,15.6,"Beef Round or Equivalent Back Leg Red Meat (1 kg), Markets"
Slovakia,30.3,33.1,27.6,9.32,"Meal at an Inexpensive Restaurant, Restaurants"
Slovakia,30.3,33.1,27.6,52.4,"Meal for Two at a Mid-Range Restaurant (Three Courses, Without Drinks), Restaurants"
Slovakia,30.3,33.1,27.6,9.32,"Combo Meal at McDonald's (or Equivalent Fast-Food Meal), Restaurants"
Slovakia,30.3,33.1,27.6,2.33,"Domestic Draft Beer (0.5 Liter), Restaurants"
Slovakia,30.3,33.1,27.6,2.91,"Imported Beer (0.33 Liter Bottle), Restaurants"
Slovakia,30.3,33.1,27.6,2.01,"Soft Drink (Coca-Cola or Pepsi, 0.33 Liter Bottle), Restaurants"
Slovakia,30.3,33.1,27.6,1.6,"Bottled Water (0.33 Liter), Restaurants"
Slovakia,30.3,33.1,27.6,1.15,"Milk (Regular, 1 Liter), Markets"
Slovakia,30.3,33.1,27.6,1.59,"Fresh White Bread (500 g Loaf), Markets"
Slovakia,30.3,33.1,27.6,3.89,"Eggs (12, Large Size), Markets"
Slovakia,30.3,33.1,27.6,14.53,"Local Cheese (1 kg), Markets"
Slovakia,30.3,33.1,27.6,0.9,"Bottled Water (1.5 Liter), Markets"
Slovakia,30.3,33.1,27.6,5.82,"Bottle of Wine (Mid-Range), Markets"
Slovakia,30.3,33.1,27.6,1.11,"Domestic Beer (0.5 Liter Bottle), Markets"
Slovakia,30.3,33.1,27.6,1.89,"Imported Beer (0.33 Liter Bottle), Markets"
Slovakia,30.3,33.1,27.6,6.06,"Cigarettes (Pack of 20, Marlboro), Markets"
Slovakia,30.3,33.1,27.6,7.96,"Chicken Fillets (1 kg), Markets"
Slovakia,30.3,33.1,27.6,1.95,"Apples (1 kg), Markets"
Slovakia,30.3,33.1,27.6,2.44,"Oranges (1 kg), Markets"
Slovakia,30.3,33.1,27.6,1.63,"Potatoes (1 kg), Markets"
Slovakia,30.3,33.1,27.6,1.54,"Lettuce (1 Head), Markets"
Slovakia,30.3,33.1,27.6,2.95,"Cappuccino (Regular Size), Restaurants"
Slovakia,30.3,33.1,27.6,2.01,"White Rice (1 kg), Markets"
Slovakia,30.3,33.1,27.6,4.57,"Tomatoes (1 kg), Markets"
Slovakia,30.3,33.1,27.6,1.99,"Bananas (1 kg), Markets"
Slovakia,30.3,33.1,27.6,1.71,"Onions (1 kg), Markets"
Slovakia,30.3,33.1,27.6,12.74,"Beef Round or Equivalent Back Leg Red Meat (1 kg), Markets"
Seychelles,30.3,20.7,41.1,18.49,"Meal at an Inexpensive Restaurant, Restaurants"
Seychelles,30.3,20.7,41.1,73.98,"Meal for Two at a Mid-Range Restaurant (Three Courses, Without Drinks), Restaurants"
Seychelles,30.3,20.7,41.1,9.32,"Combo Meal at McDonald's (or Equivalent Fast-Food Meal), Restaurants"
Seychelles,30.3,20.7,41.1,8.88,"Domestic Draft Beer (0.5 Liter), Restaurants"
Seychelles,30.3,20.7,41.1,5.01,"Imported Beer (0.33 Liter Bottle), Restaurants"
Seychelles,30.3,20.7,41.1,2.35,"Soft Drink (Coca-Cola or Pepsi, 0.33 Liter Bottle), Restaurants"
Seychelles,30.3,20.7,41.1,2.44,"Bottled Water (0.33 Liter), Restaurants"
Seychelles,30.3,20.7,41.1,1.91,"Milk (Regular, 1 Liter), Markets"
Seychelles,30.3,20.7,41.1,1.66,"Fresh White Bread (500 g Loaf), Markets"
Seychelles,30.3,20.7,41.1,4.01,"Eggs (12, Large Size), Markets"
Seychelles,30.3,20.7,41.1,29.24,"Local Cheese (1 kg), Markets"
Seychelles,30.3,20.7,41.1,1.36,"Bottled Water (1.5 Liter), Markets"
Seychelles,30.3,20.7,41.1,11.84,"Bottle of Wine (Mid-Range), Markets"
Seychelles,30.3,20.7,41.1,3.78,"Domestic Beer (0.5 Liter Bottle), Markets"
Seychelles,30.3,20.7,41.1,5.83,"Imported Beer (0.33 Liter Bottle), Markets"
Seychelles,30.3,20.7,41.1,26.16,"Cigarettes (Pack of 20, Marlboro), Markets"
Seychelles,30.3,20.7,41.1,7.23,"Chicken Fillets (1 kg), Markets"
Seychelles,30.3,20.7,41.1,2.22,"Apples (1 kg), Markets"
Seychelles,30.3,20.7,41.1,2.04,"Oranges (1 kg), Markets"
Seychelles,30.3,20.7,41.1,1.57,"Potatoes (1 kg), Markets"
Seychelles,30.3,20.7,41.1,1.48,"Lettuce (1 Head), Markets"
Seychelles,30.3,20.7,41.1,4.75,"Cappuccino (Regular Size), Restaurants"
Seychelles,30.3,20.7,41.1,2.47,"White Rice (1 kg), Markets"
Seychelles,30.3,20.7,41.1,6.7,"Tomatoes (1 kg), Markets"
Seychelles,30.3,20.7,41.1,3.09,"Bananas (1 kg), Markets"
Seychelles,30.3,20.7,41.1,1.74,"Onions (1 kg), Markets"
Seychelles,30.3,20.7,41.1,11.79,"Beef Round or Equivalent Back Leg Red Meat (1 kg), Markets"
Oman,30.2,25.6,38.7,5.2,"Meal at an Inexpensive Restaurant, Restaurants"
Oman,30.2,25.6,38.7,26.01,"Meal for Two at a Mid-Range Restaurant (Three Courses, Without Drinks), Restaurants"
Oman,30.2,25.6,38.7,9.1,"Combo Meal at McDonald's (or Equivalent Fast-Food Meal), Restaurants"
Oman,30.2,25.6,38.7,12.35,"Domestic Draft Beer (0.5 Liter), Restaurants"
Oman,30.2,25.6,38.7,13,"Imported Beer (0.33 Liter Bottle), Restaurants"
Oman,30.2,25.6,38.7,0.93,"Soft Drink (Coca-Cola or Pepsi, 0.33 Liter Bottle), Restaurants"
Oman,30.2,25.6,38.7,0.29,"Bottled Water (0.33 Liter), Restaurants"
Oman,30.2,25.6,38.7,2,"Milk (Regular, 1 Liter), Markets"
Oman,30.2,25.6,38.7,1.21,"Fresh White Bread (500 g Loaf), Markets"
Oman,30.2,25.6,38.7,2.63,"Eggs (12, Large Size), Markets"
Oman,30.2,25.6,38.7,6.75,"Local Cheese (1 kg), Markets"
Oman,30.2,25.6,38.7,0.59,"Bottled Water (1.5 Liter), Markets"
Oman,30.2,25.6,38.7,15.6,"Bottle of Wine (Mid-Range), Markets"
Oman,30.2,25.6,38.7,4.76,"Domestic Beer (0.5 Liter Bottle), Markets"
Oman,30.2,25.6,38.7,7.02,"Imported Beer (0.33 Liter Bottle), Markets"
Oman,30.2,25.6,38.7,6.24,"Cigarettes (Pack of 20, Marlboro), Markets"
Oman,30.2,25.6,38.7,6.4,"Chicken Fillets (1 kg), Markets"
Oman,30.2,25.6,38.7,2.68,"Apples (1 kg), Markets"
Oman,30.2,25.6,38.7,2.04,"Oranges (1 kg), Markets"
Oman,30.2,25.6,38.7,1.13,"Potatoes (1 kg), Markets"
Oman,30.2,25.6,38.7,1.14,"Lettuce (1 Head), Markets"
Oman,30.2,25.6,38.7,4.85,"Cappuccino (Regular Size), Restaurants"
Oman,30.2,25.6,38.7,1.8,"White Rice (1 kg), Markets"
Oman,30.2,25.6,38.7,1.23,"Tomatoes (1 kg), Markets"
Oman,30.2,25.6,38.7,1.81,"Bananas (1 kg), Markets"
Oman,30.2,25.6,38.7,1.21,"Onions (1 kg), Markets"
Oman,30.2,25.6,38.7,10,"Beef Round or Equivalent Back Leg Red Meat (1 kg), Markets"
South Africa,30,12.8,45.7,10.45,"Meal at an Inexpensive Restaurant, Restaurants"
South Africa,30,12.8,45.7,39.65,"Meal for Two at a Mid-Range Restaurant (Three Courses, Without Drinks), Restaurants"
South Africa,30,12.8,45.7,5.3,"Combo Meal at McDonald's (or Equivalent Fast-Food Meal), Restaurants"
South Africa,30,12.8,45.7,2.35,"Domestic Draft Beer (0.5 Liter), Restaurants"
South Africa,30,12.8,45.7,2.65,"Imported Beer (0.33 Liter Bottle), Restaurants"
South Africa,30,12.8,45.7,1.06,"Soft Drink (Coca-Cola or Pepsi, 0.33 Liter Bottle), Restaurants"
South Africa,30,12.8,45.7,0.83,"Bottled Water (0.33 Liter), Restaurants"
South Africa,30,12.8,45.7,1.16,"Milk (Regular, 1 Liter), Markets"
South Africa,30,12.8,45.7,1.04,"Fresh White Bread (500 g Loaf), Markets"
South Africa,30,12.8,45.7,2.39,"Eggs (12, Large Size), Markets"
South Africa,30,12.8,45.7,8.08,"Local Cheese (1 kg), Markets"
South Africa,30,12.8,45.7,1.03,"Bottled Water (1.5 Liter), Markets"
South Africa,30,12.8,45.7,4.98,"Bottle of Wine (Mid-Range), Markets"
South Africa,30,12.8,45.7,1.42,"Domestic Beer (0.5 Liter Bottle), Markets"
South Africa,30,12.8,45.7,1.85,"Imported Beer (0.33 Liter Bottle), Markets"
South Africa,30,12.8,45.7,3.12,"Cigarettes (Pack of 20, Marlboro), Markets"
South Africa,30,12.8,45.7,4.85,"Chicken Fillets (1 kg), Markets"
South Africa,30,12.8,45.7,1.66,"Apples (1 kg), Markets"
South Africa,30,12.8,45.7,1.58,"Oranges (1 kg), Markets"
South Africa,30,12.8,45.7,1.33,"Potatoes (1 kg), Markets"
South Africa,30,12.8,45.7,1.13,"Lettuce (1 Head), Markets"
South Africa,30,12.8,45.7,2.17,"Cappuccino (Regular Size), Restaurants"
South Africa,30,12.8,45.7,1.67,"White Rice (1 kg), Markets"
South Africa,30,12.8,45.7,1.64,"Tomatoes (1 kg), Markets"
South Africa,30,12.8,45.7,1.55,"Bananas (1 kg), Markets"
South Africa,30,12.8,45.7,1.43,"Onions (1 kg), Markets"
South Africa,30,12.8,45.7,7.19,"Beef Round or Equivalent Back Leg Red Meat (1 kg), Markets"
El Salvador,29.9,22,36.6,7,"Meal at an Inexpensive Restaurant, Restaurants"
El Salvador,29.9,22,36.6,40,"Meal for Two at a Mid-Range Restaurant (Three Courses, Without Drinks), Restaurants"
El Salvador,29.9,22,36.6,7,"Combo Meal at McDonald's (or Equivalent Fast-Food Meal), Restaurants"
El Salvador,29.9,22,36.6,2,"Domestic Draft Beer (0.5 Liter), Restaurants"
El Salvador,29.9,22,36.6,3.25,"Imported Beer (0.33 Liter Bottle), Restaurants"
El Salvador,29.9,22,36.6,1.12,"Soft Drink (Coca-Cola or Pepsi, 0.33 Liter Bottle), Restaurants"
El Salvador,29.9,22,36.6,0.9,"Bottled Water (0.33 Liter), Restaurants"
El Salvador,29.9,22,36.6,1.78,"Milk (Regular, 1 Liter), Markets"
El Salvador,29.9,22,36.6,1.95,"Fresh White Bread (500 g Loaf), Markets"
El Salvador,29.9,22,36.6,2.69,"Eggs (12, Large Size), Markets"
El Salvador,29.9,22,36.6,7.18,"Local Cheese (1 kg), Markets"
El Salvador,29.9,22,36.6,0.98,"Bottled Water (1.5 Liter), Markets"
El Salvador,29.9,22,36.6,10,"Bottle of Wine (Mid-Range), Markets"
El Salvador,29.9,22,36.6,1.8,"Domestic Beer (0.5 Liter Bottle), Markets"
El Salvador,29.9,22,36.6,2.66,"Imported Beer (0.33 Liter Bottle), Markets"
El Salvador,29.9,22,36.6,4,"Cigarettes (Pack of 20, Marlboro), Markets"
El Salvador,29.9,22,36.6,5.65,"Chicken Fillets (1 kg), Markets"
El Salvador,29.9,22,36.6,3.37,"Apples (1 kg), Markets"
El Salvador,29.9,22,36.6,2.75,"Oranges (1 kg), Markets"
El Salvador,29.9,22,36.6,2.51,"Potatoes (1 kg), Markets"
El Salvador,29.9,22,36.6,0.92,"Lettuce (1 Head), Markets"
El Salvador,29.9,22,36.6,3.2,"Cappuccino (Regular Size), Restaurants"
El Salvador,29.9,22,36.6,1.48,"White Rice (1 kg), Markets"
El Salvador,29.9,22,36.6,2.67,"Tomatoes (1 kg), Markets"
El Salvador,29.9,22,36.6,1.86,"Bananas (1 kg), Markets"
El Salvador,29.9,22,36.6,2.18,"Onions (1 kg), Markets"
El Salvador,29.9,22,36.6,8.6,"Beef Round or Equivalent Back Leg Red Meat (1 kg), Markets"
Latvia,29.8,27.8,31.6,13.97,"Meal at an Inexpensive Restaurant, Restaurants"
Latvia,29.8,27.8,31.6,69.87,"Meal for Two at a Mid-Range Restaurant (Three Courses, Without Drinks), Restaurants"
Latvia,29.8,27.8,31.6,8.15,"Combo Meal at McDonald's (or Equivalent Fast-Food Meal), Restaurants"
Latvia,29.8,27.8,31.6,5.24,"Domestic Draft Beer (0.5 Liter), Restaurants"
Latvia,29.8,27.8,31.6,4.66,"Imported Beer (0.33 Liter Bottle), Restaurants"
Latvia,29.8,27.8,31.6,1.7,"Soft Drink (Coca-Cola or Pepsi, 0.33 Liter Bottle), Restaurants"
Latvia,29.8,27.8,31.6,1.36,"Bottled Water (0.33 Liter), Restaurants"
Latvia,29.8,27.8,31.6,1.33,"Milk (Regular, 1 Liter), Markets"
Latvia,29.8,27.8,31.6,1.65,"Fresh White Bread (500 g Loaf), Markets"
Latvia,29.8,27.8,31.6,3.31,"Eggs (12, Large Size), Markets"
Latvia,29.8,27.8,31.6,11.73,"Local Cheese (1 kg), Markets"
Latvia,29.8,27.8,31.6,0.92,"Bottled Water (1.5 Liter), Markets"
Latvia,29.8,27.8,31.6,8.15,"Bottle of Wine (Mid-Range), Markets"
Latvia,29.8,27.8,31.6,1.78,"Domestic Beer (0.5 Liter Bottle), Markets"
Latvia,29.8,27.8,31.6,2.16,"Imported Beer (0.33 Liter Bottle), Markets"
Latvia,29.8,27.8,31.6,5.82,"Cigarettes (Pack of 20, Marlboro), Markets"
Latvia,29.8,27.8,31.6,7.99,"Chicken Fillets (1 kg), Markets"
Latvia,29.8,27.8,31.6,1.81,"Apples (1 kg), Markets"
Latvia,29.8,27.8,31.6,2.58,"Oranges (1 kg), Markets"
Latvia,29.8,27.8,31.6,1.02,"Potatoes (1 kg), Markets"
Latvia,29.8,27.8,31.6,1.82,"Lettuce (1 Head), Markets"
Latvia,29.8,27.8,31.6,3.4,"Cappuccino (Regular Size), Restaurants"
Latvia,29.8,27.8,31.6,3.13,"White Rice (1 kg), Markets"
Latvia,29.8,27.8,31.6,3.39,"Tomatoes (1 kg), Markets"
Latvia,29.8,27.8,31.6,1.85,"Bananas (1 kg), Markets"
Latvia,29.8,27.8,31.6,1.08,"Onions (1 kg), Markets"
Latvia,29.8,27.8,31.6,12.7,"Beef Round or Equivalent Back Leg Red Meat (1 kg), Markets"
Ukraine,29.2,23.3,33.9,7.11,"Meal at an Inexpensive Restaurant, Restaurants"
Ukraine,29.2,23.3,33.9,28.45,"Meal for Two at a Mid-Range Restaurant (Three Courses, Without Drinks), Restaurants"
Ukraine,29.2,23.3,33.9,5.93,"Combo Meal at McDonald's (or Equivalent Fast-Food Meal), Restaurants"
Ukraine,29.2,23.3,33.9,1.19,"Domestic Draft Beer (0.5 Liter), Restaurants"
Ukraine,29.2,23.3,33.9,1.66,"Imported Beer (0.33 Liter Bottle), Restaurants"
Ukraine,29.2,23.3,33.9,0.67,"Soft Drink (Coca-Cola or Pepsi, 0.33 Liter Bottle), Restaurants"
Ukraine,29.2,23.3,33.9,0.46,"Bottled Water (0.33 Liter), Restaurants"
Ukraine,29.2,23.3,33.9,1.15,"Milk (Regular, 1 Liter), Markets"
Ukraine,29.2,23.3,33.9,0.7,"Fresh White Bread (500 g Loaf), Markets"
Ukraine,29.2,23.3,33.9,1.78,"Eggs (12, Large Size), Markets"
Ukraine,29.2,23.3,33.9,8.95,"Local Cheese (1 kg), Markets"
Ukraine,29.2,23.3,33.9,0.55,"Bottled Water (1.5 Liter), Markets"
Ukraine,29.2,23.3,33.9,4.74,"Bottle of Wine (Mid-Range), Markets"
Ukraine,29.2,23.3,33.9,0.86,"Domestic Beer (0.5 Liter Bottle), Markets"
Ukraine,29.2,23.3,33.9,1.42,"Imported Beer (0.33 Liter Bottle), Markets"
Ukraine,29.2,23.3,33.9,2.85,"Cigarettes (Pack of 20, Marlboro), Markets"
Ukraine,29.2,23.3,33.9,4.47,"Chicken Fillets (1 kg), Markets"
Ukraine,29.2,23.3,33.9,1.03,"Apples (1 kg), Markets"
Ukraine,29.2,23.3,33.9,1.7,"Oranges (1 kg), Markets"
Ukraine,29.2,23.3,33.9,0.73,"Potatoes (1 kg), Markets"
Ukraine,29.2,23.3,33.9,1.38,"Lettuce (1 Head), Markets"
Ukraine,29.2,23.3,33.9,1.4,"Cappuccino (Regular Size), Restaurants"
Ukraine,29.2,23.3,33.9,1.4,"White Rice (1 kg), Markets"
Ukraine,29.2,23.3,33.9,2.21,"Tomatoes (1 kg), Markets"
Ukraine,29.2,23.3,33.9,1.59,"Bananas (1 kg), Markets"
Ukraine,29.2,23.3,33.9,0.55,"Onions (1 kg), Markets"
Ukraine,29.2,23.3,33.9,7.2,"Beef Round or Equivalent Back Leg Red Meat (1 kg), Markets"
Dominican Republic,29.1,23.1,35.1,7.88,"Meal at an Inexpensive Restaurant, Restaurants"
Dominican Republic,29.1,23.1,35.1,47.28,"Meal for Two at a Mid-Range Restaurant (Three Courses, Without Drinks), Restaurants"
Dominican Republic,29.1,23.1,35.1,7.09,"Combo Meal at McDonald's (or Equivalent Fast-Food Meal), Restaurants"
Dominican Republic,29.1,23.1,35.1,2.36,"Domestic Draft Beer (0.5 Liter), Restaurants"
Dominican Republic,29.1,23.1,35.1,4.73,"Imported Beer (0.33 Liter Bottle), Restaurants"
Dominican Republic,29.1,23.1,35.1,0.97,"Soft Drink (Coca-Cola or Pepsi, 0.33 Liter Bottle), Restaurants"
Dominican Republic,29.1,23.1,35.1,0.73,"Bottled Water (0.33 Liter), Restaurants"
Dominican Republic,29.1,23.1,35.1,1.31,"Milk (Regular, 1 Liter), Markets"
Dominican Republic,29.1,23.1,35.1,1.63,"Fresh White Bread (500 g Loaf), Markets"
Dominican Republic,29.1,23.1,35.1,1.89,"Eggs (12, Large Size), Markets"
Dominican Republic,29.1,23.1,35.1,7.77,"Local Cheese (1 kg), Markets"
Dominican Republic,29.1,23.1,35.1,0.82,"Bottled Water (1.5 Liter), Markets"
Dominican Republic,29.1,23.1,35.1,11.82,"Bottle of Wine (Mid-Range), Markets"
Dominican Republic,29.1,23.1,35.1,2.62,"Domestic Beer (0.5 Liter Bottle), Markets"
Dominican Republic,29.1,23.1,35.1,2.99,"Imported Beer (0.33 Liter Bottle), Markets"
Dominican Republic,29.1,23.1,35.1,5.52,"Cigarettes (Pack of 20, Marlboro), Markets"
Dominican Republic,29.1,23.1,35.1,5.57,"Chicken Fillets (1 kg), Markets"
Dominican Republic,29.1,23.1,35.1,3.02,"Apples (1 kg), Markets"
Dominican Republic,29.1,23.1,35.1,2.79,"Oranges (1 kg), Markets"
Dominican Republic,29.1,23.1,35.1,2.24,"Potatoes (1 kg), Markets"
Dominican Republic,29.1,23.1,35.1,1.03,"Lettuce (1 Head), Markets"
Dominican Republic,29.1,23.1,35.1,1.96,"Cappuccino (Regular Size), Restaurants"
Dominican Republic,29.1,23.1,35.1,1.44,"White Rice (1 kg), Markets"
Dominican Republic,29.1,23.1,35.1,1.74,"Tomatoes (1 kg), Markets"
Dominican Republic,29.1,23.1,35.1,0.91,"Bananas (1 kg), Markets"
Dominican Republic,29.1,23.1,35.1,2.36,"Onions (1 kg), Markets"
Dominican Republic,29.1,23.1,35.1,6.66,"Beef Round or Equivalent Back Leg Red Meat (1 kg), Markets"
Suriname,29,19.2,38.5,7,"Meal at an Inexpensive Restaurant, Restaurants"
Suriname,29,19.2,38.5,48.09,"Meal for Two at a Mid-Range Restaurant (Three Courses, Without Drinks), Restaurants"
Suriname,29,19.2,38.5,10.69,"Combo Meal at McDonald's (or Equivalent Fast-Food Meal), Restaurants"
Suriname,29,19.2,38.5,3.16,"Domestic Draft Beer (0.5 Liter), Restaurants"
Suriname,29,19.2,38.5,4.5,"Imported Beer (0.33 Liter Bottle), Restaurants"
Suriname,29,19.2,38.5,1.2,"Soft Drink (Coca-Cola or Pepsi, 0.33 Liter Bottle), Restaurants"
Suriname,29,19.2,38.5,0.82,"Bottled Water (0.33 Liter), Restaurants"
Suriname,29,19.2,38.5,1.68,"Milk (Regular, 1 Liter), Markets"
Suriname,29,19.2,38.5,1.24,"Fresh White Bread (500 g Loaf), Markets"
Suriname,29,19.2,38.5,3.17,"Eggs (12, Large Size), Markets"
Suriname,29,19.2,38.5,12.47,"Local Cheese (1 kg), Markets"
Suriname,29,19.2,38.5,1.5,"Bottled Water (1.5 Liter), Markets"
Suriname,29,19.2,38.5,9.22,"Bottle of Wine (Mid-Range), Markets"
Suriname,29,19.2,38.5,2.15,"Domestic Beer (0.5 Liter Bottle), Markets"
Suriname,29,19.2,38.5,3.37,"Imported Beer (0.33 Liter Bottle), Markets"
Suriname,29,19.2,38.5,5.64,"Cigarettes (Pack of 20, Marlboro), Markets"
Suriname,29,19.2,38.5,5.3,"Chicken Fillets (1 kg), Markets"
Suriname,29,19.2,38.5,4.66,"Apples (1 kg), Markets"
Suriname,29,19.2,38.5,3.59,"Oranges (1 kg), Markets"
Suriname,29,19.2,38.5,1.33,"Potatoes (1 kg), Markets"
Suriname,29,19.2,38.5,1.62,"Lettuce (1 Head), Markets"
Suriname,29,19.2,38.5,2.82,"Cappuccino (Regular Size), Restaurants"
Suriname,29,19.2,38.5,1.43,"White Rice (1 kg), Markets"
Suriname,29,19.2,38.5,6.07,"Tomatoes (1 kg), Markets"
Suriname,29,19.2,38.5,1.93,"Bananas (1 kg), Markets"
Suriname,29,19.2,38.5,1.88,"Onions (1 kg), Markets"
Suriname,29,19.2,38.5,9.09,"Beef Round or Equivalent Back Leg Red Meat (1 kg), Markets"
Brazil,28.8,24.8,32.5,5.65,"Meal at an Inexpensive Restaurant, Restaurants"
Brazil,28.8,24.8,32.5,30.13,"Meal for Two at a Mid-Range Restaurant (Three Courses, Without Drinks), Restaurants"
Brazil,28.8,24.8,32.5,6.78,"Combo Meal at McDonald's (or Equivalent Fast-Food Meal), Restaurants"
Brazil,28.8,24.8,32.5,1.88,"Domestic Draft Beer (0.5 Liter), Restaurants"
Brazil,28.8,24.8,32.5,2.82,"Imported Beer (0.33 Liter Bottle), Restaurants"
Brazil,28.8,24.8,32.5,1.16,"Soft Drink (Coca-Cola or Pepsi, 0.33 Liter Bottle), Restaurants"
Brazil,28.8,24.8,32.5,0.72,"Bottled Water (0.33 Liter), Restaurants"
Brazil,28.8,24.8,32.5,1.01,"Milk (Regular, 1 Liter), Markets"
Brazil,28.8,24.8,32.5,1.6,"Fresh White Bread (500 g Loaf), Markets"
Brazil,28.8,24.8,32.5,2.16,"Eggs (12, Large Size), Markets"
Brazil,28.8,24.8,32.5,8.99,"Local Cheese (1 kg), Markets"
Brazil,28.8,24.8,32.5,0.72,"Bottled Water (1.5 Liter), Markets"
Brazil,28.8,24.8,32.5,7.53,"Bottle of Wine (Mid-Range), Markets"
Brazil,28.8,24.8,32.5,1.26,"Domestic Beer (0.5 Liter Bottle), Markets"
Brazil,28.8,24.8,32.5,2.3,"Imported Beer (0.33 Liter Bottle), Markets"
Brazil,28.8,24.8,32.5,2.26,"Cigarettes (Pack of 20, Marlboro), Markets"
Brazil,28.8,24.8,32.5,4,"Chicken Fillets (1 kg), Markets"
Brazil,28.8,24.8,32.5,2.2,"Apples (1 kg), Markets"
Brazil,28.8,24.8,32.5,1.22,"Oranges (1 kg), Markets"
Brazil,28.8,24.8,32.5,1.18,"Potatoes (1 kg), Markets"
Brazil,28.8,24.8,32.5,0.76,"Lettuce (1 Head), Markets"
Brazil,28.8,24.8,32.5,1.85,"Cappuccino (Regular Size), Restaurants"
Brazil,28.8,24.8,32.5,1.25,"White Rice (1 kg), Markets"
Brazil,28.8,24.8,32.5,1.51,"Tomatoes (1 kg), Markets"
Brazil,28.8,24.8,32.5,1.34,"Bananas (1 kg), Markets"
Brazil,28.8,24.8,32.5,1.1,"Onions (1 kg), Markets"
Brazil,28.8,24.8,32.5,7.78,"Beef Round or Equivalent Back Leg Red Meat (1 kg), Markets"
United Kingdom,28.7,28.2,29.2,19.99,"Meal at an Inexpensive Restaurant, Restaurants"
United Kingdom,28.7,28.2,29.2,86.62,"Meal for Two at a Mid-Range Restaurant (Three Courses, Without Drinks), Restaurants"
United Kingdom,28.7,28.2,29.2,10.66,"Combo Meal at McDonald's (or Equivalent Fast-Food Meal), Restaurants"
United Kingdom,28.7,28.2,29.2,6.66,"Domestic Draft Beer (0.5 Liter), Restaurants"
United Kingdom,28.7,28.2,29.2,6.66,"Imported Beer (0.33 Liter Bottle), Restaurants"
United Kingdom,28.7,28.2,29.2,2.45,"Soft Drink (Coca-Cola or Pepsi, 0.33 Liter Bottle), Restaurants"
United Kingdom,28.7,28.2,29.2,1.74,"Bottled Water (0.33 Liter), Restaurants"
United Kingdom,28.7,28.2,29.2,1.66,"Milk (Regular, 1 Liter), Markets"
United Kingdom,28.7,28.2,29.2,1.65,"Fresh White Bread (500 g Loaf), Markets"
United Kingdom,28.7,28.2,29.2,3.97,"Eggs (12, Large Size), Markets"
United Kingdom,28.7,28.2,29.2,9.58,"Local Cheese (1 kg), Markets"
United Kingdom,28.7,28.2,29.2,1.57,"Bottled Water (1.5 Liter), Markets"
United Kingdom,28.7,28.2,29.2,10.66,"Bottle of Wine (Mid-Range), Markets"
United Kingdom,28.7,28.2,29.2,2.91,"Domestic Beer (0.5 Liter Bottle), Markets"
United Kingdom,28.7,28.2,29.2,3.36,"Imported Beer (0.33 Liter Bottle), Markets"
United Kingdom,28.7,28.2,29.2,19.99,"Cigarettes (Pack of 20, Marlboro), Markets"
United Kingdom,28.7,28.2,29.2,8.88,"Chicken Fillets (1 kg), Markets"
United Kingdom,28.7,28.2,29.2,2.96,"Apples (1 kg), Markets"
United Kingdom,28.7,28.2,29.2,2.81,"Oranges (1 kg), Markets"
United Kingdom,28.7,28.2,29.2,1.68,"Potatoes (1 kg), Markets"
United Kingdom,28.7,28.2,29.2,1.16,"Lettuce (1 Head), Markets"
United Kingdom,28.7,28.2,29.2,4.65,"Cappuccino (Regular Size), Restaurants"
United Kingdom,28.7,28.2,29.2,2.17,"White Rice (1 kg), Markets"
United Kingdom,28.7,28.2,29.2,3.4,"Tomatoes (1 kg), Markets"
United Kingdom,28.7,28.2,29.2,1.63,"Bananas (1 kg), Markets"
United Kingdom,28.7,28.2,29.2,1.55,"Onions (1 kg), Markets"
United Kingdom,28.7,28.2,29.2,14.31,"Beef Round or Equivalent Back Leg Red Meat (1 kg), Markets"
Uzbekistan,28.5,25.4,31.6,4.61,"Meal at an Inexpensive Restaurant, Restaurants"
Uzbekistan,28.5,25.4,31.6,27.26,"Meal for Two at a Mid-Range Restaurant (Three Courses, Without Drinks), Restaurants"
Uzbekistan,28.5,25.4,31.6,4.19,"Combo Meal at McDonald's (or Equivalent Fast-Food Meal), Restaurants"
Uzbekistan,28.5,25.4,31.6,1.43,"Domestic Draft Beer (0.5 Liter), Restaurants"
Uzbekistan,28.5,25.4,31.6,3.35,"Imported Beer (0.33 Liter Bottle), Restaurants"
Uzbekistan,28.5,25.4,31.6,0.61,"Soft Drink (Coca-Cola or Pepsi, 0.33 Liter Bottle), Restaurants"
Uzbekistan,28.5,25.4,31.6,0.27,"Bottled Water (0.33 Liter), Restaurants"
Uzbekistan,28.5,25.4,31.6,1.18,"Milk (Regular, 1 Liter), Markets"
Uzbekistan,28.5,25.4,31.6,0.49,"Fresh White Bread (500 g Loaf), Markets"
Uzbekistan,28.5,25.4,31.6,1.68,"Eggs (12, Large Size), Markets"
Uzbekistan,28.5,25.4,31.6,8.07,"Local Cheese (1 kg), Markets"
Uzbekistan,28.5,25.4,31.6,0.46,"Bottled Water (1.5 Liter), Markets"
Uzbekistan,28.5,25.4,31.6,5.87,"Bottle of Wine (Mid-Range), Markets"
Uzbekistan,28.5,25.4,31.6,1.19,"Domestic Beer (0.5 Liter Bottle), Markets"
Uzbekistan,28.5,25.4,31.6,3.06,"Imported Beer (0.33 Liter Bottle), Markets"
Uzbekistan,28.5,25.4,31.6,2,"Cigarettes (Pack of 20, Marlboro), Markets"
Uzbekistan,28.5,25.4,31.6,3.93,"Chicken Fillets (1 kg), Markets"
Uzbekistan,28.5,25.4,31.6,1.21,"Apples (1 kg), Markets"
Uzbekistan,28.5,25.4,31.6,2.5,"Oranges (1 kg), Markets"
Uzbekistan,28.5,25.4,31.6,0.58,"Potatoes (1 kg), Markets"
Uzbekistan,28.5,25.4,31.6,0.7,"Lettuce (1 Head), Markets"
Uzbekistan,28.5,25.4,31.6,1.95,"Cappuccino (Regular Size), Restaurants"
Uzbekistan,28.5,25.4,31.6,1.77,"White Rice (1 kg), Markets"
Uzbekistan,28.5,25.4,31.6,1.44,"Tomatoes (1 kg), Markets"
Uzbekistan,28.5,25.4,31.6,1.89,"Bananas (1 kg), Markets"
Uzbekistan,28.5,25.4,31.6,0.36,"Onions (1 kg), Markets"
Uzbekistan,28.5,25.4,31.6,10.26,"Beef Round or Equivalent Back Leg Red Meat (1 kg), Markets"
Honduras,28.5,22.3,34.8,7.61,"Meal at an Inexpensive Restaurant, Restaurants"
Honduras,28.5,22.3,34.8,38.04,"Meal for Two at a Mid-Range Restaurant (Three Courses, Without Drinks), Restaurants"
Honduras,28.5,22.3,34.8,8.06,"Combo Meal at McDonald's (or Equivalent Fast-Food Meal), Restaurants"
Honduras,28.5,22.3,34.8,1.9,"Domestic Draft Beer (0.5 Liter), Restaurants"
Honduras,28.5,22.3,34.8,3.33,"Imported Beer (0.33 Liter Bottle), Restaurants"
Honduras,28.5,22.3,34.8,1.07,"Soft Drink (Coca-Cola or Pepsi, 0.33 Liter Bottle), Restaurants"
Honduras,28.5,22.3,34.8,0.9,"Bottled Water (0.33 Liter), Restaurants"
Honduras,28.5,22.3,34.8,1.46,"Milk (Regular, 1 Liter), Markets"
Honduras,28.5,22.3,34.8,1.99,"Fresh White Bread (500 g Loaf), Markets"
Honduras,28.5,22.3,34.8,1.94,"Eggs (12, Large Size), Markets"
Honduras,28.5,22.3,34.8,7.34,"Local Cheese (1 kg), Markets"
Honduras,28.5,22.3,34.8,1.26,"Bottled Water (1.5 Liter), Markets"
Honduras,28.5,22.3,34.8,9.75,"Bottle of Wine (Mid-Range), Markets"
Honduras,28.5,22.3,34.8,1.2,"Domestic Beer (0.5 Liter Bottle), Markets"
Honduras,28.5,22.3,34.8,1.52,"Imported Beer (0.33 Liter Bottle), Markets"
Honduras,28.5,22.3,34.8,2.83,"Cigarettes (Pack of 20, Marlboro), Markets"
Honduras,28.5,22.3,34.8,5.89,"Chicken Fillets (1 kg), Markets"
Honduras,28.5,22.3,34.8,3.15,"Apples (1 kg), Markets"
Honduras,28.5,22.3,34.8,2.77,"Oranges (1 kg), Markets"
Honduras,28.5,22.3,34.8,1.97,"Potatoes (1 kg), Markets"
Honduras,28.5,22.3,34.8,0.96,"Lettuce (1 Head), Markets"
Honduras,28.5,22.3,34.8,2.61,"Cappuccino (Regular Size), Restaurants"
Honduras,28.5,22.3,34.8,1.57,"White Rice (1 kg), Markets"
Honduras,28.5,22.3,34.8,1.59,"Tomatoes (1 kg), Markets"
Honduras,28.5,22.3,34.8,1.24,"Bananas (1 kg), Markets"
Honduras,28.5,22.3,34.8,1.87,"Onions (1 kg), Markets"
Honduras,28.5,22.3,34.8,10.79,"Beef Round or Equivalent Back Leg Red Meat (1 kg), Markets"
Tunisia,28.3,19.9,36.1,3.41,"Meal at an Inexpensive Restaurant, Restaurants"
Tunisia,28.3,19.9,36.1,20.43,"Meal for Two at a Mid-Range Restaurant (Three Courses, Without Drinks), Restaurants"
Tunisia,28.3,19.9,36.1,5.11,"Combo Meal at McDonald's (or Equivalent Fast-Food Meal), Restaurants"
Tunisia,28.3,19.9,36.1,1.7,"Domestic Draft Beer (0.5 Liter), Restaurants"
Tunisia,28.3,19.9,36.1,2.38,"Imported Beer (0.33 Liter Bottle), Restaurants"
Tunisia,28.3,19.9,36.1,0.66,"Soft Drink (Coca-Cola or Pepsi, 0.33 Liter Bottle), Restaurants"
Tunisia,28.3,19.9,36.1,0.28,"Bottled Water (0.33 Liter), Restaurants"
Tunisia,28.3,19.9,36.1,0.49,"Milk (Regular, 1 Liter), Markets"
Tunisia,28.3,19.9,36.1,0.19,"Fresh White Bread (500 g Loaf), Markets"
Tunisia,28.3,19.9,36.1,1.63,"Eggs (12, Large Size), Markets"
Tunisia,28.3,19.9,36.1,11.22,"Local Cheese (1 kg), Markets"
Tunisia,28.3,19.9,36.1,0.31,"Bottled Water (1.5 Liter), Markets"
Tunisia,28.3,19.9,36.1,6.81,"Bottle of Wine (Mid-Range), Markets"
Tunisia,28.3,19.9,36.1,1.27,"Domestic Beer (0.5 Liter Bottle), Markets"
Tunisia,28.3,19.9,36.1,1.3,"Imported Beer (0.33 Liter Bottle), Markets"
Tunisia,28.3,19.9,36.1,3.58,"Cigarettes (Pack of 20, Marlboro), Markets"
Tunisia,28.3,19.9,36.1,6.01,"Chicken Fillets (1 kg), Markets"
Tunisia,28.3,19.9,36.1,1.97,"Apples (1 kg), Markets"
Tunisia,28.3,19.9,36.1,1.15,"Oranges (1 kg), Markets"
Tunisia,28.3,19.9,36.1,0.73,"Potatoes (1 kg), Markets"
Tunisia,28.3,19.9,36.1,0.45,"Lettuce (1 Head), Markets"
Tunisia,28.3,19.9,36.1,0.95,"Cappuccino (Regular Size), Restaurants"
Tunisia,28.3,19.9,36.1,1.55,"White Rice (1 kg), Markets"
Tunisia,28.3,19.9,36.1,0.75,"Tomatoes (1 kg), Markets"
Tunisia,28.3,19.9,36.1,3.08,"Bananas (1 kg), Markets"
Tunisia,28.3,19.9,36.1,0.63,"Onions (1 kg), Markets"
Tunisia,28.3,19.9,36.1,14.25,"Beef Round or Equivalent Back Leg Red Meat (1 kg), Markets"
Greenland,28.2,25.3,31.4,18.71,"Meal at an Inexpensive Restaurant, Restaurants"
Greenland,28.2,25.3,31.4,109.14,"Meal for Two at a Mid-Range Restaurant (Three Courses, Without Drinks), Restaurants"
Greenland,28.2,25.3,31.4,15.65,"Combo Meal at McDonald's (or Equivalent Fast-Food Meal), Restaurants"
Greenland,28.2,25.3,31.4,10.91,"Domestic Draft Beer (0.5 Liter), Restaurants"
Greenland,28.2,25.3,31.4,8.38,"Imported Beer (0.33 Liter Bottle), Restaurants"
Greenland,28.2,25.3,31.4,2.45,"Soft Drink (Coca-Cola or Pepsi, 0.33 Liter Bottle), Restaurants"
Greenland,28.2,25.3,31.4,3,"Bottled Water (0.33 Liter), Restaurants"
Greenland,28.2,25.3,31.4,2.75,"Milk (Regular, 1 Liter), Markets"
Greenland,28.2,25.3,31.4,3.99,"Fresh White Bread (500 g Loaf), Markets"
Greenland,28.2,25.3,31.4,5.18,"Eggs (12, Large Size), Markets"
Greenland,28.2,25.3,31.4,38.61,"Local Cheese (1 kg), Markets"
Greenland,28.2,25.3,31.4,3.12,"Bottled Water (1.5 Liter), Markets"
Greenland,28.2,25.3,31.4,23.39,"Bottle of Wine (Mid-Range), Markets"
Greenland,28.2,25.3,31.4,6.18,"Domestic Beer (0.5 Liter Bottle), Markets"
Greenland,28.2,25.3,31.4,4.17,"Imported Beer (0.33 Liter Bottle), Markets"
Greenland,28.2,25.3,31.4,14.03,"Cigarettes (Pack of 20, Marlboro), Markets"
Greenland,28.2,25.3,31.4,27.57,"Chicken Fillets (1 kg), Markets"
Greenland,28.2,25.3,31.4,5.19,"Apples (1 kg), Markets"
Greenland,28.2,25.3,31.4,5.66,"Oranges (1 kg), Markets"
Greenland,28.2,25.3,31.4,3.83,"Potatoes (1 kg), Markets"
Greenland,28.2,25.3,31.4,6.52,"Lettuce (1 Head), Markets"
Greenland,28.2,25.3,31.4,6.22,"Cappuccino (Regular Size), Restaurants"
Greenland,28.2,25.3,31.4,5.06,"White Rice (1 kg), Markets"
Greenland,28.2,25.3,31.4,4.51,"Tomatoes (1 kg), Markets"
Greenland,28.2,25.3,31.4,4.82,"Bananas (1 kg), Markets"
Greenland,28.2,25.3,31.4,4.37,"Onions (1 kg), Markets"
Greenland,28.2,25.3,31.4,25.23,"Beef Round or Equivalent Back Leg Red Meat (1 kg), Markets"
Russia,28,25.5,30.2,10.53,"Meal at an Inexpensive Restaurant, Restaurants"
Russia,28,25.5,30.2,40,"Meal for Two at a Mid-Range Restaurant (Three Courses, Without Drinks), Restaurants"
Russia,28,25.5,30.2,6.58,"Combo Meal at McDonald's (or Equivalent Fast-Food Meal), Restaurants"
Russia,28,25.5,30.2,1.97,"Domestic Draft Beer (0.5 Liter), Restaurants"
Russia,28,25.5,30.2,2.76,"Imported Beer (0.33 Liter Bottle), Restaurants"
Russia,28,25.5,30.2,1.21,"Soft Drink (Coca-Cola or Pepsi, 0.33 Liter Bottle), Restaurants"
Russia,28,25.5,30.2,0.55,"Bottled Water (0.33 Liter), Restaurants"
Russia,28,25.5,30.2,1.23,"Milk (Regular, 1 Liter), Markets"
Russia,28,25.5,30.2,0.75,"Fresh White Bread (500 g Loaf), Markets"
Russia,28,25.5,30.2,1.78,"Eggs (12, Large Size), Markets"
Russia,28,25.5,30.2,11.67,"Local Cheese (1 kg), Markets"
Russia,28,25.5,30.2,0.75,"Bottled Water (1.5 Liter), Markets"
Russia,28,25.5,30.2,7.89,"Bottle of Wine (Mid-Range), Markets"
Russia,28,25.5,30.2,1.07,"Domestic Beer (0.5 Liter Bottle), Markets"
Russia,28,25.5,30.2,2.09,"Imported Beer (0.33 Liter Bottle), Markets"
Russia,28,25.5,30.2,3.28,"Cigarettes (Pack of 20, Marlboro), Markets"
Russia,28,25.5,30.2,5.44,"Chicken Fillets (1 kg), Markets"
Russia,28,25.5,30.2,1.88,"Apples (1 kg), Markets"
Russia,28,25.5,30.2,2.09,"Oranges (1 kg), Markets"
Russia,28,25.5,30.2,0.9,"Potatoes (1 kg), Markets"
Russia,28,25.5,30.2,1.43,"Lettuce (1 Head), Markets"
Russia,28,25.5,30.2,2.67,"Cappuccino (Regular Size), Restaurants"
Russia,28,25.5,30.2,1.53,"White Rice (1 kg), Markets"
Russia,28,25.5,30.2,2.96,"Tomatoes (1 kg), Markets"
Russia,28,25.5,30.2,1.94,"Bananas (1 kg), Markets"
Russia,28,25.5,30.2,0.73,"Onions (1 kg), Markets"
Russia,28,25.5,30.2,10.26,"Beef Round or Equivalent Back Leg Red Meat (1 kg), Markets"
Guyana,28,17.4,37.8,11.95,"Meal at an Inexpensive Restaurant, Restaurants"
Guyana,28,17.4,37.8,71.68,"Meal for Two at a Mid-Range Restaurant (Three Courses, Without Drinks), Restaurants"
Guyana,28,17.4,37.8,8.6,"Combo Meal at McDonald's (or Equivalent Fast-Food Meal), Restaurants"
Guyana,28,17.4,37.8,2.03,"Domestic Draft Beer (0.5 Liter), Restaurants"
Guyana,28,17.4,37.8,2.39,"Imported Beer (0.33 Liter Bottle), Restaurants"
Guyana,28,17.4,37.8,1.22,"Soft Drink (Coca-Cola or Pepsi, 0.33 Liter Bottle), Restaurants"
Guyana,28,17.4,37.8,0.69,"Bottled Water (0.33 Liter), Restaurants"
Guyana,28,17.4,37.8,3.48,"Milk (Regular, 1 Liter), Markets"
Guyana,28,17.4,37.8,2.04,"Fresh White Bread (500 g Loaf), Markets"
Guyana,28,17.4,37.8,3.76,"Eggs (12, Large Size), Markets"
Guyana,28,17.4,37.8,12.8,"Local Cheese (1 kg), Markets"
Guyana,28,17.4,37.8,1.6,"Bottled Water (1.5 Liter), Markets"
Guyana,28,17.4,37.8,14.67,"Bottle of Wine (Mid-Range), Markets"
Guyana,28,17.4,37.8,1.76,"Domestic Beer (0.5 Liter Bottle), Markets"
Guyana,28,17.4,37.8,2.69,"Imported Beer (0.33 Liter Bottle), Markets"
Guyana,28,17.4,37.8,2.44,"Cigarettes (Pack of 20, Marlboro), Markets"
Guyana,28,17.4,37.8,7.96,"Chicken Fillets (1 kg), Markets"
Guyana,28,17.4,37.8,7.19,"Apples (1 kg), Markets"
Guyana,28,17.4,37.8,3.71,"Oranges (1 kg), Markets"
Guyana,28,17.4,37.8,2.57,"Potatoes (1 kg), Markets"
Guyana,28,17.4,37.8,2.02,"Lettuce (1 Head), Markets"
Guyana,28,17.4,37.8,5.35,"Cappuccino (Regular Size), Restaurants"
Guyana,28,17.4,37.8,2.17,"White Rice (1 kg), Markets"
Guyana,28,17.4,37.8,5.77,"Tomatoes (1 kg), Markets"
Guyana,28,17.4,37.8,3.12,"Bananas (1 kg), Markets"
Guyana,28,17.4,37.8,3.22,"Onions (1 kg), Markets"
Guyana,28,17.4,37.8,9.52,"Beef Round or Equivalent Back Leg Red Meat (1 kg), Markets"
Armenia,27.9,20,33.7,10.49,"Meal at an Inexpensive Restaurant, Restaurants"
Armenia,27.9,20,33.7,47.21,"Meal for Two at a Mid-Range Restaurant (Three Courses, Without Drinks), Restaurants"
Armenia,27.9,20,33.7,7.93,"Combo Meal at McDonald's (or Equivalent Fast-Food Meal), Restaurants"
Armenia,27.9,20,33.7,1.98,"Domestic Draft Beer (0.5 Liter), Restaurants"
Armenia,27.9,20,33.7,3.15,"Imported Beer (0.33 Liter Bottle), Restaurants"
Armenia,27.9,20,33.7,0.93,"Soft Drink (Coca-Cola or Pepsi, 0.33 Liter Bottle), Restaurants"
Armenia,27.9,20,33.7,0.49,"Bottled Water (0.33 Liter), Restaurants"
Armenia,27.9,20,33.7,1.56,"Milk (Regular, 1 Liter), Markets"
Armenia,27.9,20,33.7,0.81,"Fresh White Bread (500 g Loaf), Markets"
Armenia,27.9,20,33.7,2.25,"Eggs (12, Large Size), Markets"
Armenia,27.9,20,33.7,7.71,"Local Cheese (1 kg), Markets"
Armenia,27.9,20,33.7,0.69,"Bottled Water (1.5 Liter), Markets"
Armenia,27.9,20,33.7,10.49,"Bottle of Wine (Mid-Range), Markets"
Armenia,27.9,20,33.7,1.36,"Domestic Beer (0.5 Liter Bottle), Markets"
Armenia,27.9,20,33.7,2.16,"Imported Beer (0.33 Liter Bottle), Markets"
Armenia,27.9,20,33.7,2.62,"Cigarettes (Pack of 20, Marlboro), Markets"
Armenia,27.9,20,33.7,7.53,"Chicken Fillets (1 kg), Markets"
Armenia,27.9,20,33.7,1.3,"Apples (1 kg), Markets"
Armenia,27.9,20,33.7,1.77,"Oranges (1 kg), Markets"
Armenia,27.9,20,33.7,0.78,"Potatoes (1 kg), Markets"
Armenia,27.9,20,33.7,0.94,"Lettuce (1 Head), Markets"
Armenia,27.9,20,33.7,3.11,"Cappuccino (Regular Size), Restaurants"
Armenia,27.9,20,33.7,2.29,"White Rice (1 kg), Markets"
Armenia,27.9,20,33.7,2.11,"Tomatoes (1 kg), Markets"
Armenia,27.9,20,33.7,1.67,"Bananas (1 kg), Markets"
Armenia,27.9,20,33.7,0.74,"Onions (1 kg), Markets"
Armenia,27.9,20,33.7,12.01,"Beef Round or Equivalent Back Leg Red Meat (1 kg), Markets"
Bolivia,27.8,22.4,33.1,2.89,"Meal at an Inexpensive Restaurant, Restaurants"
Bolivia,27.8,22.4,33.1,17.36,"Meal for Two at a Mid-Range Restaurant (Three Courses, Without Drinks), Restaurants"
Bolivia,27.8,22.4,33.1,7.23,"Combo Meal at McDonald's (or Equivalent Fast-Food Meal), Restaurants"
Bolivia,27.8,22.4,33.1,1.84,"Domestic Draft Beer (0.5 Liter), Restaurants"
Bolivia,27.8,22.4,33.1,2.75,"Imported Beer (0.33 Liter Bottle), Restaurants"
Bolivia,27.8,22.4,33.1,0.9,"Soft Drink (Coca-Cola or Pepsi, 0.33 Liter Bottle), Restaurants"
Bolivia,27.8,22.4,33.1,0.73,"Bottled Water (0.33 Liter), Restaurants"
Bolivia,27.8,22.4,33.1,1.01,"Milk (Regular, 1 Liter), Markets"
Bolivia,27.8,22.4,33.1,1.4,"Fresh White Bread (500 g Loaf), Markets"
Bolivia,27.8,22.4,33.1,1.96,"Eggs (12, Large Size), Markets"
Bolivia,27.8,22.4,33.1,5.11,"Local Cheese (1 kg), Markets"
Bolivia,27.8,22.4,33.1,1.13,"Bottled Water (1.5 Liter), Markets"
Bolivia,27.8,22.4,33.1,6.51,"Bottle of Wine (Mid-Range), Markets"
Bolivia,27.8,22.4,33.1,1.79,"Domestic Beer (0.5 Liter Bottle), Markets"
Bolivia,27.8,22.4,33.1,2.78,"Imported Beer (0.33 Liter Bottle), Markets"
Bolivia,27.8,22.4,33.1,2.6,"Cigarettes (Pack of 20, Marlboro), Markets"
Bolivia,27.8,22.4,33.1,4.25,"Chicken Fillets (1 kg), Markets"
Bolivia,27.8,22.4,33.1,2.53,"Apples (1 kg), Markets"
Bolivia,27.8,22.4,33.1,1.19,"Oranges (1 kg), Markets"
Bolivia,27.8,22.4,33.1,1.03,"Potatoes (1 kg), Markets"
Bolivia,27.8,22.4,33.1,0.81,"Lettuce (1 Head), Markets"
Bolivia,27.8,22.4,33.1,2.71,"Cappuccino (Regular Size), Restaurants"
Bolivia,27.8,22.4,33.1,1.31,"White Rice (1 kg), Markets"
Bolivia,27.8,22.4,33.1,1.23,"Tomatoes (1 kg), Markets"
Bolivia,27.8,22.4,33.1,0.99,"Bananas (1 kg), Markets"
Bolivia,27.8,22.4,33.1,0.83,"Onions (1 kg), Markets"
Bolivia,27.8,22.4,33.1,6.53,"Beef Round or Equivalent Back Leg Red Meat (1 kg), Markets"
Azerbaijan,27.5,19.5,34.9,8.82,"Meal at an Inexpensive Restaurant, Restaurants"
Azerbaijan,27.5,19.5,34.9,35.29,"Meal for Two at a Mid-Range Restaurant (Three Courses, Without Drinks), Restaurants"
Azerbaijan,27.5,19.5,34.9,7.65,"Combo Meal at McDonald's (or Equivalent Fast-Food Meal), Restaurants"
Azerbaijan,27.5,19.5,34.9,1.76,"Domestic Draft Beer (0.5 Liter), Restaurants"
Azerbaijan,27.5,19.5,34.9,2.94,"Imported Beer (0.33 Liter Bottle), Restaurants"
Azerbaijan,27.5,19.5,34.9,0.88,"Soft Drink (Coca-Cola or Pepsi, 0.33 Liter Bottle), Restaurants"
Azerbaijan,27.5,19.5,34.9,0.48,"Bottled Water (0.33 Liter), Restaurants"
Azerbaijan,27.5,19.5,34.9,1.41,"Milk (Regular, 1 Liter), Markets"
Azerbaijan,27.5,19.5,34.9,0.45,"Fresh White Bread (500 g Loaf), Markets"
Azerbaijan,27.5,19.5,34.9,1.5,"Eggs (12, Large Size), Markets"
Azerbaijan,27.5,19.5,34.9,4.49,"Local Cheese (1 kg), Markets"
Azerbaijan,27.5,19.5,34.9,0.6,"Bottled Water (1.5 Liter), Markets"
Azerbaijan,27.5,19.5,34.9,8.24,"Bottle of Wine (Mid-Range), Markets"
Azerbaijan,27.5,19.5,34.9,1.38,"Domestic Beer (0.5 Liter Bottle), Markets"
Azerbaijan,27.5,19.5,34.9,2.7,"Imported Beer (0.33 Liter Bottle), Markets"
Azerbaijan,27.5,19.5,34.9,3.53,"Cigarettes (Pack of 20, Marlboro), Markets"
Azerbaijan,27.5,19.5,34.9,4.63,"Chicken Fillets (1 kg), Markets"
Azerbaijan,27.5,19.5,34.9,1.14,"Apples (1 kg), Markets"
Azerbaijan,27.5,19.5,34.9,1.57,"Oranges (1 kg), Markets"
Azerbaijan,27.5,19.5,34.9,0.7,"Potatoes (1 kg), Markets"
Azerbaijan,27.5,19.5,34.9,0.45,"Lettuce (1 Head), Markets"
Azerbaijan,27.5,19.5,34.9,3.32,"Cappuccino (Regular Size), Restaurants"
Azerbaijan,27.5,19.5,34.9,2.05,"White Rice (1 kg), Markets"
Azerbaijan,27.5,19.5,34.9,1.6,"Tomatoes (1 kg), Markets"
Azerbaijan,27.5,19.5,34.9,1.74,"Bananas (1 kg), Markets"
Azerbaijan,27.5,19.5,34.9,0.54,"Onions (1 kg), Markets"
Azerbaijan,27.5,19.5,34.9,10.32,"Beef Round or Equivalent Back Leg Red Meat (1 kg), Markets"
Canada,27.3,28.7,25.9,17.92,"Meal at an Inexpensive Restaurant, Restaurants"
Canada,27.3,28.7,25.9,71.66,"Meal for Two at a Mid-Range Restaurant (Three Courses, Without Drinks), Restaurants"
Canada,27.3,28.7,25.9,10.75,"Combo Meal at McDonald's (or Equivalent Fast-Food Meal), Restaurants"
Canada,27.3,28.7,25.9,5.73,"Domestic Draft Beer (0.5 Liter), Restaurants"
Canada,27.3,28.7,25.9,5.73,"Imported Beer (0.33 Liter Bottle), Restaurants"
Canada,27.3,28.7,25.9,2.08,"Soft Drink (Coca-Cola or Pepsi, 0.33 Liter Bottle), Restaurants"
Canada,27.3,28.7,25.9,1.68,"Bottled Water (0.33 Liter), Restaurants"
Canada,27.3,28.7,25.9,2.21,"Milk (Regular, 1 Liter), Markets"
Canada,27.3,28.7,25.9,2.64,"Fresh White Bread (500 g Loaf), Markets"
Canada,27.3,28.7,25.9,3.47,"Eggs (12, Large Size), Markets"
Canada,27.3,28.7,25.9,11.1,"Local Cheese (1 kg), Markets"
Canada,27.3,28.7,25.9,1.76,"Bottled Water (1.5 Liter), Markets"
Canada,27.3,28.7,25.9,12.9,"Bottle of Wine (Mid-Range), Markets"
Canada,27.3,28.7,25.9,2.9,"Domestic Beer (0.5 Liter Bottle), Markets"
Canada,27.3,28.7,25.9,3.24,"Imported Beer (0.33 Liter Bottle), Markets"
Canada,27.3,28.7,25.9,14.33,"Cigarettes (Pack of 20, Marlboro), Markets"
Canada,27.3,28.7,25.9,11.98,"Chicken Fillets (1 kg), Markets"
Canada,27.3,28.7,25.9,4.1,"Apples (1 kg), Markets"
Canada,27.3,28.7,25.9,3.87,"Oranges (1 kg), Markets"
Canada,27.3,28.7,25.9,2.68,"Potatoes (1 kg), Markets"
Canada,27.3,28.7,25.9,2.56,"Lettuce (1 Head), Markets"
Canada,27.3,28.7,25.9,3.76,"Cappuccino (Regular Size), Restaurants"
Canada,27.3,28.7,25.9,3.62,"White Rice (1 kg), Markets"
Canada,27.3,28.7,25.9,4.05,"Tomatoes (1 kg), Markets"
Canada,27.3,28.7,25.9,1.44,"Bananas (1 kg), Markets"
Canada,27.3,28.7,25.9,2.6,"Onions (1 kg), Markets"
Canada,27.3,28.7,25.9,15.05,"Beef Round or Equivalent Back Leg Red Meat (1 kg), Markets"
Eswatini,27.3,13.1,41,1.77,"Meal at an Inexpensive Restaurant, Restaurants"
Eswatini,27.3,13.1,41,30.16,"Meal for Two at a Mid-Range Restaurant (Three Courses, Without Drinks), Restaurants"
Eswatini,27.3,13.1,41,2.47,"Combo Meal at McDonald's (or Equivalent Fast-Food Meal), Restaurants"
Eswatini,27.3,13.1,41,1.77,"Domestic Draft Beer (0.5 Liter), Restaurants"
Eswatini,27.3,13.1,41,1.77,"Imported Beer (0.33 Liter Bottle), Restaurants"
Eswatini,27.3,13.1,41,0.93,"Soft Drink (Coca-Cola or Pepsi, 0.33 Liter Bottle), Restaurants"
Eswatini,27.3,13.1,41,0.54,"Bottled Water (0.33 Liter), Restaurants"
Eswatini,27.3,13.1,41,1.09,"Milk (Regular, 1 Liter), Markets"
Eswatini,27.3,13.1,41,0.81,"Fresh White Bread (500 g Loaf), Markets"
Eswatini,27.3,13.1,41,1.59,"Eggs (12, Large Size), Markets"
Eswatini,27.3,13.1,41,9.42,"Local Cheese (1 kg), Markets"
Eswatini,27.3,13.1,41,0.79,"Bottled Water (1.5 Liter), Markets"
Eswatini,27.3,13.1,41,4.65,"Bottle of Wine (Mid-Range), Markets"
Eswatini,27.3,13.1,41,1.06,"Domestic Beer (0.5 Liter Bottle), Markets"
Eswatini,27.3,13.1,41,1.47,"Imported Beer (0.33 Liter Bottle), Markets"
Eswatini,27.3,13.1,41,2.82,"Cigarettes (Pack of 20, Marlboro), Markets"
Eswatini,27.3,13.1,41,4.13,"Chicken Fillets (1 kg), Markets"
Eswatini,27.3,13.1,41,1.41,"Apples (1 kg), Markets"
Eswatini,27.3,13.1,41,1.16,"Oranges (1 kg), Markets"
Eswatini,27.3,13.1,41,0.99,"Potatoes (1 kg), Markets"
Eswatini,27.3,13.1,41,0.58,"Lettuce (1 Head), Markets"
Eswatini,27.3,13.1,41,1.91,"Cappuccino (Regular Size), Restaurants"
Eswatini,27.3,13.1,41,1.31,"White Rice (1 kg), Markets"
Eswatini,27.3,13.1,41,1.45,"Tomatoes (1 kg), Markets"
Eswatini,27.3,13.1,41,0.79,"Bananas (1 kg), Markets"
Eswatini,27.3,13.1,41,1.06,"Onions (1 kg), Markets"
Eswatini,27.3,13.1,41,4.78,"Beef Round or Equivalent Back Leg Red Meat (1 kg), Markets"
Peru,27.2,22.9,31.3,4.16,"Meal at an Inexpensive Restaurant, Restaurants"
Peru,27.2,22.9,31.3,29.73,"Meal for Two at a Mid-Range Restaurant (Three Courses, Without Drinks), Restaurants"
Peru,27.2,22.9,31.3,7.14,"Combo Meal at McDonald's (or Equivalent Fast-Food Meal), Restaurants"
Peru,27.2,22.9,31.3,2.38,"Domestic Draft Beer (0.5 Liter), Restaurants"
Peru,27.2,22.9,31.3,4.46,"Imported Beer (0.33 Liter Bottle), Restaurants"
Peru,27.2,22.9,31.3,0.97,"Soft Drink (Coca-Cola or Pepsi, 0.33 Liter Bottle), Restaurants"
Peru,27.2,22.9,31.3,0.57,"Bottled Water (0.33 Liter), Restaurants"
Peru,27.2,22.9,31.3,1.54,"Milk (Regular, 1 Liter), Markets"
Peru,27.2,22.9,31.3,2.52,"Fresh White Bread (500 g Loaf), Markets"
Peru,27.2,22.9,31.3,2.9,"Eggs (12, Large Size), Markets"
Peru,27.2,22.9,31.3,8.27,"Local Cheese (1 kg), Markets"
Peru,27.2,22.9,31.3,0.89,"Bottled Water (1.5 Liter), Markets"
Peru,27.2,22.9,31.3,8.92,"Bottle of Wine (Mid-Range), Markets"
Peru,27.2,22.9,31.3,1.98,"Domestic Beer (0.5 Liter Bottle), Markets"
Peru,27.2,22.9,31.3,3.06,"Imported Beer (0.33 Liter Bottle), Markets"
Peru,27.2,22.9,31.3,5.95,"Cigarettes (Pack of 20, Marlboro), Markets"
Peru,27.2,22.9,31.3,6.21,"Chicken Fillets (1 kg), Markets"
Peru,27.2,22.9,31.3,1.98,"Apples (1 kg), Markets"
Peru,27.2,22.9,31.3,1.17,"Oranges (1 kg), Markets"
Peru,27.2,22.9,31.3,0.95,"Potatoes (1 kg), Markets"
Peru,27.2,22.9,31.3,0.79,"Lettuce (1 Head), Markets"
Peru,27.2,22.9,31.3,2.83,"Cappuccino (Regular Size), Restaurants"
Peru,27.2,22.9,31.3,1.43,"White Rice (1 kg), Markets"
Peru,27.2,22.9,31.3,1.21,"Tomatoes (1 kg), Markets"
Peru,27.2,22.9,31.3,1.08,"Bananas (1 kg), Markets"
Peru,27.2,22.9,31.3,0.88,"Onions (1 kg), Markets"
Peru,27.2,22.9,31.3,9.86,"Beef Round or Equivalent Back Leg Red Meat (1 kg), Markets"
Portugal,27.1,25,28.8,12.81,"Meal at an Inexpensive Restaurant, Restaurants"
Portugal,27.1,25,28.8,52.4,"Meal for Two at a Mid-Range Restaurant (Three Courses, Without Drinks), Restaurants"
Portugal,27.1,25,28.8,9.32,"Combo Meal at McDonald's (or Equivalent Fast-Food Meal), Restaurants"
Portugal,27.1,25,28.8,2.91,"Domestic Draft Beer (0.5 Liter), Restaurants"
Portugal,27.1,25,28.8,3.49,"Imported Beer (0.33 Liter Bottle), Restaurants"
Portugal,27.1,25,28.8,2.05,"Soft Drink (Coca-Cola or Pepsi, 0.33 Liter Bottle), Restaurants"
Portugal,27.1,25,28.8,1.39,"Bottled Water (0.33 Liter), Restaurants"
Portugal,27.1,25,28.8,1.1,"Milk (Regular, 1 Liter), Markets"
Portugal,27.1,25,28.8,1.65,"Fresh White Bread (500 g Loaf), Markets"
Portugal,27.1,25,28.8,3.28,"Eggs (12, Large Size), Markets"
Portugal,27.1,25,28.8,11.93,"Local Cheese (1 kg), Markets"
Portugal,27.1,25,28.8,0.8,"Bottled Water (1.5 Liter), Markets"
Portugal,27.1,25,28.8,5.81,"Bottle of Wine (Mid-Range), Markets"
Portugal,27.1,25,28.8,1.28,"Domestic Beer (0.5 Liter Bottle), Markets"
Portugal,27.1,25,28.8,2.45,"Imported Beer (0.33 Liter Bottle), Markets"
Portugal,27.1,25,28.8,6.4,"Cigarettes (Pack of 20, Marlboro), Markets"
Portugal,27.1,25,28.8,7.76,"Chicken Fillets (1 kg), Markets"
Portugal,27.1,25,28.8,2.27,"Apples (1 kg), Markets"
Portugal,27.1,25,28.8,1.88,"Oranges (1 kg), Markets"
Portugal,27.1,25,28.8,1.73,"Potatoes (1 kg), Markets"
Portugal,27.1,25,28.8,1.58,"Lettuce (1 Head), Markets"
Portugal,27.1,25,28.8,2.09,"Cappuccino (Regular Size), Restaurants"
Portugal,27.1,25,28.8,1.66,"White Rice (1 kg), Markets"
Portugal,27.1,25,28.8,2.55,"Tomatoes (1 kg), Markets"
Portugal,27.1,25,28.8,1.5,"Bananas (1 kg), Markets"
Portugal,27.1,25,28.8,2.01,"Onions (1 kg), Markets"
Portugal,27.1,25,28.8,14.63,"Beef Round or Equivalent Back Leg Red Meat (1 kg), Markets"
Ecuador,27,21.9,31.9,3.5,"Meal at an Inexpensive Restaurant, Restaurants"
Ecuador,27,21.9,31.9,30,"Meal for Two at a Mid-Range Restaurant (Three Courses, Without Drinks), Restaurants"
Ecuador,27,21.9,31.9,7,"Combo Meal at McDonald's (or Equivalent Fast-Food Meal), Restaurants"
Ecuador,27,21.9,31.9,2,"Domestic Draft Beer (0.5 Liter), Restaurants"
Ecuador,27,21.9,31.9,3.5,"Imported Beer (0.33 Liter Bottle), Restaurants"
Ecuador,27,21.9,31.9,0.96,"Soft Drink (Coca-Cola or Pepsi, 0.33 Liter Bottle), Restaurants"
Ecuador,27,21.9,31.9,0.7,"Bottled Water (0.33 Liter), Restaurants"
Ecuador,27,21.9,31.9,1.09,"Milk (Regular, 1 Liter), Markets"
Ecuador,27,21.9,31.9,1.63,"Fresh White Bread (500 g Loaf), Markets"
Ecuador,27,21.9,31.9,2.19,"Eggs (12, Large Size), Markets"
Ecuador,27,21.9,31.9,6.5,"Local Cheese (1 kg), Markets"
Ecuador,27,21.9,31.9,1.07,"Bottled Water (1.5 Liter), Markets"
Ecuador,27,21.9,31.9,10,"Bottle of Wine (Mid-Range), Markets"
Ecuador,27,21.9,31.9,1.62,"Domestic Beer (0.5 Liter Bottle), Markets"
Ecuador,27,21.9,31.9,2.79,"Imported Beer (0.33 Liter Bottle), Markets"
Ecuador,27,21.9,31.9,6,"Cigarettes (Pack of 20, Marlboro), Markets"
Ecuador,27,21.9,31.9,5.93,"Chicken Fillets (1 kg), Markets"
Ecuador,27,21.9,31.9,2.1,"Apples (1 kg), Markets"
Ecuador,27,21.9,31.9,1.24,"Oranges (1 kg), Markets"
Ecuador,27,21.9,31.9,1.22,"Potatoes (1 kg), Markets"
Ecuador,27,21.9,31.9,0.68,"Lettuce (1 Head), Markets"
Ecuador,27,21.9,31.9,2.55,"Cappuccino (Regular Size), Restaurants"
Ecuador,27,21.9,31.9,1.45,"White Rice (1 kg), Markets"
Ecuador,27,21.9,31.9,1.2,"Tomatoes (1 kg), Markets"
Ecuador,27,21.9,31.9,1.09,"Bananas (1 kg), Markets"
Ecuador,27,21.9,31.9,1.03,"Onions (1 kg), Markets"
Ecuador,27,21.9,31.9,7.4,"Beef Round or Equivalent Back Leg Red Meat (1 kg), Markets"
Estonia,26.7,25.2,28,15.43,"Meal at an Inexpensive Restaurant, Restaurants"
Estonia,26.7,25.2,28,75.69,"Meal for Two at a Mid-Range Restaurant (Three Courses, Without Drinks), Restaurants"
Estonia,26.7,25.2,28,10.98,"Combo Meal at McDonald's (or Equivalent Fast-Food Meal), Restaurants"
Estonia,26.7,25.2,28,5.82,"Domestic Draft Beer (0.5 Liter), Restaurants"
Estonia,26.7,25.2,28,5.82,"Imported Beer (0.33 Liter Bottle), Restaurants"
Estonia,26.7,25.2,28,2.55,"Soft Drink (Coca-Cola or Pepsi, 0.33 Liter Bottle), Restaurants"
Estonia,26.7,25.2,28,2.53,"Bottled Water (0.33 Liter), Restaurants"
Estonia,26.7,25.2,28,1.23,"Milk (Regular, 1 Liter), Markets"
Estonia,26.7,25.2,28,1.49,"Fresh White Bread (500 g Loaf), Markets"
Estonia,26.7,25.2,28,2.87,"Eggs (12, Large Size), Markets"
Estonia,26.7,25.2,28,12.43,"Local Cheese (1 kg), Markets"
Estonia,26.7,25.2,28,1.08,"Bottled Water (1.5 Liter), Markets"
Estonia,26.7,25.2,28,10.48,"Bottle of Wine (Mid-Range), Markets"
Estonia,26.7,25.2,28,1.92,"Domestic Beer (0.5 Liter Bottle), Markets"
Estonia,26.7,25.2,28,2.34,"Imported Beer (0.33 Liter Bottle), Markets"
Estonia,26.7,25.2,28,6.87,"Cigarettes (Pack of 20, Marlboro), Markets"
Estonia,26.7,25.2,28,9.49,"Chicken Fillets (1 kg), Markets"
Estonia,26.7,25.2,28,2.21,"Apples (1 kg), Markets"
Estonia,26.7,25.2,28,2.61,"Oranges (1 kg), Markets"
Estonia,26.7,25.2,28,1,"Potatoes (1 kg), Markets"
Estonia,26.7,25.2,28,2.04,"Lettuce (1 Head), Markets"
Estonia,26.7,25.2,28,4.12,"Cappuccino (Regular Size), Restaurants"
Estonia,26.7,25.2,28,2.88,"White Rice (1 kg), Markets"
Estonia,26.7,25.2,28,2.82,"Tomatoes (1 kg), Markets"
Estonia,26.7,25.2,28,1.55,"Bananas (1 kg), Markets"
Estonia,26.7,25.2,28,0.89,"Onions (1 kg), Markets"
Estonia,26.7,25.2,28,20.06,"Beef Round or Equivalent Back Leg Red Meat (1 kg), Markets"
Belarus,26.6,22.2,30.1,10.36,"Meal at an Inexpensive Restaurant, Restaurants"
Belarus,26.6,22.2,30.1,36.26,"Meal for Two at a Mid-Range Restaurant (Three Courses, Without Drinks), Restaurants"
Belarus,26.6,22.2,30.1,6.56,"Combo Meal at McDonald's (or Equivalent Fast-Food Meal), Restaurants"
Belarus,26.6,22.2,30.1,1.38,"Domestic Draft Beer (0.5 Liter), Restaurants"
Belarus,26.6,22.2,30.1,2.42,"Imported Beer (0.33 Liter Bottle), Restaurants"
Belarus,26.6,22.2,30.1,0.79,"Soft Drink (Coca-Cola or Pepsi, 0.33 Liter Bottle), Restaurants"
Belarus,26.6,22.2,30.1,0.46,"Bottled Water (0.33 Liter), Restaurants"
Belarus,26.6,22.2,30.1,0.86,"Milk (Regular, 1 Liter), Markets"
Belarus,26.6,22.2,30.1,0.65,"Fresh White Bread (500 g Loaf), Markets"
Belarus,26.6,22.2,30.1,1.58,"Eggs (12, Large Size), Markets"
Belarus,26.6,22.2,30.1,7.6,"Local Cheese (1 kg), Markets"
Belarus,26.6,22.2,30.1,0.66,"Bottled Water (1.5 Liter), Markets"
Belarus,26.6,22.2,30.1,8.63,"Bottle of Wine (Mid-Range), Markets"
Belarus,26.6,22.2,30.1,1.11,"Domestic Beer (0.5 Liter Bottle), Markets"
Belarus,26.6,22.2,30.1,1.97,"Imported Beer (0.33 Liter Bottle), Markets"
Belarus,26.6,22.2,30.1,2.42,"Cigarettes (Pack of 20, Marlboro), Markets"
Belarus,26.6,22.2,30.1,4.77,"Chicken Fillets (1 kg), Markets"
Belarus,26.6,22.2,30.1,1.48,"Apples (1 kg), Markets"
Belarus,26.6,22.2,30.1,2.13,"Oranges (1 kg), Markets"
Belarus,26.6,22.2,30.1,0.66,"Potatoes (1 kg), Markets"
Belarus,26.6,22.2,30.1,1.46,"Lettuce (1 Head), Markets"
Belarus,26.6,22.2,30.1,1.98,"Cappuccino (Regular Size), Restaurants"
Belarus,26.6,22.2,30.1,1.3,"White Rice (1 kg), Markets"
Belarus,26.6,22.2,30.1,2.31,"Tomatoes (1 kg), Markets"
Belarus,26.6,22.2,30.1,1.91,"Bananas (1 kg), Markets"
Belarus,26.6,22.2,30.1,0.72,"Onions (1 kg), Markets"
Belarus,26.6,22.2,30.1,8.52,"Beef Round or Equivalent Back Leg Red Meat (1 kg), Markets"
Albania,26.6,23.3,29.8,12.09,"Meal at an Inexpensive Restaurant, Restaurants"
Albania,26.6,23.3,29.8,48.36,"Meal for Two at a Mid-Range Restaurant (Three Courses, Without Drinks), Restaurants"
Albania,26.6,23.3,29.8,9.67,"Combo Meal at McDonald's (or Equivalent Fast-Food Meal), Restaurants"
Albania,26.6,23.3,29.8,2.72,"Domestic Draft Beer (0.5 Liter), Restaurants"
Albania,26.6,23.3,29.8,4.23,"Imported Beer (0.33 Liter Bottle), Restaurants"
Albania,26.6,23.3,29.8,1.97,"Soft Drink (Coca-Cola or Pepsi, 0.33 Liter Bottle), Restaurants"
Albania,26.6,23.3,29.8,0.92,"Bottled Water (0.33 Liter), Restaurants"
Albania,26.6,23.3,29.8,2.12,"Milk (Regular, 1 Liter), Markets"
Albania,26.6,23.3,29.8,1.08,"Fresh White Bread (500 g Loaf), Markets"
Albania,26.6,23.3,29.8,3.83,"Eggs (12, Large Size), Markets"
Albania,26.6,23.3,29.8,12.75,"Local Cheese (1 kg), Markets"
Albania,26.6,23.3,29.8,0.74,"Bottled Water (1.5 Liter), Markets"
Albania,26.6,23.3,29.8,9.67,"Bottle of Wine (Mid-Range), Markets"
Albania,26.6,23.3,29.8,1.59,"Domestic Beer (0.5 Liter Bottle), Markets"
Albania,26.6,23.3,29.8,2.13,"Imported Beer (0.33 Liter Bottle), Markets"
Albania,26.6,23.3,29.8,4.47,"Cigarettes (Pack of 20, Marlboro), Markets"
Albania,26.6,23.3,29.8,8.21,"Chicken Fillets (1 kg), Markets"
Albania,26.6,23.3,29.8,1.62,"Apples (1 kg), Markets"
Albania,26.6,23.3,29.8,1.83,"Oranges (1 kg), Markets"
Albania,26.6,23.3,29.8,1.17,"Potatoes (1 kg), Markets"
Albania,26.6,23.3,29.8,1.36,"Lettuce (1 Head), Markets"
Albania,26.6,23.3,29.8,2.01,"Cappuccino (Regular Size), Restaurants"
Albania,26.6,23.3,29.8,2.25,"White Rice (1 kg), Markets"
Albania,26.6,23.3,29.8,1.63,"Tomatoes (1 kg), Markets"
Albania,26.6,23.3,29.8,2.59,"Bananas (1 kg), Markets"
Albania,26.6,23.3,29.8,1.2,"Onions (1 kg), Markets"
Albania,26.6,23.3,29.8,15.07,"Beef Round or Equivalent Back Leg Red Meat (1 kg), Markets"
Serbia,26.1,28,24.3,9.92,"Meal at an Inexpensive Restaurant, Restaurants"
Serbia,26.1,28,24.3,44.63,"Meal for Two at a Mid-Range Restaurant (Three Courses, Without Drinks), Restaurants"
Serbia,26.1,28,24.3,10.71,"Combo Meal at McDonald's (or Equivalent Fast-Food Meal), Restaurants"
Serbia,26.1,28,24.3,2.98,"Domestic Draft Beer (0.5 Liter), Restaurants"
Serbia,26.1,28,24.3,3.47,"Imported Beer (0.33 Liter Bottle), Restaurants"
Serbia,26.1,28,24.3,2.2,"Soft Drink (Coca-Cola or Pepsi, 0.33 Liter Bottle), Restaurants"
Serbia,26.1,28,24.3,1.7,"Bottled Water (0.33 Liter), Restaurants"
Serbia,26.1,28,24.3,1.39,"Milk (Regular, 1 Liter), Markets"
Serbia,26.1,28,24.3,0.83,"Fresh White Bread (500 g Loaf), Markets"
Serbia,26.1,28,24.3,2.58,"Eggs (12, Large Size), Markets"
Serbia,26.1,28,24.3,9.9,"Local Cheese (1 kg), Markets"
Serbia,26.1,28,24.3,0.68,"Bottled Water (1.5 Liter), Markets"
Serbia,26.1,28,24.3,6.94,"Bottle of Wine (Mid-Range), Markets"
Serbia,26.1,28,24.3,0.85,"Domestic Beer (0.5 Liter Bottle), Markets"
Serbia,26.1,28,24.3,1.74,"Imported Beer (0.33 Liter Bottle), Markets"
Serbia,26.1,28,24.3,4.46,"Cigarettes (Pack of 20, Marlboro), Markets"
Serbia,26.1,28,24.3,7.13,"Chicken Fillets (1 kg), Markets"
Serbia,26.1,28,24.3,1.36,"Apples (1 kg), Markets"
Serbia,26.1,28,24.3,1.75,"Oranges (1 kg), Markets"
Serbia,26.1,28,24.3,0.99,"Potatoes (1 kg), Markets"
Serbia,26.1,28,24.3,0.76,"Lettuce (1 Head), Markets"
Serbia,26.1,28,24.3,2.26,"Cappuccino (Regular Size), Restaurants"
Serbia,26.1,28,24.3,2.45,"White Rice (1 kg), Markets"
Serbia,26.1,28,24.3,2.23,"Tomatoes (1 kg), Markets"
Serbia,26.1,28,24.3,1.91,"Bananas (1 kg), Markets"
Serbia,26.1,28,24.3,0.83,"Onions (1 kg), Markets"
Serbia,26.1,28,24.3,12.78,"Beef Round or Equivalent Back Leg Red Meat (1 kg), Markets"
Moldova,25.6,22.4,28.5,8.83,"Meal at an Inexpensive Restaurant, Restaurants"
Moldova,25.6,22.4,28.5,35.32,"Meal for Two at a Mid-Range Restaurant (Three Courses, Without Drinks), Restaurants"
Moldova,25.6,22.4,28.5,8.24,"Combo Meal at McDonald's (or Equivalent Fast-Food Meal), Restaurants"
Moldova,25.6,22.4,28.5,1.77,"Domestic Draft Beer (0.5 Liter), Restaurants"
Moldova,25.6,22.4,28.5,2.06,"Imported Beer (0.33 Liter Bottle), Restaurants"
Moldova,25.6,22.4,28.5,0.9,"Soft Drink (Coca-Cola or Pepsi, 0.33 Liter Bottle), Restaurants"
Moldova,25.6,22.4,28.5,0.6,"Bottled Water (0.33 Liter), Restaurants"
Moldova,25.6,22.4,28.5,1.23,"Milk (Regular, 1 Liter), Markets"
Moldova,25.6,22.4,28.5,0.62,"Fresh White Bread (500 g Loaf), Markets"
Moldova,25.6,22.4,28.5,2.52,"Eggs (12, Large Size), Markets"
Moldova,25.6,22.4,28.5,10.35,"Local Cheese (1 kg), Markets"
Moldova,25.6,22.4,28.5,0.87,"Bottled Water (1.5 Liter), Markets"
Moldova,25.6,22.4,28.5,5,"Bottle of Wine (Mid-Range), Markets"
Moldova,25.6,22.4,28.5,1.26,"Domestic Beer (0.5 Liter Bottle), Markets"
Moldova,25.6,22.4,28.5,2.06,"Imported Beer (0.33 Liter Bottle), Markets"
Moldova,25.6,22.4,28.5,3.53,"Cigarettes (Pack of 20, Marlboro), Markets"
Moldova,25.6,22.4,28.5,5.47,"Chicken Fillets (1 kg), Markets"
Moldova,25.6,22.4,28.5,0.94,"Apples (1 kg), Markets"
Moldova,25.6,22.4,28.5,1.82,"Oranges (1 kg), Markets"
Moldova,25.6,22.4,28.5,0.78,"Potatoes (1 kg), Markets"
Moldova,25.6,22.4,28.5,1.33,"Lettuce (1 Head), Markets"
Moldova,25.6,22.4,28.5,1.74,"Cappuccino (Regular Size), Restaurants"
Moldova,25.6,22.4,28.5,1.45,"White Rice (1 kg), Markets"
Moldova,25.6,22.4,28.5,2.05,"Tomatoes (1 kg), Markets"
Moldova,25.6,22.4,28.5,1.9,"Bananas (1 kg), Markets"
Moldova,25.6,22.4,28.5,0.57,"Onions (1 kg), Markets"
Moldova,25.6,22.4,28.5,8.79,"Beef Round or Equivalent Back Leg Red Meat (1 kg), Markets"
Iran,25.3,18.4,32.2,3.34,"Meal at an Inexpensive Restaurant, Restaurants"
Iran,25.3,18.4,32.2,18,"Meal for Two at a Mid-Range Restaurant (Three Courses, Without Drinks), Restaurants"
Iran,25.3,18.4,32.2,4,"Combo Meal at McDonald's (or Equivalent Fast-Food Meal), Restaurants"
Iran,25.3,18.4,32.2,0.78,"Domestic Draft Beer (0.5 Liter), Restaurants"
Iran,25.3,18.4,32.2,1.1,"Imported Beer (0.33 Liter Bottle), Restaurants"
Iran,25.3,18.4,32.2,0.58,"Soft Drink (Coca-Cola or Pepsi, 0.33 Liter Bottle), Restaurants"
Iran,25.3,18.4,32.2,0.92,"Bottled Water (0.33 Liter), Restaurants"
Iran,25.3,18.4,32.2,0.63,"Milk (Regular, 1 Liter), Markets"
Iran,25.3,18.4,32.2,0.49,"Fresh White Bread (500 g Loaf), Markets"
Iran,25.3,18.4,32.2,1.11,"Eggs (12, Large Size), Markets"
Iran,25.3,18.4,32.2,3.93,"Local Cheese (1 kg), Markets"
Iran,25.3,18.4,32.2,0.25,"Bottled Water (1.5 Liter), Markets"
Iran,25.3,18.4,32.2,0.8,"Bottle of Wine (Mid-Range), Markets"
Iran,25.3,18.4,32.2,0.54,"Domestic Beer (0.5 Liter Bottle), Markets"
Iran,25.3,18.4,32.2,1.37,"Imported Beer (0.33 Liter Bottle), Markets"
Iran,25.3,18.4,32.2,2.15,"Cigarettes (Pack of 20, Marlboro), Markets"
Iran,25.3,18.4,32.2,2.86,"Chicken Fillets (1 kg), Markets"
Iran,25.3,18.4,32.2,0.91,"Apples (1 kg), Markets"
Iran,25.3,18.4,32.2,0.89,"Oranges (1 kg), Markets"
Iran,25.3,18.4,32.2,0.54,"Potatoes (1 kg), Markets"
Iran,25.3,18.4,32.2,0.54,"Lettuce (1 Head), Markets"
Iran,25.3,18.4,32.2,1.13,"Cappuccino (Regular Size), Restaurants"
Iran,25.3,18.4,32.2,2.25,"White Rice (1 kg), Markets"
Iran,25.3,18.4,32.2,0.6,"Tomatoes (1 kg), Markets"
Iran,25.3,18.4,32.2,1.42,"Bananas (1 kg), Markets"
Iran,25.3,18.4,32.2,0.51,"Onions (1 kg), Markets"
Iran,25.3,18.4,32.2,9.31,"Beef Round or Equivalent Back Leg Red Meat (1 kg), Markets"
Guatemala,25.2,20.7,29.5,5.87,"Meal at an Inexpensive Restaurant, Restaurants"
Guatemala,25.2,20.7,29.5,51.23,"Meal for Two at a Mid-Range Restaurant (Three Courses, Without Drinks), Restaurants"
Guatemala,25.2,20.7,29.5,7.18,"Combo Meal at McDonald's (or Equivalent Fast-Food Meal), Restaurants"
Guatemala,25.2,20.7,29.5,3.26,"Domestic Draft Beer (0.5 Liter), Restaurants"
Guatemala,25.2,20.7,29.5,5.22,"Imported Beer (0.33 Liter Bottle), Restaurants"
Guatemala,25.2,20.7,29.5,1.25,"Soft Drink (Coca-Cola or Pepsi, 0.33 Liter Bottle), Restaurants"
Guatemala,25.2,20.7,29.5,1.01,"Bottled Water (0.33 Liter), Restaurants"
Guatemala,25.2,20.7,29.5,2.02,"Milk (Regular, 1 Liter), Markets"
Guatemala,25.2,20.7,29.5,2.58,"Fresh White Bread (500 g Loaf), Markets"
Guatemala,25.2,20.7,29.5,2.32,"Eggs (12, Large Size), Markets"
Guatemala,25.2,20.7,29.5,7.69,"Local Cheese (1 kg), Markets"
Guatemala,25.2,20.7,29.5,1.14,"Bottled Water (1.5 Liter), Markets"
Guatemala,25.2,20.7,29.5,7.83,"Bottle of Wine (Mid-Range), Markets"
Guatemala,25.2,20.7,29.5,2.08,"Domestic Beer (0.5 Liter Bottle), Markets"
Guatemala,25.2,20.7,29.5,2.9,"Imported Beer (0.33 Liter Bottle), Markets"
Guatemala,25.2,20.7,29.5,3.92,"Cigarettes (Pack of 20, Marlboro), Markets"
Guatemala,25.2,20.7,29.5,8.12,"Chicken Fillets (1 kg), Markets"
Guatemala,25.2,20.7,29.5,3.88,"Apples (1 kg), Markets"
Guatemala,25.2,20.7,29.5,3.24,"Oranges (1 kg), Markets"
Guatemala,25.2,20.7,29.5,1.59,"Potatoes (1 kg), Markets"
Guatemala,25.2,20.7,29.5,0.81,"Lettuce (1 Head), Markets"
Guatemala,25.2,20.7,29.5,3.55,"Cappuccino (Regular Size), Restaurants"
Guatemala,25.2,20.7,29.5,1.8,"White Rice (1 kg), Markets"
Guatemala,25.2,20.7,29.5,1.51,"Tomatoes (1 kg), Markets"
Guatemala,25.2,20.7,29.5,1.8,"Bananas (1 kg), Markets"
Guatemala,25.2,20.7,29.5,1.88,"Onions (1 kg), Markets"
Guatemala,25.2,20.7,29.5,10.23,"Beef Round or Equivalent Back Leg Red Meat (1 kg), Markets"
Cyprus,25.1,27.1,23.2,17.47,"Meal at an Inexpensive Restaurant, Restaurants"
Cyprus,25.1,27.1,23.2,69.87,"Meal for Two at a Mid-Range Restaurant (Three Courses, Without Drinks), Restaurants"
Cyprus,25.1,27.1,23.2,9.32,"Combo Meal at McDonald's (or Equivalent Fast-Food Meal), Restaurants"
Cyprus,25.1,27.1,23.2,4.66,"Domestic Draft Beer (0.5 Liter), Restaurants"
Cyprus,25.1,27.1,23.2,5.71,"Imported Beer (0.33 Liter Bottle), Restaurants"
Cyprus,25.1,27.1,23.2,1.98,"Soft Drink (Coca-Cola or Pepsi, 0.33 Liter Bottle), Restaurants"
Cyprus,25.1,27.1,23.2,1.13,"Bottled Water (0.33 Liter), Restaurants"
Cyprus,25.1,27.1,23.2,1.93,"Milk (Regular, 1 Liter), Markets"
Cyprus,25.1,27.1,23.2,2.04,"Fresh White Bread (500 g Loaf), Markets"
Cyprus,25.1,27.1,23.2,4.48,"Eggs (12, Large Size), Markets"
Cyprus,25.1,27.1,23.2,14.06,"Local Cheese (1 kg), Markets"
Cyprus,25.1,27.1,23.2,1.14,"Bottled Water (1.5 Liter), Markets"
Cyprus,25.1,27.1,23.2,8.15,"Bottle of Wine (Mid-Range), Markets"
Cyprus,25.1,27.1,23.2,1.8,"Domestic Beer (0.5 Liter Bottle), Markets"
Cyprus,25.1,27.1,23.2,2.63,"Imported Beer (0.33 Liter Bottle), Markets"
Cyprus,25.1,27.1,23.2,5.82,"Cigarettes (Pack of 20, Marlboro), Markets"
Cyprus,25.1,27.1,23.2,9.2,"Chicken Fillets (1 kg), Markets"
Cyprus,25.1,27.1,23.2,3.22,"Apples (1 kg), Markets"
Cyprus,25.1,27.1,23.2,2.4,"Oranges (1 kg), Markets"
Cyprus,25.1,27.1,23.2,1.68,"Potatoes (1 kg), Markets"
Cyprus,25.1,27.1,23.2,0.98,"Lettuce (1 Head), Markets"
Cyprus,25.1,27.1,23.2,3.94,"Cappuccino (Regular Size), Restaurants"
Cyprus,25.1,27.1,23.2,2.93,"White Rice (1 kg), Markets"
Cyprus,25.1,27.1,23.2,3.27,"Tomatoes (1 kg), Markets"
Cyprus,25.1,27.1,23.2,2.15,"Bananas (1 kg), Markets"
Cyprus,25.1,27.1,23.2,1.54,"Onions (1 kg), Markets"
Cyprus,25.1,27.1,23.2,13.86,"Beef Round or Equivalent Back Leg Red Meat (1 kg), Markets"
Kyrgyzstan,24.4,22.1,26.5,5.72,"Meal at an Inexpensive Restaurant, Restaurants"
Kyrgyzstan,24.4,22.1,26.5,22.87,"Meal for Two at a Mid-Range Restaurant (Three Courses, Without Drinks), Restaurants"
Kyrgyzstan,24.4,22.1,26.5,5.72,"Combo Meal at McDonald's (or Equivalent Fast-Food Meal), Restaurants"
Kyrgyzstan,24.4,22.1,26.5,1.37,"Domestic Draft Beer (0.5 Liter), Restaurants"
Kyrgyzstan,24.4,22.1,26.5,1.72,"Imported Beer (0.33 Liter Bottle), Restaurants"
Kyrgyzstan,24.4,22.1,26.5,0.7,"Soft Drink (Coca-Cola or Pepsi, 0.33 Liter Bottle), Restaurants"
Kyrgyzstan,24.4,22.1,26.5,0.34,"Bottled Water (0.33 Liter), Restaurants"
Kyrgyzstan,24.4,22.1,26.5,0.94,"Milk (Regular, 1 Liter), Markets"
Kyrgyzstan,24.4,22.1,26.5,0.41,"Fresh White Bread (500 g Loaf), Markets"
Kyrgyzstan,24.4,22.1,26.5,1.66,"Eggs (12, Large Size), Markets"
Kyrgyzstan,24.4,22.1,26.5,7.91,"Local Cheese (1 kg), Markets"
Kyrgyzstan,24.4,22.1,26.5,0.55,"Bottled Water (1.5 Liter), Markets"
Kyrgyzstan,24.4,22.1,26.5,7.72,"Bottle of Wine (Mid-Range), Markets"
Kyrgyzstan,24.4,22.1,26.5,1.19,"Domestic Beer (0.5 Liter Bottle), Markets"
Kyrgyzstan,24.4,22.1,26.5,1.83,"Imported Beer (0.33 Liter Bottle), Markets"
Kyrgyzstan,24.4,22.1,26.5,1.83,"Cigarettes (Pack of 20, Marlboro), Markets"
Kyrgyzstan,24.4,22.1,26.5,4.56,"Chicken Fillets (1 kg), Markets"
Kyrgyzstan,24.4,22.1,26.5,0.97,"Apples (1 kg), Markets"
Kyrgyzstan,24.4,22.1,26.5,2,"Oranges (1 kg), Markets"
Kyrgyzstan,24.4,22.1,26.5,0.57,"Potatoes (1 kg), Markets"
Kyrgyzstan,24.4,22.1,26.5,0.62,"Lettuce (1 Head), Markets"
Kyrgyzstan,24.4,22.1,26.5,2.1,"Cappuccino (Regular Size), Restaurants"
Kyrgyzstan,24.4,22.1,26.5,1.54,"White Rice (1 kg), Markets"
Kyrgyzstan,24.4,22.1,26.5,1.53,"Tomatoes (1 kg), Markets"
Kyrgyzstan,24.4,22.1,26.5,1.79,"Bananas (1 kg), Markets"
Kyrgyzstan,24.4,22.1,26.5,0.48,"Onions (1 kg), Markets"
Kyrgyzstan,24.4,22.1,26.5,7.99,"Beef Round or Equivalent Back Leg Red Meat (1 kg), Markets"
Germany,24.2,25.7,22.7,17.47,"Meal at an Inexpensive Restaurant, Restaurants"
Germany,24.2,25.7,22.7,75.69,"Meal for Two at a Mid-Range Restaurant (Three Courses, Without Drinks), Restaurants"
Germany,24.2,25.7,22.7,11.64,"Combo Meal at McDonald's (or Equivalent Fast-Food Meal), Restaurants"
Germany,24.2,25.7,22.7,5.24,"Domestic Draft Beer (0.5 Liter), Restaurants"
Germany,24.2,25.7,22.7,4.66,"Imported Beer (0.33 Liter Bottle), Restaurants"
Germany,24.2,25.7,22.7,3.42,"Soft Drink (Coca-Cola or Pepsi, 0.33 Liter Bottle), Restaurants"
Germany,24.2,25.7,22.7,3,"Bottled Water (0.33 Liter), Restaurants"
Germany,24.2,25.7,22.7,1.3,"Milk (Regular, 1 Liter), Markets"
Germany,24.2,25.7,22.7,2.23,"Fresh White Bread (500 g Loaf), Markets"
Germany,24.2,25.7,22.7,3.86,"Eggs (12, Large Size), Markets"
Germany,24.2,25.7,22.7,14.99,"Local Cheese (1 kg), Markets"
Germany,24.2,25.7,22.7,1.11,"Bottled Water (1.5 Liter), Markets"
Germany,24.2,25.7,22.7,6.98,"Bottle of Wine (Mid-Range), Markets"
Germany,24.2,25.7,22.7,1.08,"Domestic Beer (0.5 Liter Bottle), Markets"
Germany,24.2,25.7,22.7,1.58,"Imported Beer (0.33 Liter Bottle), Markets"
Germany,24.2,25.7,22.7,10.13,"Cigarettes (Pack of 20, Marlboro), Markets"
Germany,24.2,25.7,22.7,12.81,"Chicken Fillets (1 kg), Markets"
Germany,24.2,25.7,22.7,3.4,"Apples (1 kg), Markets"
Germany,24.2,25.7,22.7,2.3,"Oranges (1 kg), Markets"
Germany,24.2,25.7,22.7,1.57,"Potatoes (1 kg), Markets"
Germany,24.2,25.7,22.7,1.83,"Lettuce (1 Head), Markets"
Germany,24.2,25.7,22.7,4.13,"Cappuccino (Regular Size), Restaurants"
Germany,24.2,25.7,22.7,3.5,"White Rice (1 kg), Markets"
Germany,24.2,25.7,22.7,4.87,"Tomatoes (1 kg), Markets"
Germany,24.2,25.7,22.7,2,"Bananas (1 kg), Markets"
Germany,24.2,25.7,22.7,1.46,"Onions (1 kg), Markets"
Germany,24.2,25.7,22.7,20.72,"Beef Round or Equivalent Back Leg Red Meat (1 kg), Markets"
Algeria,24.2,15.8,32.9,2.74,"Meal at an Inexpensive Restaurant, Restaurants"
Algeria,24.2,15.8,32.9,23.29,"Meal for Two at a Mid-Range Restaurant (Three Courses, Without Drinks), Restaurants"
Algeria,24.2,15.8,32.9,3.97,"Combo Meal at McDonald's (or Equivalent Fast-Food Meal), Restaurants"
Algeria,24.2,15.8,32.9,1.48,"Domestic Draft Beer (0.5 Liter), Restaurants"
Algeria,24.2,15.8,32.9,2.33,"Imported Beer (0.33 Liter Bottle), Restaurants"
Algeria,24.2,15.8,32.9,0.59,"Soft Drink (Coca-Cola or Pepsi, 0.33 Liter Bottle), Restaurants"
Algeria,24.2,15.8,32.9,0.24,"Bottled Water (0.33 Liter), Restaurants"
Algeria,24.2,15.8,32.9,0.97,"Milk (Regular, 1 Liter), Markets"
Algeria,24.2,15.8,32.9,0.17,"Fresh White Bread (500 g Loaf), Markets"
Algeria,24.2,15.8,32.9,1.76,"Eggs (12, Large Size), Markets"
Algeria,24.2,15.8,32.9,8.9,"Local Cheese (1 kg), Markets"
Algeria,24.2,15.8,32.9,0.32,"Bottled Water (1.5 Liter), Markets"
Algeria,24.2,15.8,32.9,9.44,"Bottle of Wine (Mid-Range), Markets"
Algeria,24.2,15.8,32.9,1.61,"Domestic Beer (0.5 Liter Bottle), Markets"
Algeria,24.2,15.8,32.9,2.04,"Imported Beer (0.33 Liter Bottle), Markets"
Algeria,24.2,15.8,32.9,2.79,"Cigarettes (Pack of 20, Marlboro), Markets"
Algeria,24.2,15.8,32.9,4.73,"Chicken Fillets (1 kg), Markets"
Algeria,24.2,15.8,32.9,3.17,"Apples (1 kg), Markets"
Algeria,24.2,15.8,32.9,1.68,"Oranges (1 kg), Markets"
Algeria,24.2,15.8,32.9,0.6,"Potatoes (1 kg), Markets"
Algeria,24.2,15.8,32.9,0.63,"Lettuce (1 Head), Markets"
Algeria,24.2,15.8,32.9,0.8,"Cappuccino (Regular Size), Restaurants"
Algeria,24.2,15.8,32.9,1.46,"White Rice (1 kg), Markets"
Algeria,24.2,15.8,32.9,0.82,"Tomatoes (1 kg), Markets"
Algeria,24.2,15.8,32.9,3.12,"Bananas (1 kg), Markets"
Algeria,24.2,15.8,32.9,0.53,"Onions (1 kg), Markets"
Algeria,24.2,15.8,32.9,16.07,"Beef Round or Equivalent Back Leg Red Meat (1 kg), Markets"
Bulgaria,24.2,26.4,22.3,11.91,"Meal at an Inexpensive Restaurant, Restaurants"
Bulgaria,24.2,26.4,22.3,47.64,"Meal for Two at a Mid-Range Restaurant (Three Courses, Without Drinks), Restaurants"
Bulgaria,24.2,26.4,22.3,8.93,"Combo Meal at McDonald's (or Equivalent Fast-Food Meal), Restaurants"
Bulgaria,24.2,26.4,22.3,2.38,"Domestic Draft Beer (0.5 Liter), Restaurants"
Bulgaria,24.2,26.4,22.3,2.98,"Imported Beer (0.33 Liter Bottle), Restaurants"
Bulgaria,24.2,26.4,22.3,1.56,"Soft Drink (Coca-Cola or Pepsi, 0.33 Liter Bottle), Restaurants"
Bulgaria,24.2,26.4,22.3,1.1,"Bottled Water (0.33 Liter), Restaurants"
Bulgaria,24.2,26.4,22.3,1.83,"Milk (Regular, 1 Liter), Markets"
Bulgaria,24.2,26.4,22.3,1.09,"Fresh White Bread (500 g Loaf), Markets"
Bulgaria,24.2,26.4,22.3,3.44,"Eggs (12, Large Size), Markets"
Bulgaria,24.2,26.4,22.3,10.79,"Local Cheese (1 kg), Markets"
Bulgaria,24.2,26.4,22.3,0.72,"Bottled Water (1.5 Liter), Markets"
Bulgaria,24.2,26.4,22.3,7.15,"Bottle of Wine (Mid-Range), Markets"
Bulgaria,24.2,26.4,22.3,1.05,"Domestic Beer (0.5 Liter Bottle), Markets"
Bulgaria,24.2,26.4,22.3,1.78,"Imported Beer (0.33 Liter Bottle), Markets"
Bulgaria,24.2,26.4,22.3,3.87,"Cigarettes (Pack of 20, Marlboro), Markets"
Bulgaria,24.2,26.4,22.3,8.03,"Chicken Fillets (1 kg), Markets"
Bulgaria,24.2,26.4,22.3,1.76,"Apples (1 kg), Markets"
Bulgaria,24.2,26.4,22.3,1.85,"Oranges (1 kg), Markets"
Bulgaria,24.2,26.4,22.3,1.13,"Potatoes (1 kg), Markets"
Bulgaria,24.2,26.4,22.3,1.03,"Lettuce (1 Head), Markets"
Bulgaria,24.2,26.4,22.3,2.36,"Cappuccino (Regular Size), Restaurants"
Bulgaria,24.2,26.4,22.3,2.15,"White Rice (1 kg), Markets"
Bulgaria,24.2,26.4,22.3,2.56,"Tomatoes (1 kg), Markets"
Bulgaria,24.2,26.4,22.3,1.99,"Bananas (1 kg), Markets"
Bulgaria,24.2,26.4,22.3,1.06,"Onions (1 kg), Markets"
Bulgaria,24.2,26.4,22.3,12.69,"Beef Round or Equivalent Back Leg Red Meat (1 kg), Markets"
Mongolia,24,21.4,26.4,4.61,"Meal at an Inexpensive Restaurant, Restaurants"
Mongolia,24,21.4,26.4,27.92,"Meal for Two at a Mid-Range Restaurant (Three Courses, Without Drinks), Restaurants"
Mongolia,24,21.4,26.4,5.15,"Combo Meal at McDonald's (or Equivalent Fast-Food Meal), Restaurants"
Mongolia,24,21.4,26.4,1.95,"Domestic Draft Beer (0.5 Liter), Restaurants"
Mongolia,24,21.4,26.4,2.23,"Imported Beer (0.33 Liter Bottle), Restaurants"
Mongolia,24,21.4,26.4,0.66,"Soft Drink (Coca-Cola or Pepsi, 0.33 Liter Bottle), Restaurants"
Mongolia,24,21.4,26.4,0.4,"Bottled Water (0.33 Liter), Restaurants"
Mongolia,24,21.4,26.4,1.38,"Milk (Regular, 1 Liter), Markets"
Mongolia,24,21.4,26.4,0.84,"Fresh White Bread (500 g Loaf), Markets"
Mongolia,24,21.4,26.4,2.15,"Eggs (12, Large Size), Markets"
Mongolia,24,21.4,26.4,10.15,"Local Cheese (1 kg), Markets"
Mongolia,24,21.4,26.4,0.7,"Bottled Water (1.5 Liter), Markets"
Mongolia,24,21.4,26.4,8.65,"Bottle of Wine (Mid-Range), Markets"
Mongolia,24,21.4,26.4,1.34,"Domestic Beer (0.5 Liter Bottle), Markets"
Mongolia,24,21.4,26.4,1.67,"Imported Beer (0.33 Liter Bottle), Markets"
Mongolia,24,21.4,26.4,1.67,"Cigarettes (Pack of 20, Marlboro), Markets"
Mongolia,24,21.4,26.4,5.37,"Chicken Fillets (1 kg), Markets"
Mongolia,24,21.4,26.4,2.96,"Apples (1 kg), Markets"
Mongolia,24,21.4,26.4,3.66,"Oranges (1 kg), Markets"
Mongolia,24,21.4,26.4,0.67,"Potatoes (1 kg), Markets"
Mongolia,24,21.4,26.4,1.16,"Lettuce (1 Head), Markets"
Mongolia,24,21.4,26.4,2.4,"Cappuccino (Regular Size), Restaurants"
Mongolia,24,21.4,26.4,1.88,"White Rice (1 kg), Markets"
Mongolia,24,21.4,26.4,2.65,"Tomatoes (1 kg), Markets"
Mongolia,24,21.4,26.4,2.19,"Bananas (1 kg), Markets"
Mongolia,24,21.4,26.4,0.96,"Onions (1 kg), Markets"
Mongolia,24,21.4,26.4,4.59,"Beef Round or Equivalent Back Leg Red Meat (1 kg), Markets"
Colombia,23.9,18,20.4,4.77,"Meal at an Inexpensive Restaurant, Restaurants"
Colombia,23.9,18,20.4,31.79,"Meal for Two at a Mid-Range Restaurant (Three Courses, Without Drinks), Restaurants"
Colombia,23.9,18,20.4,7.95,"Combo Meal at McDonald's (or Equivalent Fast-Food Meal), Restaurants"
Colombia,23.9,18,20.4,1.59,"Domestic Draft Beer (0.5 Liter), Restaurants"
Colombia,23.9,18,20.4,2.65,"Imported Beer (0.33 Liter Bottle), Restaurants"
Colombia,23.9,18,20.4,1.02,"Soft Drink (Coca-Cola or Pepsi, 0.33 Liter Bottle), Restaurants"
Colombia,23.9,18,20.4,0.68,"Bottled Water (0.33 Liter), Restaurants"
Colombia,23.9,18,20.4,1.22,"Milk (Regular, 1 Liter), Markets"
Colombia,23.9,18,20.4,1.51,"Fresh White Bread (500 g Loaf), Markets"
Colombia,23.9,18,20.4,2.25,"Eggs (12, Large Size), Markets"
Colombia,23.9,18,20.4,5.18,"Local Cheese (1 kg), Markets"
Colombia,23.9,18,20.4,0.82,"Bottled Water (1.5 Liter), Markets"
Colombia,23.9,18,20.4,10.6,"Bottle of Wine (Mid-Range), Markets"
Colombia,23.9,18,20.4,1.2,"Domestic Beer (0.5 Liter Bottle), Markets"
Colombia,23.9,18,20.4,2.02,"Imported Beer (0.33 Liter Bottle), Markets"
Colombia,23.9,18,20.4,3.17,"Cigarettes (Pack of 20, Marlboro), Markets"
Colombia,23.9,18,20.4,5.78,"Chicken Fillets (1 kg), Markets"
Colombia,23.9,18,20.4,2.82,"Apples (1 kg), Markets"
Colombia,23.9,18,20.4,1.43,"Oranges (1 kg), Markets"
Colombia,23.9,18,20.4,1.15,"Potatoes (1 kg), Markets"
Colombia,23.9,18,20.4,0.91,"Lettuce (1 Head), Markets"
Colombia,23.9,18,20.4,1.75,"Cappuccino (Regular Size), Restaurants"
Colombia,23.9,18,20.4,1.26,"White Rice (1 kg), Markets"
Colombia,23.9,18,20.4,1.38,"Tomatoes (1 kg), Markets"
Colombia,23.9,18,20.4,1.11,"Bananas (1 kg), Markets"
Colombia,23.9,18,20.4,1.28,"Onions (1 kg), Markets"
Colombia,23.9,18,20.4,8.28,"Beef Round or Equivalent Back Leg Red Meat (1 kg), Markets"
Finland,23.7,22.8,24.6,16.3,"Meal at an Inexpensive Restaurant, Restaurants"
Finland,23.7,22.8,24.6,93.16,"Meal for Two at a Mid-Range Restaurant (Three Courses, Without Drinks), Restaurants"
Finland,23.7,22.8,24.6,11.64,"Combo Meal at McDonald's (or Equivalent Fast-Food Meal), Restaurants"
Finland,23.7,22.8,24.6,8.15,"Domestic Draft Beer (0.5 Liter), Restaurants"
Finland,23.7,22.8,24.6,8.73,"Imported Beer (0.33 Liter Bottle), Restaurants"
Finland,23.7,22.8,24.6,2.92,"Soft Drink (Coca-Cola or Pepsi, 0.33 Liter Bottle), Restaurants"
Finland,23.7,22.8,24.6,2.18,"Bottled Water (0.33 Liter), Restaurants"
Finland,23.7,22.8,24.6,1.36,"Milk (Regular, 1 Liter), Markets"
Finland,23.7,22.8,24.6,2.72,"Fresh White Bread (500 g Loaf), Markets"
Finland,23.7,22.8,24.6,3.45,"Eggs (12, Large Size), Markets"
Finland,23.7,22.8,24.6,9.33,"Local Cheese (1 kg), Markets"
Finland,23.7,22.8,24.6,1.93,"Bottled Water (1.5 Liter), Markets"
Finland,23.7,22.8,24.6,15.14,"Bottle of Wine (Mid-Range), Markets"
Finland,23.7,22.8,24.6,3.47,"Domestic Beer (0.5 Liter Bottle), Markets"
Finland,23.7,22.8,24.6,3.89,"Imported Beer (0.33 Liter Bottle), Markets"
Finland,23.7,22.8,24.6,12.81,"Cigarettes (Pack of 20, Marlboro), Markets"
Finland,23.7,22.8,24.6,14.35,"Chicken Fillets (1 kg), Markets"
Finland,23.7,22.8,24.6,2.7,"Apples (1 kg), Markets"
Finland,23.7,22.8,24.6,2.57,"Oranges (1 kg), Markets"
Finland,23.7,22.8,24.6,1.32,"Potatoes (1 kg), Markets"
Finland,23.7,22.8,24.6,2.23,"Lettuce (1 Head), Markets"
Finland,23.7,22.8,24.6,4.98,"Cappuccino (Regular Size), Restaurants"
Finland,23.7,22.8,24.6,2.81,"White Rice (1 kg), Markets"
Finland,23.7,22.8,24.6,4.47,"Tomatoes (1 kg), Markets"
Finland,23.7,22.8,24.6,2.15,"Bananas (1 kg), Markets"
Finland,23.7,22.8,24.6,1.85,"Onions (1 kg), Markets"
Finland,23.7,22.8,24.6,22.58,"Beef Round or Equivalent Back Leg Red Meat (1 kg), Markets"
Cuba,23.5,19.7,27.3,6,"Meal at an Inexpensive Restaurant, Restaurants"
Cuba,23.5,19.7,27.3,25,"Meal for Two at a Mid-Range Restaurant (Three Courses, Without Drinks), Restaurants"
Cuba,23.5,19.7,27.3,6.68,"Combo Meal at McDonald's (or Equivalent Fast-Food Meal), Restaurants"
Cuba,23.5,19.7,27.3,2,"Domestic Draft Beer (0.5 Liter), Restaurants"
Cuba,23.5,19.7,27.3,2.72,"Imported Beer (0.33 Liter Bottle), Restaurants"
Cuba,23.5,19.7,27.3,1.84,"Soft Drink (Coca-Cola or Pepsi, 0.33 Liter Bottle), Restaurants"
Cuba,23.5,19.7,27.3,1.22,"Bottled Water (0.33 Liter), Restaurants"
Cuba,23.5,19.7,27.3,2.76,"Milk (Regular, 1 Liter), Markets"
Cuba,23.5,19.7,27.3,1.23,"Fresh White Bread (500 g Loaf), Markets"
Cuba,23.5,19.7,27.3,3.25,"Eggs (12, Large Size), Markets"
Cuba,23.5,19.7,27.3,5.94,"Local Cheese (1 kg), Markets"
Cuba,23.5,19.7,27.3,1.01,"Bottled Water (1.5 Liter), Markets"
Cuba,23.5,19.7,27.3,10,"Bottle of Wine (Mid-Range), Markets"
Cuba,23.5,19.7,27.3,1.9,"Domestic Beer (0.5 Liter Bottle), Markets"
Cuba,23.5,19.7,27.3,2.12,"Imported Beer (0.33 Liter Bottle), Markets"
Cuba,23.5,19.7,27.3,3.5,"Cigarettes (Pack of 20, Marlboro), Markets"
Cuba,23.5,19.7,27.3,5.38,"Chicken Fillets (1 kg), Markets"
Cuba,23.5,19.7,27.3,4.46,"Apples (1 kg), Markets"
Cuba,23.5,19.7,27.3,1.65,"Oranges (1 kg), Markets"
Cuba,23.5,19.7,27.3,1.79,"Potatoes (1 kg), Markets"
Cuba,23.5,19.7,27.3,0.92,"Lettuce (1 Head), Markets"
Cuba,23.5,19.7,27.3,1.66,"Cappuccino (Regular Size), Restaurants"
Cuba,23.5,19.7,27.3,2.11,"White Rice (1 kg), Markets"
Cuba,23.5,19.7,27.3,1.64,"Tomatoes (1 kg), Markets"
Cuba,23.5,19.7,27.3,1.15,"Bananas (1 kg), Markets"
Cuba,23.5,19.7,27.3,2.37,"Onions (1 kg), Markets"
Cuba,23.5,19.7,27.3,10.61,"Beef Round or Equivalent Back Leg Red Meat (1 kg), Markets"
Israel,23.4,23.5,23.2,24.68,"Meal at an Inexpensive Restaurant, Restaurants"
Israel,23.4,23.5,23.2,92.54,"Meal for Two at a Mid-Range Restaurant (Three Courses, Without Drinks), Restaurants"
Israel,23.4,23.5,23.2,18.51,"Combo Meal at McDonald's (or Equivalent Fast-Food Meal), Restaurants"
Israel,23.4,23.5,23.2,9.87,"Domestic Draft Beer (0.5 Liter), Restaurants"
Israel,23.4,23.5,23.2,9.25,"Imported Beer (0.33 Liter Bottle), Restaurants"
Israel,23.4,23.5,23.2,3.16,"Soft Drink (Coca-Cola or Pepsi, 0.33 Liter Bottle), Restaurants"
Israel,23.4,23.5,23.2,2.54,"Bottled Water (0.33 Liter), Restaurants"
Israel,23.4,23.5,23.2,2.19,"Milk (Regular, 1 Liter), Markets"
Israel,23.4,23.5,23.2,2.97,"Fresh White Bread (500 g Loaf), Markets"
Israel,23.4,23.5,23.2,4.52,"Eggs (12, Large Size), Markets"
Israel,23.4,23.5,23.2,17.19,"Local Cheese (1 kg), Markets"
Israel,23.4,23.5,23.2,1.61,"Bottled Water (1.5 Liter), Markets"
Israel,23.4,23.5,23.2,13.88,"Bottle of Wine (Mid-Range), Markets"
Israel,23.4,23.5,23.2,3.07,"Domestic Beer (0.5 Liter Bottle), Markets"
Israel,23.4,23.5,23.2,3.63,"Imported Beer (0.33 Liter Bottle), Markets"
Israel,23.4,23.5,23.2,12.34,"Cigarettes (Pack of 20, Marlboro), Markets"
Israel,23.4,23.5,23.2,12.44,"Chicken Fillets (1 kg), Markets"
Israel,23.4,23.5,23.2,3.84,"Apples (1 kg), Markets"
Israel,23.4,23.5,23.2,2.18,"Oranges (1 kg), Markets"
Israel,23.4,23.5,23.2,1.78,"Potatoes (1 kg), Markets"
Israel,23.4,23.5,23.2,2.22,"Lettuce (1 Head), Markets"
Israel,23.4,23.5,23.2,4.47,"Cappuccino (Regular Size), Restaurants"
Israel,23.4,23.5,23.2,3.21,"White Rice (1 kg), Markets"
Israel,23.4,23.5,23.2,2.69,"Tomatoes (1 kg), Markets"
Israel,23.4,23.5,23.2,2.61,"Bananas (1 kg), Markets"
Israel,23.4,23.5,23.2,1.78,"Onions (1 kg), Markets"
Israel,23.4,23.5,23.2,22.14,"Beef Round or Equivalent Back Leg Red Meat (1 kg), Markets"
Venezuela,22.8,20.2,25.3,10,"Meal at an Inexpensive Restaurant, Restaurants"
Venezuela,22.8,20.2,25.3,50,"Meal for Two at a Mid-Range Restaurant (Three Courses, Without Drinks), Restaurants"
Venezuela,22.8,20.2,25.3,10,"Combo Meal at McDonald's (or Equivalent Fast-Food Meal), Restaurants"
Venezuela,22.8,20.2,25.3,1.5,"Domestic Draft Beer (0.5 Liter), Restaurants"
Venezuela,22.8,20.2,25.3,2.5,"Imported Beer (0.33 Liter Bottle), Restaurants"
Venezuela,22.8,20.2,25.3,1.19,"Soft Drink (Coca-Cola or Pepsi, 0.33 Liter Bottle), Restaurants"
Venezuela,22.8,20.2,25.3,1,"Bottled Water (0.33 Liter), Restaurants"
Venezuela,22.8,20.2,25.3,1.95,"Milk (Regular, 1 Liter), Markets"
Venezuela,22.8,20.2,25.3,1.87,"Fresh White Bread (500 g Loaf), Markets"
Venezuela,22.8,20.2,25.3,2.68,"Eggs (12, Large Size), Markets"
Venezuela,22.8,20.2,25.3,6.08,"Local Cheese (1 kg), Markets"
Venezuela,22.8,20.2,25.3,1.82,"Bottled Water (1.5 Liter), Markets"
Venezuela,22.8,20.2,25.3,9.94,"Bottle of Wine (Mid-Range), Markets"
Venezuela,22.8,20.2,25.3,1.22,"Domestic Beer (0.5 Liter Bottle), Markets"
Venezuela,22.8,20.2,25.3,1.92,"Imported Beer (0.33 Liter Bottle), Markets"
Venezuela,22.8,20.2,25.3,4,"Cigarettes (Pack of 20, Marlboro), Markets"
Venezuela,22.8,20.2,25.3,7.05,"Chicken Fillets (1 kg), Markets"
Venezuela,22.8,20.2,25.3,5.06,"Apples (1 kg), Markets"
Venezuela,22.8,20.2,25.3,1.7,"Oranges (1 kg), Markets"
Venezuela,22.8,20.2,25.3,1.82,"Potatoes (1 kg), Markets"
Venezuela,22.8,20.2,25.3,1.32,"Lettuce (1 Head), Markets"
Venezuela,22.8,20.2,25.3,2.33,"Cappuccino (Regular Size), Restaurants"
Venezuela,22.8,20.2,25.3,1.33,"White Rice (1 kg), Markets"
Venezuela,22.8,20.2,25.3,2.02,"Tomatoes (1 kg), Markets"
Venezuela,22.8,20.2,25.3,1.43,"Bananas (1 kg), Markets"
Venezuela,22.8,20.2,25.3,1.83,"Onions (1 kg), Markets"
Venezuela,22.8,20.2,25.3,7.6,"Beef Round or Equivalent Back Leg Red Meat (1 kg), Markets"
Iceland,22.6,24.5,20.6,25.79,"Meal at an Inexpensive Restaurant, Restaurants"
Iceland,22.6,24.5,20.6,125.05,"Meal for Two at a Mid-Range Restaurant (Three Courses, Without Drinks), Restaurants"
Iceland,22.6,24.5,20.6,21.49,"Combo Meal at McDonald's (or Equivalent Fast-Food Meal), Restaurants"
Iceland,22.6,24.5,20.6,11.72,"Domestic Draft Beer (0.5 Liter), Restaurants"
Iceland,22.6,24.5,20.6,11.72,"Imported Beer (0.33 Liter Bottle), Restaurants"
Iceland,22.6,24.5,20.6,3.13,"Soft Drink (Coca-Cola or Pepsi, 0.33 Liter Bottle), Restaurants"
Iceland,22.6,24.5,20.6,2.65,"Bottled Water (0.33 Liter), Restaurants"
Iceland,22.6,24.5,20.6,1.88,"Milk (Regular, 1 Liter), Markets"
Iceland,22.6,24.5,20.6,4.03,"Fresh White Bread (500 g Loaf), Markets"
Iceland,22.6,24.5,20.6,6.42,"Eggs (12, Large Size), Markets"
Iceland,22.6,24.5,20.6,19.1,"Local Cheese (1 kg), Markets"
Iceland,22.6,24.5,20.6,2.07,"Bottled Water (1.5 Liter), Markets"
Iceland,22.6,24.5,20.6,23.45,"Bottle of Wine (Mid-Range), Markets"
Iceland,22.6,24.5,20.6,3.7,"Domestic Beer (0.5 Liter Bottle), Markets"
Iceland,22.6,24.5,20.6,3.26,"Imported Beer (0.33 Liter Bottle), Markets"
Iceland,22.6,24.5,20.6,13.29,"Cigarettes (Pack of 20, Marlboro), Markets"
Iceland,22.6,24.5,20.6,24.46,"Chicken Fillets (1 kg), Markets"
Iceland,22.6,24.5,20.6,3.21,"Apples (1 kg), Markets"
Iceland,22.6,24.5,20.6,3.02,"Oranges (1 kg), Markets"
Iceland,22.6,24.5,20.6,3.37,"Potatoes (1 kg), Markets"
Iceland,22.6,24.5,20.6,2.79,"Lettuce (1 Head), Markets"
Iceland,22.6,24.5,20.6,5.75,"Cappuccino (Regular Size), Restaurants"
Iceland,22.6,24.5,20.6,3.43,"White Rice (1 kg), Markets"
Iceland,22.6,24.5,20.6,5.04,"Tomatoes (1 kg), Markets"
Iceland,22.6,24.5,20.6,2.47,"Bananas (1 kg), Markets"
Iceland,22.6,24.5,20.6,2.11,"Onions (1 kg), Markets"
Iceland,22.6,24.5,20.6,42.75,"Beef Round or Equivalent Back Leg Red Meat (1 kg), Markets"
Malaysia,22.4,17.9,27.1,3.64,"Meal at an Inexpensive Restaurant, Restaurants"
Malaysia,22.4,17.9,27.1,24.26,"Meal for Two at a Mid-Range Restaurant (Three Courses, Without Drinks), Restaurants"
Malaysia,22.4,17.9,27.1,4.85,"Combo Meal at McDonald's (or Equivalent Fast-Food Meal), Restaurants"
Malaysia,22.4,17.9,27.1,3.64,"Domestic Draft Beer (0.5 Liter), Restaurants"
Malaysia,22.4,17.9,27.1,4.85,"Imported Beer (0.33 Liter Bottle), Restaurants"
Malaysia,22.4,17.9,27.1,0.78,"Soft Drink (Coca-Cola or Pepsi, 0.33 Liter Bottle), Restaurants"
Malaysia,22.4,17.9,27.1,0.4,"Bottled Water (0.33 Liter), Restaurants"
Malaysia,22.4,17.9,27.1,1.86,"Milk (Regular, 1 Liter), Markets"
Malaysia,22.4,17.9,27.1,1.01,"Fresh White Bread (500 g Loaf), Markets"
Malaysia,22.4,17.9,27.1,2.08,"Eggs (12, Large Size), Markets"
Malaysia,22.4,17.9,27.1,13.28,"Local Cheese (1 kg), Markets"
Malaysia,22.4,17.9,27.1,0.58,"Bottled Water (1.5 Liter), Markets"
Malaysia,22.4,17.9,27.1,18.19,"Bottle of Wine (Mid-Range), Markets"
Malaysia,22.4,17.9,27.1,2.87,"Domestic Beer (0.5 Liter Bottle), Markets"
Malaysia,22.4,17.9,27.1,3.91,"Imported Beer (0.33 Liter Bottle), Markets"
Malaysia,22.4,17.9,27.1,4.37,"Cigarettes (Pack of 20, Marlboro), Markets"
Malaysia,22.4,17.9,27.1,4.3,"Chicken Fillets (1 kg), Markets"
Malaysia,22.4,17.9,27.1,2.91,"Apples (1 kg), Markets"
Malaysia,22.4,17.9,27.1,2.67,"Oranges (1 kg), Markets"
Malaysia,22.4,17.9,27.1,1.18,"Potatoes (1 kg), Markets"
Malaysia,22.4,17.9,27.1,1.13,"Lettuce (1 Head), Markets"
Malaysia,22.4,17.9,27.1,2.87,"Cappuccino (Regular Size), Restaurants"
Malaysia,22.4,17.9,27.1,1.45,"White Rice (1 kg), Markets"
Malaysia,22.4,17.9,27.1,1.56,"Tomatoes (1 kg), Markets"
Malaysia,22.4,17.9,27.1,1.55,"Bananas (1 kg), Markets"
Malaysia,22.4,17.9,27.1,1.33,"Onions (1 kg), Markets"
Malaysia,22.4,17.9,27.1,8.73,"Beef Round or Equivalent Back Leg Red Meat (1 kg), Markets"
Slovenia,22.2,27.5,16.9,13.97,"Meal at an Inexpensive Restaurant, Restaurants"
Slovenia,22.2,27.5,16.9,58.22,"Meal for Two at a Mid-Range Restaurant (Three Courses, Without Drinks), Restaurants"
Slovenia,22.2,27.5,16.9,9.32,"Combo Meal at McDonald's (or Equivalent Fast-Food Meal), Restaurants"
Slovenia,22.2,27.5,16.9,3.49,"Domestic Draft Beer (0.5 Liter), Restaurants"
Slovenia,22.2,27.5,16.9,4.66,"Imported Beer (0.33 Liter Bottle), Restaurants"
Slovenia,22.2,27.5,16.9,3.14,"Soft Drink (Coca-Cola or Pepsi, 0.33 Liter Bottle), Restaurants"
Slovenia,22.2,27.5,16.9,2.01,"Bottled Water (0.33 Liter), Restaurants"
Slovenia,22.2,27.5,16.9,1.48,"Milk (Regular, 1 Liter), Markets"
Slovenia,22.2,27.5,16.9,2.14,"Fresh White Bread (500 g Loaf), Markets"
Slovenia,22.2,27.5,16.9,3.83,"Eggs (12, Large Size), Markets"
Slovenia,22.2,27.5,16.9,14.68,"Local Cheese (1 kg), Markets"
Slovenia,22.2,27.5,16.9,0.89,"Bottled Water (1.5 Liter), Markets"
Slovenia,22.2,27.5,16.9,6.99,"Bottle of Wine (Mid-Range), Markets"
Slovenia,22.2,27.5,16.9,1.44,"Domestic Beer (0.5 Liter Bottle), Markets"
Slovenia,22.2,27.5,16.9,2,"Imported Beer (0.33 Liter Bottle), Markets"
Slovenia,22.2,27.5,16.9,6.17,"Cigarettes (Pack of 20, Marlboro), Markets"
Slovenia,22.2,27.5,16.9,10.42,"Chicken Fillets (1 kg), Markets"
Slovenia,22.2,27.5,16.9,2.09,"Apples (1 kg), Markets"
Slovenia,22.2,27.5,16.9,2.25,"Oranges (1 kg), Markets"
Slovenia,22.2,27.5,16.9,1.28,"Potatoes (1 kg), Markets"
Slovenia,22.2,27.5,16.9,1.7,"Lettuce (1 Head), Markets"
Slovenia,22.2,27.5,16.9,2.5,"Cappuccino (Regular Size), Restaurants"
Slovenia,22.2,27.5,16.9,2.83,"White Rice (1 kg), Markets"
Slovenia,22.2,27.5,16.9,3.39,"Tomatoes (1 kg), Markets"
Slovenia,22.2,27.5,16.9,1.8,"Bananas (1 kg), Markets"
Slovenia,22.2,27.5,16.9,1.62,"Onions (1 kg), Markets"
Slovenia,22.2,27.5,16.9,13.69,"Beef Round or Equivalent Back Leg Red Meat (1 kg), Markets"
Morocco,22.1,13.4,30.8,4.33,"Meal at an Inexpensive Restaurant, Restaurants"
Morocco,22.1,13.4,30.8,27.09,"Meal for Two at a Mid-Range Restaurant (Three Courses, Without Drinks), Restaurants"
Morocco,22.1,13.4,30.8,6.5,"Combo Meal at McDonald's (or Equivalent Fast-Food Meal), Restaurants"
Morocco,22.1,13.4,30.8,3.25,"Domestic Draft Beer (0.5 Liter), Restaurants"
Morocco,22.1,13.4,30.8,3.79,"Imported Beer (0.33 Liter Bottle), Restaurants"
Morocco,22.1,13.4,30.8,0.62,"Soft Drink (Coca-Cola or Pepsi, 0.33 Liter Bottle), Restaurants"
Morocco,22.1,13.4,30.8,0.38,"Bottled Water (0.33 Liter), Restaurants"
Morocco,22.1,13.4,30.8,0.91,"Milk (Regular, 1 Liter), Markets"
Morocco,22.1,13.4,30.8,0.55,"Fresh White Bread (500 g Loaf), Markets"
Morocco,22.1,13.4,30.8,1.95,"Eggs (12, Large Size), Markets"
Morocco,22.1,13.4,30.8,10.66,"Local Cheese (1 kg), Markets"
Morocco,22.1,13.4,30.8,0.61,"Bottled Water (1.5 Liter), Markets"
Morocco,22.1,13.4,30.8,7.59,"Bottle of Wine (Mid-Range), Markets"
Morocco,22.1,13.4,30.8,2.62,"Domestic Beer (0.5 Liter Bottle), Markets"
Morocco,22.1,13.4,30.8,2.75,"Imported Beer (0.33 Liter Bottle), Markets"
Morocco,22.1,13.4,30.8,4.33,"Cigarettes (Pack of 20, Marlboro), Markets"
Morocco,22.1,13.4,30.8,6.14,"Chicken Fillets (1 kg), Markets"
Morocco,22.1,13.4,30.8,1.47,"Apples (1 kg), Markets"
Morocco,22.1,13.4,30.8,0.82,"Oranges (1 kg), Markets"
Morocco,22.1,13.4,30.8,0.7,"Potatoes (1 kg), Markets"
Morocco,22.1,13.4,30.8,0.46,"Lettuce (1 Head), Markets"
Morocco,22.1,13.4,30.8,1.78,"Cappuccino (Regular Size), Restaurants"
Morocco,22.1,13.4,30.8,1.8,"White Rice (1 kg), Markets"
Morocco,22.1,13.4,30.8,0.81,"Tomatoes (1 kg), Markets"
Morocco,22.1,13.4,30.8,1.34,"Bananas (1 kg), Markets"
Morocco,22.1,13.4,30.8,0.73,"Onions (1 kg), Markets"
Morocco,22.1,13.4,30.8,10.85,"Beef Round or Equivalent Back Leg Red Meat (1 kg), Markets"
Belgium,22,21.3,22.7,23.29,"Meal at an Inexpensive Restaurant, Restaurants"
Belgium,22,21.3,22.7,93.16,"Meal for Two at a Mid-Range Restaurant (Three Courses, Without Drinks), Restaurants"
Belgium,22,21.3,22.7,13.97,"Combo Meal at McDonald's (or Equivalent Fast-Food Meal), Restaurants"
Belgium,22,21.3,22.7,5.82,"Domestic Draft Beer (0.5 Liter), Restaurants"
Belgium,22,21.3,22.7,5.24,"Imported Beer (0.33 Liter Bottle), Restaurants"
Belgium,22,21.3,22.7,3.33,"Soft Drink (Coca-Cola or Pepsi, 0.33 Liter Bottle), Restaurants"
Belgium,22,21.3,22.7,2.97,"Bottled Water (0.33 Liter), Restaurants"
Belgium,22,21.3,22.7,1.3,"Milk (Regular, 1 Liter), Markets"
Belgium,22,21.3,22.7,2.57,"Fresh White Bread (500 g Loaf), Markets"
Belgium,22,21.3,22.7,4.1,"Eggs (12, Large Size), Markets"
Belgium,22,21.3,22.7,15.67,"Local Cheese (1 kg), Markets"
Belgium,22,21.3,22.7,1.06,"Bottled Water (1.5 Liter), Markets"
Belgium,22,21.3,22.7,9.26,"Bottle of Wine (Mid-Range), Markets"
Belgium,22,21.3,22.7,1.91,"Domestic Beer (0.5 Liter Bottle), Markets"
Belgium,22,21.3,22.7,2.33,"Imported Beer (0.33 Liter Bottle), Markets"
Belgium,22,21.3,22.7,13.39,"Cigarettes (Pack of 20, Marlboro), Markets"
Belgium,22,21.3,22.7,12.38,"Chicken Fillets (1 kg), Markets"
Belgium,22,21.3,22.7,2.84,"Apples (1 kg), Markets"
Belgium,22,21.3,22.7,2.66,"Oranges (1 kg), Markets"
Belgium,22,21.3,22.7,2.37,"Potatoes (1 kg), Markets"
Belgium,22,21.3,22.7,1.57,"Lettuce (1 Head), Markets"
Belgium,22,21.3,22.7,4.22,"Cappuccino (Regular Size), Restaurants"
Belgium,22,21.3,22.7,2.38,"White Rice (1 kg), Markets"
Belgium,22,21.3,22.7,3.27,"Tomatoes (1 kg), Markets"
Belgium,22,21.3,22.7,2.43,"Bananas (1 kg), Markets"
Belgium,22,21.3,22.7,1.84,"Onions (1 kg), Markets"
Belgium,22,21.3,22.7,19.52,"Beef Round or Equivalent Back Leg Red Meat (1 kg), Markets"
Pakistan,21.8,19.1,24.5,1.77,"Meal at an Inexpensive Restaurant, Restaurants"
Pakistan,21.8,19.1,24.5,12.42,"Meal for Two at a Mid-Range Restaurant (Three Courses, Without Drinks), Restaurants"
Pakistan,21.8,19.1,24.5,4.97,"Combo Meal at McDonald's (or Equivalent Fast-Food Meal), Restaurants"
Pakistan,21.8,19.1,24.5,1.95,"Domestic Draft Beer (0.5 Liter), Restaurants"
Pakistan,21.8,19.1,24.5,4.26,"Imported Beer (0.33 Liter Bottle), Restaurants"
Pakistan,21.8,19.1,24.5,0.37,"Soft Drink (Coca-Cola or Pepsi, 0.33 Liter Bottle), Restaurants"
Pakistan,21.8,19.1,24.5,0.22,"Bottled Water (0.33 Liter), Restaurants"
Pakistan,21.8,19.1,24.5,0.8,"Milk (Regular, 1 Liter), Markets"
Pakistan,21.8,19.1,24.5,0.58,"Fresh White Bread (500 g Loaf), Markets"
Pakistan,21.8,19.1,24.5,1.19,"Eggs (12, Large Size), Markets"
Pakistan,21.8,19.1,24.5,5.78,"Local Cheese (1 kg), Markets"
Pakistan,21.8,19.1,24.5,0.38,"Bottled Water (1.5 Liter), Markets"
Pakistan,21.8,19.1,24.5,1.95,"Bottle of Wine (Mid-Range), Markets"
Pakistan,21.8,19.1,24.5,1.12,"Domestic Beer (0.5 Liter Bottle), Markets"
Pakistan,21.8,19.1,24.5,2.19,"Imported Beer (0.33 Liter Bottle), Markets"
Pakistan,21.8,19.1,24.5,2.13,"Cigarettes (Pack of 20, Marlboro), Markets"
Pakistan,21.8,19.1,24.5,2.95,"Chicken Fillets (1 kg), Markets"
Pakistan,21.8,19.1,24.5,1.08,"Apples (1 kg), Markets"
Pakistan,21.8,19.1,24.5,0.81,"Oranges (1 kg), Markets"
Pakistan,21.8,19.1,24.5,0.36,"Potatoes (1 kg), Markets"
Pakistan,21.8,19.1,24.5,0.39,"Lettuce (1 Head), Markets"
Pakistan,21.8,19.1,24.5,1.86,"Cappuccino (Regular Size), Restaurants"
Pakistan,21.8,19.1,24.5,1.19,"White Rice (1 kg), Markets"
Pakistan,21.8,19.1,24.5,0.51,"Tomatoes (1 kg), Markets"
Pakistan,21.8,19.1,24.5,0.65,"Bananas (1 kg), Markets"
Pakistan,21.8,19.1,24.5,0.46,"Onions (1 kg), Markets"
Pakistan,21.8,19.1,24.5,4.5,"Beef Round or Equivalent Back Leg Red Meat (1 kg), Markets"
Italy,21.6,20.1,22.9,17.76,"Meal at an Inexpensive Restaurant, Restaurants"
Italy,21.6,20.1,22.9,81.51,"Meal for Two at a Mid-Range Restaurant (Three Courses, Without Drinks), Restaurants"
Italy,21.6,20.1,22.9,11.64,"Combo Meal at McDonald's (or Equivalent Fast-Food Meal), Restaurants"
Italy,21.6,20.1,22.9,5.82,"Domestic Draft Beer (0.5 Liter), Restaurants"
Italy,21.6,20.1,22.9,5.24,"Imported Beer (0.33 Liter Bottle), Restaurants"
Italy,21.6,20.1,22.9,3.03,"Soft Drink (Coca-Cola or Pepsi, 0.33 Liter Bottle), Restaurants"
Italy,21.6,20.1,22.9,1.4,"Bottled Water (0.33 Liter), Restaurants"
Italy,21.6,20.1,22.9,1.66,"Milk (Regular, 1 Liter), Markets"
Italy,21.6,20.1,22.9,2.38,"Fresh White Bread (500 g Loaf), Markets"
Italy,21.6,20.1,22.9,4.15,"Eggs (12, Large Size), Markets"
Italy,21.6,20.1,22.9,16.95,"Local Cheese (1 kg), Markets"
Italy,21.6,20.1,22.9,0.52,"Bottled Water (1.5 Liter), Markets"
Italy,21.6,20.1,22.9,6.99,"Bottle of Wine (Mid-Range), Markets"
Italy,21.6,20.1,22.9,1.83,"Domestic Beer (0.5 Liter Bottle), Markets"
Italy,21.6,20.1,22.9,2.48,"Imported Beer (0.33 Liter Bottle), Markets"
Italy,21.6,20.1,22.9,6.99,"Cigarettes (Pack of 20, Marlboro), Markets"
Italy,21.6,20.1,22.9,12.5,"Chicken Fillets (1 kg), Markets"
Italy,21.6,20.1,22.9,2.57,"Apples (1 kg), Markets"
Italy,21.6,20.1,22.9,2.7,"Oranges (1 kg), Markets"
Italy,21.6,20.1,22.9,2.02,"Potatoes (1 kg), Markets"
Italy,21.6,20.1,22.9,1.56,"Lettuce (1 Head), Markets"
Italy,21.6,20.1,22.9,2.01,"Cappuccino (Regular Size), Restaurants"
Italy,21.6,20.1,22.9,3.04,"White Rice (1 kg), Markets"
Italy,21.6,20.1,22.9,3.36,"Tomatoes (1 kg), Markets"
Italy,21.6,20.1,22.9,2.2,"Bananas (1 kg), Markets"
Italy,21.6,20.1,22.9,1.9,"Onions (1 kg), Markets"
Italy,21.6,20.1,22.9,20.45,"Beef Round or Equivalent Back Leg Red Meat (1 kg), Markets"
Solomon Islands,21.6,16.5,26.9,4.56,"Meal at an Inexpensive Restaurant, Restaurants"
Solomon Islands,21.6,16.5,26.9,54.72,"Meal for Two at a Mid-Range Restaurant (Three Courses, Without Drinks), Restaurants"
Solomon Islands,21.6,16.5,26.9,12.16,"Combo Meal at McDonald's (or Equivalent Fast-Food Meal), Restaurants"
Solomon Islands,21.6,16.5,26.9,2.43,"Domestic Draft Beer (0.5 Liter), Restaurants"
Solomon Islands,21.6,16.5,26.9,3.65,"Imported Beer (0.33 Liter Bottle), Restaurants"
Solomon Islands,21.6,16.5,26.9,1.42,"Soft Drink (Coca-Cola or Pepsi, 0.33 Liter Bottle), Restaurants"
Solomon Islands,21.6,16.5,26.9,1.11,"Bottled Water (0.33 Liter), Restaurants"
Solomon Islands,21.6,16.5,26.9,2.58,"Milk (Regular, 1 Liter), Markets"
Solomon Islands,21.6,16.5,26.9,1.45,"Fresh White Bread (500 g Loaf), Markets"
Solomon Islands,21.6,16.5,26.9,5.61,"Eggs (12, Large Size), Markets"
Solomon Islands,21.6,16.5,26.9,6,"Local Cheese (1 kg), Markets"
Solomon Islands,21.6,16.5,26.9,1.07,"Bottled Water (1.5 Liter), Markets"
Solomon Islands,21.6,16.5,26.9,9.12,"Bottle of Wine (Mid-Range), Markets"
Solomon Islands,21.6,16.5,26.9,1.87,"Domestic Beer (0.5 Liter Bottle), Markets"
Solomon Islands,21.6,16.5,26.9,3.04,"Imported Beer (0.33 Liter Bottle), Markets"
Solomon Islands,21.6,16.5,26.9,4.13,"Cigarettes (Pack of 20, Marlboro), Markets"
Solomon Islands,21.6,16.5,26.9,8.21,"Chicken Fillets (1 kg), Markets"
Solomon Islands,21.6,16.5,26.9,7.78,"Apples (1 kg), Markets"
Solomon Islands,21.6,16.5,26.9,7.52,"Oranges (1 kg), Markets"
Solomon Islands,21.6,16.5,26.9,2.15,"Potatoes (1 kg), Markets"
Solomon Islands,21.6,16.5,26.9,1.48,"Lettuce (1 Head), Markets"
Solomon Islands,21.6,16.5,26.9,2.8,"Cappuccino (Regular Size), Restaurants"
Solomon Islands,21.6,16.5,26.9,1.46,"White Rice (1 kg), Markets"
Solomon Islands,21.6,16.5,26.9,3.26,"Tomatoes (1 kg), Markets"
Solomon Islands,21.6,16.5,26.9,2.68,"Bananas (1 kg), Markets"
Solomon Islands,21.6,16.5,26.9,3.26,"Onions (1 kg), Markets"
Solomon Islands,21.6,16.5,26.9,14.32,"Beef Round or Equivalent Back Leg Red Meat (1 kg), Markets"
Montenegro,21.1,22.7,19.5,11.64,"Meal at an Inexpensive Restaurant, Restaurants"
Montenegro,21.1,22.7,19.5,49.49,"Meal for Two at a Mid-Range Restaurant (Three Courses, Without Drinks), Restaurants"
Montenegro,21.1,22.7,19.5,9.9,"Combo Meal at McDonald's (or Equivalent Fast-Food Meal), Restaurants"
Montenegro,21.1,22.7,19.5,2.91,"Domestic Draft Beer (0.5 Liter), Restaurants"
Montenegro,21.1,22.7,19.5,3.49,"Imported Beer (0.33 Liter Bottle), Restaurants"
Montenegro,21.1,22.7,19.5,2.42,"Soft Drink (Coca-Cola or Pepsi, 0.33 Liter Bottle), Restaurants"
Montenegro,21.1,22.7,19.5,1.54,"Bottled Water (0.33 Liter), Restaurants"
Montenegro,21.1,22.7,19.5,1.33,"Milk (Regular, 1 Liter), Markets"
Montenegro,21.1,22.7,19.5,1.03,"Fresh White Bread (500 g Loaf), Markets"
Montenegro,21.1,22.7,19.5,3.24,"Eggs (12, Large Size), Markets"
Montenegro,21.1,22.7,19.5,9.16,"Local Cheese (1 kg), Markets"
Montenegro,21.1,22.7,19.5,0.88,"Bottled Water (1.5 Liter), Markets"
Montenegro,21.1,22.7,19.5,5.82,"Bottle of Wine (Mid-Range), Markets"
Montenegro,21.1,22.7,19.5,1.14,"Domestic Beer (0.5 Liter Bottle), Markets"
Montenegro,21.1,22.7,19.5,1.76,"Imported Beer (0.33 Liter Bottle), Markets"
Montenegro,21.1,22.7,19.5,4.19,"Cigarettes (Pack of 20, Marlboro), Markets"
Montenegro,21.1,22.7,19.5,8.11,"Chicken Fillets (1 kg), Markets"
Montenegro,21.1,22.7,19.5,1.43,"Apples (1 kg), Markets"
Montenegro,21.1,22.7,19.5,1.62,"Oranges (1 kg), Markets"
Montenegro,21.1,22.7,19.5,1,"Potatoes (1 kg), Markets"
Montenegro,21.1,22.7,19.5,1.61,"Lettuce (1 Head), Markets"
Montenegro,21.1,22.7,19.5,2.52,"Cappuccino (Regular Size), Restaurants"
Montenegro,21.1,22.7,19.5,2.35,"White Rice (1 kg), Markets"
Montenegro,21.1,22.7,19.5,2.64,"Tomatoes (1 kg), Markets"
Montenegro,21.1,22.7,19.5,1.74,"Bananas (1 kg), Markets"
Montenegro,21.1,22.7,19.5,1.16,"Onions (1 kg), Markets"
Montenegro,21.1,22.7,19.5,12.16,"Beef Round or Equivalent Back Leg Red Meat (1 kg), Markets"
Tajikistan,20.8,17.9,23.6,5.77,"Meal at an Inexpensive Restaurant, Restaurants"
Tajikistan,20.8,17.9,23.6,15.23,"Meal for Two at a Mid-Range Restaurant (Three Courses, Without Drinks), Restaurants"
Tajikistan,20.8,17.9,23.6,5.44,"Combo Meal at McDonald's (or Equivalent Fast-Food Meal), Restaurants"
Tajikistan,20.8,17.9,23.6,1.09,"Domestic Draft Beer (0.5 Liter), Restaurants"
Tajikistan,20.8,17.9,23.6,2.18,"Imported Beer (0.33 Liter Bottle), Restaurants"
Tajikistan,20.8,17.9,23.6,0.62,"Soft Drink (Coca-Cola or Pepsi, 0.33 Liter Bottle), Restaurants"
Tajikistan,20.8,17.9,23.6,0.37,"Bottled Water (0.33 Liter), Restaurants"
Tajikistan,20.8,17.9,23.6,1.07,"Milk (Regular, 1 Liter), Markets"
Tajikistan,20.8,17.9,23.6,0.57,"Fresh White Bread (500 g Loaf), Markets"
Tajikistan,20.8,17.9,23.6,1.8,"Eggs (12, Large Size), Markets"
Tajikistan,20.8,17.9,23.6,12.19,"Local Cheese (1 kg), Markets"
Tajikistan,20.8,17.9,23.6,0.58,"Bottled Water (1.5 Liter), Markets"
Tajikistan,20.8,17.9,23.6,11.97,"Bottle of Wine (Mid-Range), Markets"
Tajikistan,20.8,17.9,23.6,1.41,"Domestic Beer (0.5 Liter Bottle), Markets"
Tajikistan,20.8,17.9,23.6,2.09,"Imported Beer (0.33 Liter Bottle), Markets"
Tajikistan,20.8,17.9,23.6,2.18,"Cigarettes (Pack of 20, Marlboro), Markets"
Tajikistan,20.8,17.9,23.6,4.13,"Chicken Fillets (1 kg), Markets"
Tajikistan,20.8,17.9,23.6,1.75,"Apples (1 kg), Markets"
Tajikistan,20.8,17.9,23.6,2.58,"Oranges (1 kg), Markets"
Tajikistan,20.8,17.9,23.6,0.67,"Potatoes (1 kg), Markets"
Tajikistan,20.8,17.9,23.6,0.95,"Lettuce (1 Head), Markets"
Tajikistan,20.8,17.9,23.6,1.43,"Cappuccino (Regular Size), Restaurants"
Tajikistan,20.8,17.9,23.6,2.08,"White Rice (1 kg), Markets"
Tajikistan,20.8,17.9,23.6,0.78,"Tomatoes (1 kg), Markets"
Tajikistan,20.8,17.9,23.6,2.68,"Bananas (1 kg), Markets"
Tajikistan,20.8,17.9,23.6,0.42,"Onions (1 kg), Markets"
Tajikistan,20.8,17.9,23.6,11.03,"Beef Round or Equivalent Back Leg Red Meat (1 kg), Markets"
Mauritania,20.8,7.8,32.7,2.77,"Meal at an Inexpensive Restaurant, Restaurants"
Mauritania,20.8,7.8,32.7,24.04,"Meal for Two at a Mid-Range Restaurant (Three Courses, Without Drinks), Restaurants"
Mauritania,20.8,7.8,32.7,6.14,"Combo Meal at McDonald's (or Equivalent Fast-Food Meal), Restaurants"
Mauritania,20.8,7.8,32.7,1.96,"Domestic Draft Beer (0.5 Liter), Restaurants"
Mauritania,20.8,7.8,32.7,1.76,"Imported Beer (0.33 Liter Bottle), Restaurants"
Mauritania,20.8,7.8,32.7,1.78,"Soft Drink (Coca-Cola or Pepsi, 0.33 Liter Bottle), Restaurants"
Mauritania,20.8,7.8,32.7,2.16,"Bottled Water (0.33 Liter), Restaurants"
Mauritania,20.8,7.8,32.7,1.5,"Milk (Regular, 1 Liter), Markets"
Mauritania,20.8,7.8,32.7,0.27,"Fresh White Bread (500 g Loaf), Markets"
Mauritania,20.8,7.8,32.7,2.31,"Eggs (12, Large Size), Markets"
Mauritania,20.8,7.8,32.7,7.53,"Local Cheese (1 kg), Markets"
Mauritania,20.8,7.8,32.7,0.67,"Bottled Water (1.5 Liter), Markets"
Mauritania,20.8,7.8,32.7,10.06,"Bottle of Wine (Mid-Range), Markets"
Mauritania,20.8,7.8,32.7,2.59,"Domestic Beer (0.5 Liter Bottle), Markets"
Mauritania,20.8,7.8,32.7,1.74,"Imported Beer (0.33 Liter Bottle), Markets"
Mauritania,20.8,7.8,32.7,2.51,"Cigarettes (Pack of 20, Marlboro), Markets"
Mauritania,20.8,7.8,32.7,5.19,"Chicken Fillets (1 kg), Markets"
Mauritania,20.8,7.8,32.7,2.1,"Apples (1 kg), Markets"
Mauritania,20.8,7.8,32.7,1.38,"Oranges (1 kg), Markets"
Mauritania,20.8,7.8,32.7,0.79,"Potatoes (1 kg), Markets"
Mauritania,20.8,7.8,32.7,0.56,"Lettuce (1 Head), Markets"
Mauritania,20.8,7.8,32.7,2.3,"Cappuccino (Regular Size), Restaurants"
Mauritania,20.8,7.8,32.7,1.31,"White Rice (1 kg), Markets"
Mauritania,20.8,7.8,32.7,0.95,"Tomatoes (1 kg), Markets"
Mauritania,20.8,7.8,32.7,1.87,"Bananas (1 kg), Markets"
Mauritania,20.8,7.8,32.7,0.76,"Onions (1 kg), Markets"
Mauritania,20.8,7.8,32.7,6.62,"Beef Round or Equivalent Back Leg Red Meat (1 kg), Markets"
Andorra,20.5,22.7,18.2,17.47,"Meal at an Inexpensive Restaurant, Restaurants"
Andorra,20.5,22.7,18.2,52.4,"Meal for Two at a Mid-Range Restaurant (Three Courses, Without Drinks), Restaurants"
Andorra,20.5,22.7,18.2,12.81,"Combo Meal at McDonald's (or Equivalent Fast-Food Meal), Restaurants"
Andorra,20.5,22.7,18.2,3.49,"Domestic Draft Beer (0.5 Liter), Restaurants"
Andorra,20.5,22.7,18.2,4.37,"Imported Beer (0.33 Liter Bottle), Restaurants"
Andorra,20.5,22.7,18.2,2.52,"Soft Drink (Coca-Cola or Pepsi, 0.33 Liter Bottle), Restaurants"
Andorra,20.5,22.7,18.2,1.83,"Bottled Water (0.33 Liter), Restaurants"
Andorra,20.5,22.7,18.2,1.29,"Milk (Regular, 1 Liter), Markets"
Andorra,20.5,22.7,18.2,1.4,"Fresh White Bread (500 g Loaf), Markets"
Andorra,20.5,22.7,18.2,2.37,"Eggs (12, Large Size), Markets"
Andorra,20.5,22.7,18.2,14.28,"Local Cheese (1 kg), Markets"
Andorra,20.5,22.7,18.2,0.84,"Bottled Water (1.5 Liter), Markets"
Andorra,20.5,22.7,18.2,5.82,"Bottle of Wine (Mid-Range), Markets"
Andorra,20.5,22.7,18.2,1.38,"Domestic Beer (0.5 Liter Bottle), Markets"
Andorra,20.5,22.7,18.2,1.31,"Imported Beer (0.33 Liter Bottle), Markets"
Andorra,20.5,22.7,18.2,5.71,"Cigarettes (Pack of 20, Marlboro), Markets"
Andorra,20.5,22.7,18.2,10.65,"Chicken Fillets (1 kg), Markets"
Andorra,20.5,22.7,18.2,2.79,"Apples (1 kg), Markets"
Andorra,20.5,22.7,18.2,2.03,"Oranges (1 kg), Markets"
Andorra,20.5,22.7,18.2,2.08,"Potatoes (1 kg), Markets"
Andorra,20.5,22.7,18.2,1.59,"Lettuce (1 Head), Markets"
Andorra,20.5,22.7,18.2,2.69,"Cappuccino (Regular Size), Restaurants"
Andorra,20.5,22.7,18.2,2.21,"White Rice (1 kg), Markets"
Andorra,20.5,22.7,18.2,3.3,"Tomatoes (1 kg), Markets"
Andorra,20.5,22.7,18.2,2.61,"Bananas (1 kg), Markets"
Andorra,20.5,22.7,18.2,2.11,"Onions (1 kg), Markets"
Andorra,20.5,22.7,18.2,14.1,"Beef Round or Equivalent Back Leg Red Meat (1 kg), Markets"
Turkmenistan,20.2,17.3,22.9,28.57,"Meal at an Inexpensive Restaurant, Restaurants"
Turkmenistan,20.2,17.3,22.9,85.71,"Meal for Two at a Mid-Range Restaurant (Three Courses, Without Drinks), Restaurants"
Turkmenistan,20.2,17.3,22.9,12.86,"Combo Meal at McDonald's (or Equivalent Fast-Food Meal), Restaurants"
Turkmenistan,20.2,17.3,22.9,5.71,"Domestic Draft Beer (0.5 Liter), Restaurants"
Turkmenistan,20.2,17.3,22.9,14.29,"Imported Beer (0.33 Liter Bottle), Restaurants"
Turkmenistan,20.2,17.3,22.9,2.59,"Soft Drink (Coca-Cola or Pepsi, 0.33 Liter Bottle), Restaurants"
Turkmenistan,20.2,17.3,22.9,0.73,"Bottled Water (0.33 Liter), Restaurants"
Turkmenistan,20.2,17.3,22.9,4.56,"Milk (Regular, 1 Liter), Markets"
Turkmenistan,20.2,17.3,22.9,1.68,"Fresh White Bread (500 g Loaf), Markets"
Turkmenistan,20.2,17.3,22.9,6.17,"Eggs (12, Large Size), Markets"
Turkmenistan,20.2,17.3,22.9,40,"Local Cheese (1 kg), Markets"
Turkmenistan,20.2,17.3,22.9,1.12,"Bottled Water (1.5 Liter), Markets"
Turkmenistan,20.2,17.3,22.9,42.86,"Bottle of Wine (Mid-Range), Markets"
Turkmenistan,20.2,17.3,22.9,4.71,"Domestic Beer (0.5 Liter Bottle), Markets"
Turkmenistan,20.2,17.3,22.9,2.86,"Imported Beer (0.33 Liter Bottle), Markets"
Turkmenistan,20.2,17.3,22.9,25.71,"Cigarettes (Pack of 20, Marlboro), Markets"
Turkmenistan,20.2,17.3,22.9,16.07,"Chicken Fillets (1 kg), Markets"
Turkmenistan,20.2,17.3,22.9,3.94,"Apples (1 kg), Markets"
Turkmenistan,20.2,17.3,22.9,6.57,"Oranges (1 kg), Markets"
Turkmenistan,20.2,17.3,22.9,1.86,"Potatoes (1 kg), Markets"
Turkmenistan,20.2,17.3,22.9,2,"Lettuce (1 Head), Markets"
Turkmenistan,20.2,17.3,22.9,6.89,"Cappuccino (Regular Size), Restaurants"
Turkmenistan,20.2,17.3,22.9,5.14,"White Rice (1 kg), Markets"
Turkmenistan,20.2,17.3,22.9,3.02,"Tomatoes (1 kg), Markets"
Turkmenistan,20.2,17.3,22.9,7.97,"Bananas (1 kg), Markets"
Turkmenistan,20.2,17.3,22.9,1.37,"Onions (1 kg), Markets"
Turkmenistan,20.2,17.3,22.9,20.36,"Beef Round or Equivalent Back Leg Red Meat (1 kg), Markets"
Luxembourg,20.2,22.3,18.1,23.29,"Meal at an Inexpensive Restaurant, Restaurants"
Luxembourg,20.2,22.3,18.1,93.16,"Meal for Two at a Mid-Range Restaurant (Three Courses, Without Drinks), Restaurants"
Luxembourg,20.2,22.3,18.1,15.14,"Combo Meal at McDonald's (or Equivalent Fast-Food Meal), Restaurants"
Luxembourg,20.2,22.3,18.1,5.82,"Domestic Draft Beer (0.5 Liter), Restaurants"
Luxembourg,20.2,22.3,18.1,5.82,"Imported Beer (0.33 Liter Bottle), Restaurants"
Luxembourg,20.2,22.3,18.1,3.66,"Soft Drink (Coca-Cola or Pepsi, 0.33 Liter Bottle), Restaurants"
Luxembourg,20.2,22.3,18.1,3.75,"Bottled Water (0.33 Liter), Restaurants"
Luxembourg,20.2,22.3,18.1,1.82,"Milk (Regular, 1 Liter), Markets"
Luxembourg,20.2,22.3,18.1,3.26,"Fresh White Bread (500 g Loaf), Markets"
Luxembourg,20.2,22.3,18.1,4.95,"Eggs (12, Large Size), Markets"
Luxembourg,20.2,22.3,18.1,20.89,"Local Cheese (1 kg), Markets"
Luxembourg,20.2,22.3,18.1,1.01,"Bottled Water (1.5 Liter), Markets"
Luxembourg,20.2,22.3,18.1,11.64,"Bottle of Wine (Mid-Range), Markets"
Luxembourg,20.2,22.3,18.1,2.38,"Domestic Beer (0.5 Liter Bottle), Markets"
Luxembourg,20.2,22.3,18.1,2.74,"Imported Beer (0.33 Liter Bottle), Markets"
Luxembourg,20.2,22.3,18.1,7.57,"Cigarettes (Pack of 20, Marlboro), Markets"
Luxembourg,20.2,22.3,18.1,15.82,"Chicken Fillets (1 kg), Markets"
Luxembourg,20.2,22.3,18.1,3.22,"Apples (1 kg), Markets"
Luxembourg,20.2,22.3,18.1,3.5,"Oranges (1 kg), Markets"
Luxembourg,20.2,22.3,18.1,2.78,"Potatoes (1 kg), Markets"
Luxembourg,20.2,22.3,18.1,2.14,"Lettuce (1 Head), Markets"
Luxembourg,20.2,22.3,18.1,4.45,"Cappuccino (Regular Size), Restaurants"
Luxembourg,20.2,22.3,18.1,3.19,"White Rice (1 kg), Markets"
Luxembourg,20.2,22.3,18.1,4.35,"Tomatoes (1 kg), Markets"
Luxembourg,20.2,22.3,18.1,2.48,"Bananas (1 kg), Markets"
Luxembourg,20.2,22.3,18.1,2.67,"Onions (1 kg), Markets"
Luxembourg,20.2,22.3,18.1,25.82,"Beef Round or Equivalent Back Leg Red Meat (1 kg), Markets"
Papua New Guinea,20.1,15.4,25.1,7.66,"Meal at an Inexpensive Restaurant, Restaurants"
Papua New Guinea,20.1,15.4,25.1,47.14,"Meal for Two at a Mid-Range Restaurant (Three Courses, Without Drinks), Restaurants"
Papua New Guinea,20.1,15.4,25.1,5.89,"Combo Meal at McDonald's (or Equivalent Fast-Food Meal), Restaurants"
Papua New Guinea,20.1,15.4,25.1,2.83,"Domestic Draft Beer (0.5 Liter), Restaurants"
Papua New Guinea,20.1,15.4,25.1,4.24,"Imported Beer (0.33 Liter Bottle), Restaurants"
Papua New Guinea,20.1,15.4,25.1,0.83,"Soft Drink (Coca-Cola or Pepsi, 0.33 Liter Bottle), Restaurants"
Papua New Guinea,20.1,15.4,25.1,0.76,"Bottled Water (0.33 Liter), Restaurants"
Papua New Guinea,20.1,15.4,25.1,1.9,"Milk (Regular, 1 Liter), Markets"
Papua New Guinea,20.1,15.4,25.1,1.55,"Fresh White Bread (500 g Loaf), Markets"
Papua New Guinea,20.1,15.4,25.1,3.74,"Eggs (12, Large Size), Markets"
Papua New Guinea,20.1,15.4,25.1,6.46,"Local Cheese (1 kg), Markets"
Papua New Guinea,20.1,15.4,25.1,1.03,"Bottled Water (1.5 Liter), Markets"
Papua New Guinea,20.1,15.4,25.1,11.55,"Bottle of Wine (Mid-Range), Markets"
Papua New Guinea,20.1,15.4,25.1,2.53,"Domestic Beer (0.5 Liter Bottle), Markets"
Papua New Guinea,20.1,15.4,25.1,3.24,"Imported Beer (0.33 Liter Bottle), Markets"
Papua New Guinea,20.1,15.4,25.1,6.48,"Cigarettes (Pack of 20, Marlboro), Markets"
Papua New Guinea,20.1,15.4,25.1,6.13,"Chicken Fillets (1 kg), Markets"
Papua New Guinea,20.1,15.4,25.1,4.01,"Apples (1 kg), Markets"
Papua New Guinea,20.1,15.4,25.1,4.7,"Oranges (1 kg), Markets"
Papua New Guinea,20.1,15.4,25.1,3.86,"Potatoes (1 kg), Markets"
Papua New Guinea,20.1,15.4,25.1,2.89,"Lettuce (1 Head), Markets"
Papua New Guinea,20.1,15.4,25.1,2.42,"Cappuccino (Regular Size), Restaurants"
Papua New Guinea,20.1,15.4,25.1,1.46,"White Rice (1 kg), Markets"
Papua New Guinea,20.1,15.4,25.1,5.12,"Tomatoes (1 kg), Markets"
Papua New Guinea,20.1,15.4,25.1,2.74,"Bananas (1 kg), Markets"
Papua New Guinea,20.1,15.4,25.1,2.42,"Onions (1 kg), Markets"
Papua New Guinea,20.1,15.4,25.1,8.29,"Beef Round or Equivalent Back Leg Red Meat (1 kg), Markets"
Gabon,20,10.3,30.2,17.75,"Meal at an Inexpensive Restaurant, Restaurants"
Gabon,20,10.3,30.2,71.01,"Meal for Two at a Mid-Range Restaurant (Three Courses, Without Drinks), Restaurants"
Gabon,20,10.3,30.2,17.75,"Combo Meal at McDonald's (or Equivalent Fast-Food Meal), Restaurants"
Gabon,20,10.3,30.2,2.31,"Domestic Draft Beer (0.5 Liter), Restaurants"
Gabon,20,10.3,30.2,1.78,"Imported Beer (0.33 Liter Bottle), Restaurants"
Gabon,20,10.3,30.2,1.48,"Soft Drink (Coca-Cola or Pepsi, 0.33 Liter Bottle), Restaurants"
Gabon,20,10.3,30.2,1.69,"Bottled Water (0.33 Liter), Restaurants"
Gabon,20,10.3,30.2,3.03,"Milk (Regular, 1 Liter), Markets"
Gabon,20,10.3,30.2,1.52,"Fresh White Bread (500 g Loaf), Markets"
Gabon,20,10.3,30.2,5.5,"Eggs (12, Large Size), Markets"
Gabon,20,10.3,30.2,9.32,"Local Cheese (1 kg), Markets"
Gabon,20,10.3,30.2,1.95,"Bottled Water (1.5 Liter), Markets"
Gabon,20,10.3,30.2,10.39,"Bottle of Wine (Mid-Range), Markets"
Gabon,20,10.3,30.2,0.89,"Domestic Beer (0.5 Liter Bottle), Markets"
Gabon,20,10.3,30.2,1.78,"Imported Beer (0.33 Liter Bottle), Markets"
Gabon,20,10.3,30.2,2.66,"Cigarettes (Pack of 20, Marlboro), Markets"
Gabon,20,10.3,30.2,8.88,"Chicken Fillets (1 kg), Markets"
Gabon,20,10.3,30.2,4.44,"Apples (1 kg), Markets"
Gabon,20,10.3,30.2,3.55,"Oranges (1 kg), Markets"
Gabon,20,10.3,30.2,3.55,"Potatoes (1 kg), Markets"
Gabon,20,10.3,30.2,3.55,"Lettuce (1 Head), Markets"
Gabon,20,10.3,30.2,8.88,"Cappuccino (Regular Size), Restaurants"
Gabon,20,10.3,30.2,4.35,"White Rice (1 kg), Markets"
Gabon,20,10.3,30.2,3.55,"Tomatoes (1 kg), Markets"
Gabon,20,10.3,30.2,4.44,"Bananas (1 kg), Markets"
Gabon,20,10.3,30.2,3.55,"Onions (1 kg), Markets"
Gabon,20,10.3,30.2,26.63,"Beef Round or Equivalent Back Leg Red Meat (1 kg), Markets"
Vanuatu,19.9,15.1,24.7,12.28,"Meal at an Inexpensive Restaurant, Restaurants"
Vanuatu,19.9,15.1,24.7,65.49,"Meal for Two at a Mid-Range Restaurant (Three Courses, Without Drinks), Restaurants"
Vanuatu,19.9,15.1,24.7,9.44,"Combo Meal at McDonald's (or Equivalent Fast-Food Meal), Restaurants"
Vanuatu,19.9,15.1,24.7,4.77,"Domestic Draft Beer (0.5 Liter), Restaurants"
Vanuatu,19.9,15.1,24.7,5.95,"Imported Beer (0.33 Liter Bottle), Restaurants"
Vanuatu,19.9,15.1,24.7,2.52,"Soft Drink (Coca-Cola or Pepsi, 0.33 Liter Bottle), Restaurants"
Vanuatu,19.9,15.1,24.7,1.91,"Bottled Water (0.33 Liter), Restaurants"
Vanuatu,19.9,15.1,24.7,2.56,"Milk (Regular, 1 Liter), Markets"
Vanuatu,19.9,15.1,24.7,2.76,"Fresh White Bread (500 g Loaf), Markets"
Vanuatu,19.9,15.1,24.7,5.21,"Eggs (12, Large Size), Markets"
Vanuatu,19.9,15.1,24.7,19.65,"Local Cheese (1 kg), Markets"
Vanuatu,19.9,15.1,24.7,1.33,"Bottled Water (1.5 Liter), Markets"
Vanuatu,19.9,15.1,24.7,16.37,"Bottle of Wine (Mid-Range), Markets"
Vanuatu,19.9,15.1,24.7,2.93,"Domestic Beer (0.5 Liter Bottle), Markets"
Vanuatu,19.9,15.1,24.7,2.87,"Imported Beer (0.33 Liter Bottle), Markets"
Vanuatu,19.9,15.1,24.7,9.41,"Cigarettes (Pack of 20, Marlboro), Markets"
Vanuatu,19.9,15.1,24.7,16.37,"Chicken Fillets (1 kg), Markets"
Vanuatu,19.9,15.1,24.7,4.64,"Apples (1 kg), Markets"
Vanuatu,19.9,15.1,24.7,5.29,"Oranges (1 kg), Markets"
Vanuatu,19.9,15.1,24.7,4.99,"Potatoes (1 kg), Markets"
Vanuatu,19.9,15.1,24.7,2.87,"Lettuce (1 Head), Markets"
Vanuatu,19.9,15.1,24.7,5.6,"Cappuccino (Regular Size), Restaurants"
Vanuatu,19.9,15.1,24.7,3.64,"White Rice (1 kg), Markets"
Vanuatu,19.9,15.1,24.7,4.91,"Tomatoes (1 kg), Markets"
Vanuatu,19.9,15.1,24.7,2.73,"Bananas (1 kg), Markets"
Vanuatu,19.9,15.1,24.7,2.81,"Onions (1 kg), Markets"
Vanuatu,19.9,15.1,24.7,16.54,"Beef Round or Equivalent Back Leg Red Meat (1 kg), Markets"
Norway,19.8,21.1,18.5,21.75,"Meal at an Inexpensive Restaurant, Restaurants"
Norway,19.8,21.1,18.5,104.38,"Meal for Two at a Mid-Range Restaurant (Three Courses, Without Drinks), Restaurants"
Norway,19.8,21.1,18.5,14.83,"Combo Meal at McDonald's (or Equivalent Fast-Food Meal), Restaurants"
Norway,19.8,21.1,18.5,10.88,"Domestic Draft Beer (0.5 Liter), Restaurants"
Norway,19.8,21.1,18.5,9.89,"Imported Beer (0.33 Liter Bottle), Restaurants"
Norway,19.8,21.1,18.5,3.45,"Soft Drink (Coca-Cola or Pepsi, 0.33 Liter Bottle), Restaurants"
Norway,19.8,21.1,18.5,2.83,"Bottled Water (0.33 Liter), Restaurants"
Norway,19.8,21.1,18.5,2.25,"Milk (Regular, 1 Liter), Markets"
Norway,19.8,21.1,18.5,3.46,"Fresh White Bread (500 g Loaf), Markets"
Norway,19.8,21.1,18.5,4.61,"Eggs (12, Large Size), Markets"
Norway,19.8,21.1,18.5,12.3,"Local Cheese (1 kg), Markets"
Norway,19.8,21.1,18.5,2.17,"Bottled Water (1.5 Liter), Markets"
Norway,19.8,21.1,18.5,16.81,"Bottle of Wine (Mid-Range), Markets"
Norway,19.8,21.1,18.5,3.36,"Domestic Beer (0.5 Liter Bottle), Markets"
Norway,19.8,21.1,18.5,4.19,"Imported Beer (0.33 Liter Bottle), Markets"
Norway,19.8,21.1,18.5,15.82,"Cigarettes (Pack of 20, Marlboro), Markets"
Norway,19.8,21.1,18.5,15.25,"Chicken Fillets (1 kg), Markets"
Norway,19.8,21.1,18.5,3.47,"Apples (1 kg), Markets"
Norway,19.8,21.1,18.5,3.33,"Oranges (1 kg), Markets"
Norway,19.8,21.1,18.5,2.38,"Potatoes (1 kg), Markets"
Norway,19.8,21.1,18.5,2.75,"Lettuce (1 Head), Markets"
Norway,19.8,21.1,18.5,5.02,"Cappuccino (Regular Size), Restaurants"
Norway,19.8,21.1,18.5,3.31,"White Rice (1 kg), Markets"
Norway,19.8,21.1,18.5,4.77,"Tomatoes (1 kg), Markets"
Norway,19.8,21.1,18.5,2.57,"Bananas (1 kg), Markets"
Norway,19.8,21.1,18.5,2.67,"Onions (1 kg), Markets"
Norway,19.8,21.1,18.5,30.15,"Beef Round or Equivalent Back Leg Red Meat (1 kg), Markets"
Mauritius,19.5,13,25.6,6.51,"Meal at an Inexpensive Restaurant, Restaurants"
Mauritius,19.5,13,25.6,43.42,"Meal for Two at a Mid-Range Restaurant (Three Courses, Without Drinks), Restaurants"
Mauritius,19.5,13,25.6,6.51,"Combo Meal at McDonald's (or Equivalent Fast-Food Meal), Restaurants"
Mauritius,19.5,13,25.6,2.17,"Domestic Draft Beer (0.5 Liter), Restaurants"
Mauritius,19.5,13,25.6,3.26,"Imported Beer (0.33 Liter Bottle), Restaurants"
Mauritius,19.5,13,25.6,1.05,"Soft Drink (Coca-Cola or Pepsi, 0.33 Liter Bottle), Restaurants"
Mauritius,19.5,13,25.6,0.68,"Bottled Water (0.33 Liter), Restaurants"
Mauritius,19.5,13,25.6,1.41,"Milk (Regular, 1 Liter), Markets"
Mauritius,19.5,13,25.6,0.69,"Fresh White Bread (500 g Loaf), Markets"
Mauritius,19.5,13,25.6,2.3,"Eggs (12, Large Size), Markets"
Mauritius,19.5,13,25.6,9.43,"Local Cheese (1 kg), Markets"
Mauritius,19.5,13,25.6,0.65,"Bottled Water (1.5 Liter), Markets"
Mauritius,19.5,13,25.6,10.86,"Bottle of Wine (Mid-Range), Markets"
Mauritius,19.5,13,25.6,1.68,"Domestic Beer (0.5 Liter Bottle), Markets"
Mauritius,19.5,13,25.6,2.05,"Imported Beer (0.33 Liter Bottle), Markets"
Mauritius,19.5,13,25.6,6.51,"Cigarettes (Pack of 20, Marlboro), Markets"
Mauritius,19.5,13,25.6,5.69,"Chicken Fillets (1 kg), Markets"
Mauritius,19.5,13,25.6,2.27,"Apples (1 kg), Markets"
Mauritius,19.5,13,25.6,2.19,"Oranges (1 kg), Markets"
Mauritius,19.5,13,25.6,1.06,"Potatoes (1 kg), Markets"
Mauritius,19.5,13,25.6,0.88,"Lettuce (1 Head), Markets"
Mauritius,19.5,13,25.6,2.52,"Cappuccino (Regular Size), Restaurants"
Mauritius,19.5,13,25.6,1.89,"White Rice (1 kg), Markets"
Mauritius,19.5,13,25.6,2.89,"Tomatoes (1 kg), Markets"
Mauritius,19.5,13,25.6,1.98,"Bananas (1 kg), Markets"
Mauritius,19.5,13,25.6,1.07,"Onions (1 kg), Markets"
Mauritius,19.5,13,25.6,12.38,"Beef Round or Equivalent Back Leg Red Meat (1 kg), Markets"
Kazakhstan,19.3,18.5,20.1,8.9,"Meal at an Inexpensive Restaurant, Restaurants"
Kazakhstan,19.3,18.5,20.1,31.65,"Meal for Two at a Mid-Range Restaurant (Three Courses, Without Drinks), Restaurants"
Kazakhstan,19.3,18.5,20.1,6.43,"Combo Meal at McDonald's (or Equivalent Fast-Food Meal), Restaurants"
Kazakhstan,19.3,18.5,20.1,1.24,"Domestic Draft Beer (0.5 Liter), Restaurants"
Kazakhstan,19.3,18.5,20.1,2.37,"Imported Beer (0.33 Liter Bottle), Restaurants"
Kazakhstan,19.3,18.5,20.1,0.98,"Soft Drink (Coca-Cola or Pepsi, 0.33 Liter Bottle), Restaurants"
Kazakhstan,19.3,18.5,20.1,0.56,"Bottled Water (0.33 Liter), Restaurants"
Kazakhstan,19.3,18.5,20.1,1.18,"Milk (Regular, 1 Liter), Markets"
Kazakhstan,19.3,18.5,20.1,0.44,"Fresh White Bread (500 g Loaf), Markets"
Kazakhstan,19.3,18.5,20.1,1.64,"Eggs (12, Large Size), Markets"
Kazakhstan,19.3,18.5,20.1,9.47,"Local Cheese (1 kg), Markets"
Kazakhstan,19.3,18.5,20.1,0.76,"Bottled Water (1.5 Liter), Markets"
Kazakhstan,19.3,18.5,20.1,7.52,"Bottle of Wine (Mid-Range), Markets"
Kazakhstan,19.3,18.5,20.1,0.95,"Domestic Beer (0.5 Liter Bottle), Markets"
Kazakhstan,19.3,18.5,20.1,1.8,"Imported Beer (0.33 Liter Bottle), Markets"
Kazakhstan,19.3,18.5,20.1,1.98,"Cigarettes (Pack of 20, Marlboro), Markets"
Kazakhstan,19.3,18.5,20.1,4.72,"Chicken Fillets (1 kg), Markets"
Kazakhstan,19.3,18.5,20.1,1.34,"Apples (1 kg), Markets"
Kazakhstan,19.3,18.5,20.1,1.99,"Oranges (1 kg), Markets"
Kazakhstan,19.3,18.5,20.1,0.62,"Potatoes (1 kg), Markets"
Kazakhstan,19.3,18.5,20.1,1.13,"Lettuce (1 Head), Markets"
Kazakhstan,19.3,18.5,20.1,2.15,"Cappuccino (Regular Size), Restaurants"
Kazakhstan,19.3,18.5,20.1,1.45,"White Rice (1 kg), Markets"
Kazakhstan,19.3,18.5,20.1,1.84,"Tomatoes (1 kg), Markets"
Kazakhstan,19.3,18.5,20.1,1.94,"Bananas (1 kg), Markets"
Kazakhstan,19.3,18.5,20.1,0.42,"Onions (1 kg), Markets"
Kazakhstan,19.3,18.5,20.1,7.55,"Beef Round or Equivalent Back Leg Red Meat (1 kg), Markets"
Lesotho,19.3,7.4,30.7,8.83,"Meal at an Inexpensive Restaurant, Restaurants"
Lesotho,19.3,7.4,30.7,29.42,"Meal for Two at a Mid-Range Restaurant (Three Courses, Without Drinks), Restaurants"
Lesotho,19.3,7.4,30.7,8.83,"Combo Meal at McDonald's (or Equivalent Fast-Food Meal), Restaurants"
Lesotho,19.3,7.4,30.7,1.77,"Domestic Draft Beer (0.5 Liter), Restaurants"
Lesotho,19.3,7.4,30.7,2.21,"Imported Beer (0.33 Liter Bottle), Restaurants"
Lesotho,19.3,7.4,30.7,1.24,"Soft Drink (Coca-Cola or Pepsi, 0.33 Liter Bottle), Restaurants"
Lesotho,19.3,7.4,30.7,0.82,"Bottled Water (0.33 Liter), Restaurants"
Lesotho,19.3,7.4,30.7,1.07,"Milk (Regular, 1 Liter), Markets"
Lesotho,19.3,7.4,30.7,0.77,"Fresh White Bread (500 g Loaf), Markets"
Lesotho,19.3,7.4,30.7,1.47,"Eggs (12, Large Size), Markets"
Lesotho,19.3,7.4,30.7,6.32,"Local Cheese (1 kg), Markets"
Lesotho,19.3,7.4,30.7,0.8,"Bottled Water (1.5 Liter), Markets"
Lesotho,19.3,7.4,30.7,4.71,"Bottle of Wine (Mid-Range), Markets"
Lesotho,19.3,7.4,30.7,1.39,"Domestic Beer (0.5 Liter Bottle), Markets"
Lesotho,19.3,7.4,30.7,1.62,"Imported Beer (0.33 Liter Bottle), Markets"
Lesotho,19.3,7.4,30.7,5,"Cigarettes (Pack of 20, Marlboro), Markets"
Lesotho,19.3,7.4,30.7,6.03,"Chicken Fillets (1 kg), Markets"
Lesotho,19.3,7.4,30.7,1.76,"Apples (1 kg), Markets"
Lesotho,19.3,7.4,30.7,2.35,"Oranges (1 kg), Markets"
Lesotho,19.3,7.4,30.7,1.51,"Potatoes (1 kg), Markets"
Lesotho,19.3,7.4,30.7,1.51,"Lettuce (1 Head), Markets"
Lesotho,19.3,7.4,30.7,1.54,"Cappuccino (Regular Size), Restaurants"
Lesotho,19.3,7.4,30.7,2.06,"White Rice (1 kg), Markets"
Lesotho,19.3,7.4,30.7,2.35,"Tomatoes (1 kg), Markets"
Lesotho,19.3,7.4,30.7,1.82,"Bananas (1 kg), Markets"
Lesotho,19.3,7.4,30.7,1.21,"Onions (1 kg), Markets"
Lesotho,19.3,7.4,30.7,5.37,"Beef Round or Equivalent Back Leg Red Meat (1 kg), Markets"
Spain,19.2,21.7,16.8,17.18,"Meal at an Inexpensive Restaurant, Restaurants"
Spain,19.2,21.7,16.8,58.22,"Meal for Two at a Mid-Range Restaurant (Three Courses, Without Drinks), Restaurants"
Spain,19.2,21.7,16.8,11.64,"Combo Meal at McDonald's (or Equivalent Fast-Food Meal), Restaurants"
Spain,19.2,21.7,16.8,3.49,"Domestic Draft Beer (0.5 Liter), Restaurants"
Spain,19.2,21.7,16.8,4.08,"Imported Beer (0.33 Liter Bottle), Restaurants"
Spain,19.2,21.7,16.8,2.56,"Soft Drink (Coca-Cola or Pepsi, 0.33 Liter Bottle), Restaurants"
Spain,19.2,21.7,16.8,1.87,"Bottled Water (0.33 Liter), Restaurants"
Spain,19.2,21.7,16.8,1.21,"Milk (Regular, 1 Liter), Markets"
Spain,19.2,21.7,16.8,1.56,"Fresh White Bread (500 g Loaf), Markets"
Spain,19.2,21.7,16.8,3.16,"Eggs (12, Large Size), Markets"
Spain,19.2,21.7,16.8,14.41,"Local Cheese (1 kg), Markets"
Spain,19.2,21.7,16.8,0.78,"Bottled Water (1.5 Liter), Markets"
Spain,19.2,21.7,16.8,5.82,"Bottle of Wine (Mid-Range), Markets"
Spain,19.2,21.7,16.8,1.31,"Domestic Beer (0.5 Liter Bottle), Markets"
Spain,19.2,21.7,16.8,2.18,"Imported Beer (0.33 Liter Bottle), Markets"
Spain,19.2,21.7,16.8,6.61,"Cigarettes (Pack of 20, Marlboro), Markets"
Spain,19.2,21.7,16.8,8.55,"Chicken Fillets (1 kg), Markets"
Spain,19.2,21.7,16.8,2.5,"Apples (1 kg), Markets"
Spain,19.2,21.7,16.8,2.12,"Oranges (1 kg), Markets"
Spain,19.2,21.7,16.8,1.84,"Potatoes (1 kg), Markets"
Spain,19.2,21.7,16.8,1.33,"Lettuce (1 Head), Markets"
Spain,19.2,21.7,16.8,2.39,"Cappuccino (Regular Size), Restaurants"
Spain,19.2,21.7,16.8,1.64,"White Rice (1 kg), Markets"
Spain,19.2,21.7,16.8,2.61,"Tomatoes (1 kg), Markets"
Spain,19.2,21.7,16.8,2.07,"Bananas (1 kg), Markets"
Spain,19.2,21.7,16.8,2.01,"Onions (1 kg), Markets"
Spain,19.2,21.7,16.8,16,"Beef Round or Equivalent Back Leg Red Meat (1 kg), Markets"
Afghanistan,17.6,13.4,21.8,2.3,"Meal at an Inexpensive Restaurant, Restaurants"
Afghanistan,17.6,13.4,21.8,10.36,"Meal for Two at a Mid-Range Restaurant (Three Courses, Without Drinks), Restaurants"
Afghanistan,17.6,13.4,21.8,3.83,"Combo Meal at McDonald's (or Equivalent Fast-Food Meal), Restaurants"
Afghanistan,17.6,13.4,21.8,3.07,"Domestic Draft Beer (0.5 Liter), Restaurants"
Afghanistan,17.6,13.4,21.8,7.66,"Imported Beer (0.33 Liter Bottle), Restaurants"
Afghanistan,17.6,13.4,21.8,0.43,"Soft Drink (Coca-Cola or Pepsi, 0.33 Liter Bottle), Restaurants"
Afghanistan,17.6,13.4,21.8,0.16,"Bottled Water (0.33 Liter), Restaurants"
Afghanistan,17.6,13.4,21.8,0.79,"Milk (Regular, 1 Liter), Markets"
Afghanistan,17.6,13.4,21.8,0.24,"Fresh White Bread (500 g Loaf), Markets"
Afghanistan,17.6,13.4,21.8,1.67,"Eggs (12, Large Size), Markets"
Afghanistan,17.6,13.4,21.8,4.1,"Local Cheese (1 kg), Markets"
Afghanistan,17.6,13.4,21.8,0.34,"Bottled Water (1.5 Liter), Markets"
Afghanistan,17.6,13.4,21.8,1.84,"Bottle of Wine (Mid-Range), Markets"
Afghanistan,17.6,13.4,21.8,0.66,"Domestic Beer (0.5 Liter Bottle), Markets"
Afghanistan,17.6,13.4,21.8,1.11,"Imported Beer (0.33 Liter Bottle), Markets"
Afghanistan,17.6,13.4,21.8,2.3,"Cigarettes (Pack of 20, Marlboro), Markets"
Afghanistan,17.6,13.4,21.8,3.61,"Chicken Fillets (1 kg), Markets"
Afghanistan,17.6,13.4,21.8,0.64,"Apples (1 kg), Markets"
Afghanistan,17.6,13.4,21.8,0.83,"Oranges (1 kg), Markets"
Afghanistan,17.6,13.4,21.8,0.46,"Potatoes (1 kg), Markets"
Afghanistan,17.6,13.4,21.8,0.34,"Lettuce (1 Head), Markets"
Afghanistan,17.6,13.4,21.8,0.97,"Cappuccino (Regular Size), Restaurants"
Afghanistan,17.6,13.4,21.8,1.86,"White Rice (1 kg), Markets"
Afghanistan,17.6,13.4,21.8,0.54,"Tomatoes (1 kg), Markets"
Afghanistan,17.6,13.4,21.8,0.85,"Bananas (1 kg), Markets"
Afghanistan,17.6,13.4,21.8,0.39,"Onions (1 kg), Markets"
Afghanistan,17.6,13.4,21.8,6.16,"Beef Round or Equivalent Back Leg Red Meat (1 kg), Markets"
Maldives,17.6,13.2,23.9,6.49,"Meal at an Inexpensive Restaurant, Restaurants"
Maldives,17.6,13.2,23.9,50.29,"Meal for Two at a Mid-Range Restaurant (Three Courses, Without Drinks), Restaurants"
Maldives,17.6,13.2,23.9,9.73,"Combo Meal at McDonald's (or Equivalent Fast-Food Meal), Restaurants"
Maldives,17.6,13.2,23.9,4.87,"Domestic Draft Beer (0.5 Liter), Restaurants"
Maldives,17.6,13.2,23.9,9.73,"Imported Beer (0.33 Liter Bottle), Restaurants"
Maldives,17.6,13.2,23.9,1.5,"Soft Drink (Coca-Cola or Pepsi, 0.33 Liter Bottle), Restaurants"
Maldives,17.6,13.2,23.9,0.31,"Bottled Water (0.33 Liter), Restaurants"
Maldives,17.6,13.2,23.9,1.72,"Milk (Regular, 1 Liter), Markets"
Maldives,17.6,13.2,23.9,1.51,"Fresh White Bread (500 g Loaf), Markets"
Maldives,17.6,13.2,23.9,1.62,"Eggs (12, Large Size), Markets"
Maldives,17.6,13.2,23.9,8.65,"Local Cheese (1 kg), Markets"
Maldives,17.6,13.2,23.9,0.66,"Bottled Water (1.5 Liter), Markets"
Maldives,17.6,13.2,23.9,9.73,"Bottle of Wine (Mid-Range), Markets"
Maldives,17.6,13.2,23.9,2.92,"Domestic Beer (0.5 Liter Bottle), Markets"
Maldives,17.6,13.2,23.9,4.33,"Imported Beer (0.33 Liter Bottle), Markets"
Maldives,17.6,13.2,23.9,12.98,"Cigarettes (Pack of 20, Marlboro), Markets"
Maldives,17.6,13.2,23.9,5.67,"Chicken Fillets (1 kg), Markets"
Maldives,17.6,13.2,23.9,4.13,"Apples (1 kg), Markets"
Maldives,17.6,13.2,23.9,3.81,"Oranges (1 kg), Markets"
Maldives,17.6,13.2,23.9,1.46,"Potatoes (1 kg), Markets"
Maldives,17.6,13.2,23.9,2.6,"Lettuce (1 Head), Markets"
Maldives,17.6,13.2,23.9,3.37,"Cappuccino (Regular Size), Restaurants"
Maldives,17.6,13.2,23.9,0.9,"White Rice (1 kg), Markets"
Maldives,17.6,13.2,23.9,3.14,"Tomatoes (1 kg), Markets"
Maldives,17.6,13.2,23.9,3.73,"Bananas (1 kg), Markets"
Maldives,17.6,13.2,23.9,1.19,"Onions (1 kg), Markets"
Maldives,17.6,13.2,23.9,10.33,"Beef Round or Equivalent Back Leg Red Meat (1 kg), Markets"
Botswana,17.5,7.9,26.5,8.47,"Meal at an Inexpensive Restaurant, Restaurants"
Botswana,17.5,7.9,26.5,30.1,"Meal for Two at a Mid-Range Restaurant (Three Courses, Without Drinks), Restaurants"
Botswana,17.5,7.9,26.5,6.02,"Combo Meal at McDonald's (or Equivalent Fast-Food Meal), Restaurants"
Botswana,17.5,7.9,26.5,2.14,"Domestic Draft Beer (0.5 Liter), Restaurants"
Botswana,17.5,7.9,26.5,2.45,"Imported Beer (0.33 Liter Bottle), Restaurants"
Botswana,17.5,7.9,26.5,0.95,"Soft Drink (Coca-Cola or Pepsi, 0.33 Liter Bottle), Restaurants"
Botswana,17.5,7.9,26.5,0.51,"Bottled Water (0.33 Liter), Restaurants"
Botswana,17.5,7.9,26.5,1.44,"Milk (Regular, 1 Liter), Markets"
Botswana,17.5,7.9,26.5,0.87,"Fresh White Bread (500 g Loaf), Markets"
Botswana,17.5,7.9,26.5,2.34,"Eggs (12, Large Size), Markets"
Botswana,17.5,7.9,26.5,7.02,"Local Cheese (1 kg), Markets"
Botswana,17.5,7.9,26.5,0.9,"Bottled Water (1.5 Liter), Markets"
Botswana,17.5,7.9,26.5,4.52,"Bottle of Wine (Mid-Range), Markets"
Botswana,17.5,7.9,26.5,1.6,"Domestic Beer (0.5 Liter Bottle), Markets"
Botswana,17.5,7.9,26.5,1.82,"Imported Beer (0.33 Liter Bottle), Markets"
Botswana,17.5,7.9,26.5,3.76,"Cigarettes (Pack of 20, Marlboro), Markets"
Botswana,17.5,7.9,26.5,5.42,"Chicken Fillets (1 kg), Markets"
Botswana,17.5,7.9,26.5,1.7,"Apples (1 kg), Markets"
Botswana,17.5,7.9,26.5,1.86,"Oranges (1 kg), Markets"
Botswana,17.5,7.9,26.5,1.5,"Potatoes (1 kg), Markets"
Botswana,17.5,7.9,26.5,1.29,"Lettuce (1 Head), Markets"
Botswana,17.5,7.9,26.5,2.21,"Cappuccino (Regular Size), Restaurants"
Botswana,17.5,7.9,26.5,1.98,"White Rice (1 kg), Markets"
Botswana,17.5,7.9,26.5,1.7,"Tomatoes (1 kg), Markets"
Botswana,17.5,7.9,26.5,1.49,"Bananas (1 kg), Markets"
Botswana,17.5,7.9,26.5,1.36,"Onions (1 kg), Markets"
Botswana,17.5,7.9,26.5,5.47,"Beef Round or Equivalent Back Leg Red Meat (1 kg), Markets"
Equatorial Guinea,17.2,7.3,29,14.2,"Meal at an Inexpensive Restaurant, Restaurants"
Equatorial Guinea,17.2,7.3,29,71.01,"Meal for Two at a Mid-Range Restaurant (Three Courses, Without Drinks), Restaurants"
Equatorial Guinea,17.2,7.3,29,8.88,"Combo Meal at McDonald's (or Equivalent Fast-Food Meal), Restaurants"
Equatorial Guinea,17.2,7.3,29,2.66,"Domestic Draft Beer (0.5 Liter), Restaurants"
Equatorial Guinea,17.2,7.3,29,4.44,"Imported Beer (0.33 Liter Bottle), Restaurants"
Equatorial Guinea,17.2,7.3,29,1.07,"Soft Drink (Coca-Cola or Pepsi, 0.33 Liter Bottle), Restaurants"
Equatorial Guinea,17.2,7.3,29,0.89,"Bottled Water (0.33 Liter), Restaurants"
Equatorial Guinea,17.2,7.3,29,2.62,"Milk (Regular, 1 Liter), Markets"
Equatorial Guinea,17.2,7.3,29,3.37,"Fresh White Bread (500 g Loaf), Markets"
Equatorial Guinea,17.2,7.3,29,3.31,"Eggs (12, Large Size), Markets"
Equatorial Guinea,17.2,7.3,29,8.7,"Local Cheese (1 kg), Markets"
Equatorial Guinea,17.2,7.3,29,2.04,"Bottled Water (1.5 Liter), Markets"
Equatorial Guinea,17.2,7.3,29,6.21,"Bottle of Wine (Mid-Range), Markets"
Equatorial Guinea,17.2,7.3,29,2.49,"Domestic Beer (0.5 Liter Bottle), Markets"
Equatorial Guinea,17.2,7.3,29,0.89,"Imported Beer (0.33 Liter Bottle), Markets"
Equatorial Guinea,17.2,7.3,29,4.93,"Cigarettes (Pack of 20, Marlboro), Markets"
Equatorial Guinea,17.2,7.3,29,7.02,"Chicken Fillets (1 kg), Markets"
Equatorial Guinea,17.2,7.3,29,5.86,"Apples (1 kg), Markets"
Equatorial Guinea,17.2,7.3,29,7.1,"Oranges (1 kg), Markets"
Equatorial Guinea,17.2,7.3,29,3.11,"Potatoes (1 kg), Markets"
Equatorial Guinea,17.2,7.3,29,0.89,"Lettuce (1 Head), Markets"
Equatorial Guinea,17.2,7.3,29,3.99,"Cappuccino (Regular Size), Restaurants"
Equatorial Guinea,17.2,7.3,29,2.31,"White Rice (1 kg), Markets"
Equatorial Guinea,17.2,7.3,29,3.99,"Tomatoes (1 kg), Markets"
Equatorial Guinea,17.2,7.3,29,1.78,"Bananas (1 kg), Markets"
Equatorial Guinea,17.2,7.3,29,3.11,"Onions (1 kg), Markets"
Equatorial Guinea,17.2,7.3,29,8.66,"Beef Round or Equivalent Back Leg Red Meat (1 kg), Markets"
Austria,17,20,14.3,17.47,"Meal at an Inexpensive Restaurant, Restaurants"
Austria,17,20,14.3,81.51,"Meal for Two at a Mid-Range Restaurant (Three Courses, Without Drinks), Restaurants"
Austria,17,20,14.3,12.81,"Combo Meal at McDonald's (or Equivalent Fast-Food Meal), Restaurants"
Austria,17,20,14.3,5.82,"Domestic Draft Beer (0.5 Liter), Restaurants"
Austria,17,20,14.3,5.24,"Imported Beer (0.33 Liter Bottle), Restaurants"
Austria,17,20,14.3,3.95,"Soft Drink (Coca-Cola or Pepsi, 0.33 Liter Bottle), Restaurants"
Austria,17,20,14.3,3.06,"Bottled Water (0.33 Liter), Restaurants"
Austria,17,20,14.3,1.73,"Milk (Regular, 1 Liter), Markets"
Austria,17,20,14.3,2.99,"Fresh White Bread (500 g Loaf), Markets"
Austria,17,20,14.3,4.8,"Eggs (12, Large Size), Markets"
Austria,17,20,14.3,20.5,"Local Cheese (1 kg), Markets"
Austria,17,20,14.3,0.93,"Bottled Water (1.5 Liter), Markets"
Austria,17,20,14.3,8.15,"Bottle of Wine (Mid-Range), Markets"
Austria,17,20,14.3,1.53,"Domestic Beer (0.5 Liter Bottle), Markets"
Austria,17,20,14.3,2.1,"Imported Beer (0.33 Liter Bottle), Markets"
Austria,17,20,14.3,7.57,"Cigarettes (Pack of 20, Marlboro), Markets"
Austria,17,20,14.3,14.94,"Chicken Fillets (1 kg), Markets"
Austria,17,20,14.3,3.08,"Apples (1 kg), Markets"
Austria,17,20,14.3,3.23,"Oranges (1 kg), Markets"
Austria,17,20,14.3,2.34,"Potatoes (1 kg), Markets"
Austria,17,20,14.3,2.01,"Lettuce (1 Head), Markets"
Austria,17,20,14.3,4.72,"Cappuccino (Regular Size), Restaurants"
Austria,17,20,14.3,2.65,"White Rice (1 kg), Markets"
Austria,17,20,14.3,4.59,"Tomatoes (1 kg), Markets"
Austria,17,20,14.3,2.48,"Bananas (1 kg), Markets"
Austria,17,20,14.3,2.16,"Onions (1 kg), Markets"
Austria,17,20,14.3,23.33,"Beef Round or Equivalent Back Leg Red Meat (1 kg), Markets"
Netherlands,16.9,16.8,17.1,23.29,"Meal at an Inexpensive Restaurant, Restaurants"
Netherlands,16.9,16.8,17.1,93.16,"Meal for Two at a Mid-Range Restaurant (Three Courses, Without Drinks), Restaurants"
Netherlands,16.9,16.8,17.1,13.97,"Combo Meal at McDonald's (or Equivalent Fast-Food Meal), Restaurants"
Netherlands,16.9,16.8,17.1,6.99,"Domestic Draft Beer (0.5 Liter), Restaurants"
Netherlands,16.9,16.8,17.1,5.82,"Imported Beer (0.33 Liter Bottle), Restaurants"
Netherlands,16.9,16.8,17.1,3.64,"Soft Drink (Coca-Cola or Pepsi, 0.33 Liter Bottle), Restaurants"
Netherlands,16.9,16.8,17.1,3,"Bottled Water (0.33 Liter), Restaurants"
Netherlands,16.9,16.8,17.1,1.37,"Milk (Regular, 1 Liter), Markets"
Netherlands,16.9,16.8,17.1,2.32,"Fresh White Bread (500 g Loaf), Markets"
Netherlands,16.9,16.8,17.1,4.97,"Eggs (12, Large Size), Markets"
Netherlands,16.9,16.8,17.1,14.31,"Local Cheese (1 kg), Markets"
Netherlands,16.9,16.8,17.1,0.94,"Bottled Water (1.5 Liter), Markets"
Netherlands,16.9,16.8,17.1,6.99,"Bottle of Wine (Mid-Range), Markets"
Netherlands,16.9,16.8,17.1,1.55,"Domestic Beer (0.5 Liter Bottle), Markets"
Netherlands,16.9,16.8,17.1,2.72,"Imported Beer (0.33 Liter Bottle), Markets"
Netherlands,16.9,16.8,17.1,14.56,"Cigarettes (Pack of 20, Marlboro), Markets"
Netherlands,16.9,16.8,17.1,15.27,"Chicken Fillets (1 kg), Markets"
Netherlands,16.9,16.8,17.1,2.74,"Apples (1 kg), Markets"
Netherlands,16.9,16.8,17.1,2.02,"Oranges (1 kg), Markets"
Netherlands,16.9,16.8,17.1,1.98,"Potatoes (1 kg), Markets"
Netherlands,16.9,16.8,17.1,1.3,"Lettuce (1 Head), Markets"
Netherlands,16.9,16.8,17.1,4.25,"Cappuccino (Regular Size), Restaurants"
Netherlands,16.9,16.8,17.1,2.94,"White Rice (1 kg), Markets"
Netherlands,16.9,16.8,17.1,4.43,"Tomatoes (1 kg), Markets"
Netherlands,16.9,16.8,17.1,2.53,"Bananas (1 kg), Markets"
Netherlands,16.9,16.8,17.1,2.06,"Onions (1 kg), Markets"
Netherlands,16.9,16.8,17.1,17.35,"Beef Round or Equivalent Back Leg Red Meat (1 kg), Markets"
Sweden,16.4,17.6,15.2,14.86,"Meal at an Inexpensive Restaurant, Restaurants"
Sweden,16.4,17.6,15.2,84.89,"Meal for Two at a Mid-Range Restaurant (Three Courses, Without Drinks), Restaurants"
Sweden,16.4,17.6,15.2,11.67,"Combo Meal at McDonald's (or Equivalent Fast-Food Meal), Restaurants"
Sweden,16.4,17.6,15.2,7.96,"Domestic Draft Beer (0.5 Liter), Restaurants"
Sweden,16.4,17.6,15.2,7.96,"Imported Beer (0.33 Liter Bottle), Restaurants"
Sweden,16.4,17.6,15.2,2.81,"Soft Drink (Coca-Cola or Pepsi, 0.33 Liter Bottle), Restaurants"
Sweden,16.4,17.6,15.2,2.3,"Bottled Water (0.33 Liter), Restaurants"
Sweden,16.4,17.6,15.2,1.71,"Milk (Regular, 1 Liter), Markets"
Sweden,16.4,17.6,15.2,3.04,"Fresh White Bread (500 g Loaf), Markets"
Sweden,16.4,17.6,15.2,4.44,"Eggs (12, Large Size), Markets"
Sweden,16.4,17.6,15.2,12.3,"Local Cheese (1 kg), Markets"
Sweden,16.4,17.6,15.2,1.47,"Bottled Water (1.5 Liter), Markets"
Sweden,16.4,17.6,15.2,11.67,"Bottle of Wine (Mid-Range), Markets"
Sweden,16.4,17.6,15.2,2.04,"Domestic Beer (0.5 Liter Bottle), Markets"
Sweden,16.4,17.6,15.2,2.23,"Imported Beer (0.33 Liter Bottle), Markets"
Sweden,16.4,17.6,15.2,7.96,"Cigarettes (Pack of 20, Marlboro), Markets"
Sweden,16.4,17.6,15.2,12.51,"Chicken Fillets (1 kg), Markets"
Sweden,16.4,17.6,15.2,3.25,"Apples (1 kg), Markets"
Sweden,16.4,17.6,15.2,3.15,"Oranges (1 kg), Markets"
Sweden,16.4,17.6,15.2,1.83,"Potatoes (1 kg), Markets"
Sweden,16.4,17.6,15.2,2.43,"Lettuce (1 Head), Markets"
Sweden,16.4,17.6,15.2,4.9,"Cappuccino (Regular Size), Restaurants"
Sweden,16.4,17.6,15.2,3.81,"White Rice (1 kg), Markets"
Sweden,16.4,17.6,15.2,4.5,"Tomatoes (1 kg), Markets"
Sweden,16.4,17.6,15.2,2.76,"Bananas (1 kg), Markets"
Sweden,16.4,17.6,15.2,1.75,"Onions (1 kg), Markets"
Sweden,16.4,17.6,15.2,19.52,"Beef Round or Equivalent Back Leg Red Meat (1 kg), Markets"
Liberia,16.2,12.5,19.8,7.5,"Meal at an Inexpensive Restaurant, Restaurants"
Liberia,16.2,12.5,19.8,150,"Meal for Two at a Mid-Range Restaurant (Three Courses, Without Drinks), Restaurants"
Liberia,16.2,12.5,19.8,11,"Combo Meal at McDonald's (or Equivalent Fast-Food Meal), Restaurants"
Liberia,16.2,12.5,19.8,3,"Domestic Draft Beer (0.5 Liter), Restaurants"
Liberia,16.2,12.5,19.8,3,"Imported Beer (0.33 Liter Bottle), Restaurants"
Liberia,16.2,12.5,19.8,2,"Soft Drink (Coca-Cola or Pepsi, 0.33 Liter Bottle), Restaurants"
Liberia,16.2,12.5,19.8,2,"Bottled Water (0.33 Liter), Restaurants"
Liberia,16.2,12.5,19.8,2.12,"Milk (Regular, 1 Liter), Markets"
Liberia,16.2,12.5,19.8,1.79,"Fresh White Bread (500 g Loaf), Markets"
Liberia,16.2,12.5,19.8,3.6,"Eggs (12, Large Size), Markets"
Liberia,16.2,12.5,19.8,11.81,"Local Cheese (1 kg), Markets"
Liberia,16.2,12.5,19.8,2,"Bottled Water (1.5 Liter), Markets"
Liberia,16.2,12.5,19.8,7,"Bottle of Wine (Mid-Range), Markets"
Liberia,16.2,12.5,19.8,2.5,"Domestic Beer (0.5 Liter Bottle), Markets"
Liberia,16.2,12.5,19.8,3.33,"Imported Beer (0.33 Liter Bottle), Markets"
Liberia,16.2,12.5,19.8,5,"Cigarettes (Pack of 20, Marlboro), Markets"
Liberia,16.2,12.5,19.8,11.85,"Chicken Fillets (1 kg), Markets"
Liberia,16.2,12.5,19.8,1.64,"Apples (1 kg), Markets"
Liberia,16.2,12.5,19.8,10.29,"Oranges (1 kg), Markets"
Liberia,16.2,12.5,19.8,1.75,"Potatoes (1 kg), Markets"
Liberia,16.2,12.5,19.8,4.67,"Lettuce (1 Head), Markets"
Liberia,16.2,12.5,19.8,3.33,"Cappuccino (Regular Size), Restaurants"
Liberia,16.2,12.5,19.8,5.16,"White Rice (1 kg), Markets"
Liberia,16.2,12.5,19.8,11.02,"Tomatoes (1 kg), Markets"
Liberia,16.2,12.5,19.8,8.45,"Bananas (1 kg), Markets"
Liberia,16.2,12.5,19.8,10.66,"Onions (1 kg), Markets"
Liberia,16.2,12.5,19.8,35.64,"Beef Round or Equivalent Back Leg Red Meat (1 kg), Markets"
Sudan,15.5,10.4,20.4,5,"Meal at an Inexpensive Restaurant, Restaurants"
Sudan,15.5,10.4,20.4,22.8,"Meal for Two at a Mid-Range Restaurant (Three Courses, Without Drinks), Restaurants"
Sudan,15.5,10.4,20.4,3.05,"Combo Meal at McDonald's (or Equivalent Fast-Food Meal), Restaurants"
Sudan,15.5,10.4,20.4,2,"Domestic Draft Beer (0.5 Liter), Restaurants"
Sudan,15.5,10.4,20.4,2.8,"Imported Beer (0.33 Liter Bottle), Restaurants"
Sudan,15.5,10.4,20.4,0.64,"Soft Drink (Coca-Cola or Pepsi, 0.33 Liter Bottle), Restaurants"
Sudan,15.5,10.4,20.4,0.44,"Bottled Water (0.33 Liter), Restaurants"
Sudan,15.5,10.4,20.4,1.58,"Milk (Regular, 1 Liter), Markets"
Sudan,15.5,10.4,20.4,1.22,"Fresh White Bread (500 g Loaf), Markets"
Sudan,15.5,10.4,20.4,2.99,"Eggs (12, Large Size), Markets"
Sudan,15.5,10.4,20.4,12.52,"Local Cheese (1 kg), Markets"
Sudan,15.5,10.4,20.4,0.63,"Bottled Water (1.5 Liter), Markets"
Sudan,15.5,10.4,20.4,4,"Bottle of Wine (Mid-Range), Markets"
Sudan,15.5,10.4,20.4,0.8,"Domestic Beer (0.5 Liter Bottle), Markets"
Sudan,15.5,10.4,20.4,2.83,"Imported Beer (0.33 Liter Bottle), Markets"
Sudan,15.5,10.4,20.4,1.5,"Cigarettes (Pack of 20, Marlboro), Markets"
Sudan,15.5,10.4,20.4,7.6,"Chicken Fillets (1 kg), Markets"
Sudan,15.5,10.4,20.4,4.77,"Apples (1 kg), Markets"
Sudan,15.5,10.4,20.4,2.3,"Oranges (1 kg), Markets"
Sudan,15.5,10.4,20.4,1.6,"Potatoes (1 kg), Markets"
Sudan,15.5,10.4,20.4,0.68,"Lettuce (1 Head), Markets"
Sudan,15.5,10.4,20.4,2.16,"Cappuccino (Regular Size), Restaurants"
Sudan,15.5,10.4,20.4,2.8,"White Rice (1 kg), Markets"
Sudan,15.5,10.4,20.4,2.1,"Tomatoes (1 kg), Markets"
Sudan,15.5,10.4,20.4,1.48,"Bananas (1 kg), Markets"
Sudan,15.5,10.4,20.4,1.17,"Onions (1 kg), Markets"
Sudan,15.5,10.4,20.4,8.13,"Beef Round or Equivalent Back Leg Red Meat (1 kg), Markets"
Comoros,15.5,7.5,23.5,6.4,"Meal at an Inexpensive Restaurant, Restaurants"
Comoros,15.5,7.5,23.5,19.5,"Meal for Two at a Mid-Range Restaurant (Three Courses, Without Drinks), Restaurants"
Comoros,15.5,7.5,23.5,8.28,"Combo Meal at McDonald's (or Equivalent Fast-Food Meal), Restaurants"
Comoros,15.5,7.5,23.5,1.08,"Domestic Draft Beer (0.5 Liter), Restaurants"
Comoros,15.5,7.5,23.5,1.94,"Imported Beer (0.33 Liter Bottle), Restaurants"
Comoros,15.5,7.5,23.5,1.04,"Soft Drink (Coca-Cola or Pepsi, 0.33 Liter Bottle), Restaurants"
Comoros,15.5,7.5,23.5,0.67,"Bottled Water (0.33 Liter), Restaurants"
Comoros,15.5,7.5,23.5,4.48,"Milk (Regular, 1 Liter), Markets"
Comoros,15.5,7.5,23.5,0.59,"Fresh White Bread (500 g Loaf), Markets"
Comoros,15.5,7.5,23.5,5.22,"Eggs (12, Large Size), Markets"
Comoros,15.5,7.5,23.5,8.01,"Local Cheese (1 kg), Markets"
Comoros,15.5,7.5,23.5,1.35,"Bottled Water (1.5 Liter), Markets"
Comoros,15.5,7.5,23.5,17.47,"Bottle of Wine (Mid-Range), Markets"
Comoros,15.5,7.5,23.5,0.99,"Domestic Beer (0.5 Liter Bottle), Markets"
Comoros,15.5,7.5,23.5,6.99,"Imported Beer (0.33 Liter Bottle), Markets"
Comoros,15.5,7.5,23.5,5.24,"Apples (1 kg), Markets"
Comoros,15.5,7.5,23.5,4.68,"Potatoes (1 kg), Markets"
Comoros,15.5,7.5,23.5,2.33,"Lettuce (1 Head), Markets"
Comoros,15.5,7.5,23.5,1.83,"Cappuccino (Regular Size), Restaurants"
Comoros,15.5,7.5,23.5,1.77,"White Rice (1 kg), Markets"
Comoros,15.5,7.5,23.5,4.29,"Tomatoes (1 kg), Markets"
Comoros,15.5,7.5,23.5,3.21,"Onions (1 kg), Markets"
Comoros,15.5,7.5,23.5,12.86,"Beef Round or Equivalent Back Leg Red Meat (1 kg), Markets"
Namibia,15.3,8.7,21.2,7.94,"Meal at an Inexpensive Restaurant, Restaurants"
Namibia,15.3,8.7,21.2,35.28,"Meal for Two at a Mid-Range Restaurant (Three Courses, Without Drinks), Restaurants"
Namibia,15.3,8.7,21.2,5,"Combo Meal at McDonald's (or Equivalent Fast-Food Meal), Restaurants"
Namibia,15.3,8.7,21.2,1.47,"Domestic Draft Beer (0.5 Liter), Restaurants"
Namibia,15.3,8.7,21.2,1.76,"Imported Beer (0.33 Liter Bottle), Restaurants"
Namibia,15.3,8.7,21.2,0.95,"Soft Drink (Coca-Cola or Pepsi, 0.33 Liter Bottle), Restaurants"
Namibia,15.3,8.7,21.2,0.94,"Bottled Water (0.33 Liter), Restaurants"
Namibia,15.3,8.7,21.2,1.43,"Milk (Regular, 1 Liter), Markets"
Namibia,15.3,8.7,21.2,0.89,"Fresh White Bread (500 g Loaf), Markets"
Namibia,15.3,8.7,21.2,2.83,"Eggs (12, Large Size), Markets"
Namibia,15.3,8.7,21.2,8.74,"Local Cheese (1 kg), Markets"
Namibia,15.3,8.7,21.2,1.1,"Bottled Water (1.5 Liter), Markets"
Namibia,15.3,8.7,21.2,5.88,"Bottle of Wine (Mid-Range), Markets"
Namibia,15.3,8.7,21.2,1.32,"Domestic Beer (0.5 Liter Bottle), Markets"
Namibia,15.3,8.7,21.2,1.76,"Imported Beer (0.33 Liter Bottle), Markets"
Namibia,15.3,8.7,21.2,3,"Cigarettes (Pack of 20, Marlboro), Markets"
Namibia,15.3,8.7,21.2,5.61,"Chicken Fillets (1 kg), Markets"
Namibia,15.3,8.7,21.2,2.01,"Apples (1 kg), Markets"
Namibia,15.3,8.7,21.2,1.71,"Oranges (1 kg), Markets"
Namibia,15.3,8.7,21.2,1.92,"Potatoes (1 kg), Markets"
Namibia,15.3,8.7,21.2,1.95,"Lettuce (1 Head), Markets"
Namibia,15.3,8.7,21.2,1.85,"Cappuccino (Regular Size), Restaurants"
Namibia,15.3,8.7,21.2,1.95,"White Rice (1 kg), Markets"
Namibia,15.3,8.7,21.2,2.09,"Tomatoes (1 kg), Markets"
Namibia,15.3,8.7,21.2,2,"Bananas (1 kg), Markets"
Namibia,15.3,8.7,21.2,1.76,"Onions (1 kg), Markets"
Namibia,15.3,8.7,21.2,8.22,"Beef Round or Equivalent Back Leg Red Meat (1 kg), Markets"
Cape Verde,15.1,7.8,22.2,5.81,"Meal at an Inexpensive Restaurant, Restaurants"
Cape Verde,15.1,7.8,22.2,52.85,"Meal for Two at a Mid-Range Restaurant (Three Courses, Without Drinks), Restaurants"
Cape Verde,15.1,7.8,22.2,6.87,"Combo Meal at McDonald's (or Equivalent Fast-Food Meal), Restaurants"
Cape Verde,15.1,7.8,22.2,3.49,"Domestic Draft Beer (0.5 Liter), Restaurants"
Cape Verde,15.1,7.8,22.2,2.22,"Imported Beer (0.33 Liter Bottle), Restaurants"
Cape Verde,15.1,7.8,22.2,2.22,"Soft Drink (Coca-Cola or Pepsi, 0.33 Liter Bottle), Restaurants"
Cape Verde,15.1,7.8,22.2,1.21,"Bottled Water (0.33 Liter), Restaurants"
Cape Verde,15.1,7.8,22.2,1.43,"Milk (Regular, 1 Liter), Markets"
Cape Verde,15.1,7.8,22.2,1.81,"Fresh White Bread (500 g Loaf), Markets"
Cape Verde,15.1,7.8,22.2,2.49,"Eggs (12, Large Size), Markets"
Cape Verde,15.1,7.8,22.2,14.63,"Local Cheese (1 kg), Markets"
Cape Verde,15.1,7.8,22.2,1.17,"Bottled Water (1.5 Liter), Markets"
Cape Verde,15.1,7.8,22.2,8.46,"Bottle of Wine (Mid-Range), Markets"
Cape Verde,15.1,7.8,22.2,2.2,"Domestic Beer (0.5 Liter Bottle), Markets"
Cape Verde,15.1,7.8,22.2,1.92,"Imported Beer (0.33 Liter Bottle), Markets"
Cape Verde,15.1,7.8,22.2,5.29,"Cigarettes (Pack of 20, Marlboro), Markets"
Cape Verde,15.1,7.8,22.2,9.51,"Chicken Fillets (1 kg), Markets"
Cape Verde,15.1,7.8,22.2,3.02,"Apples (1 kg), Markets"
Cape Verde,15.1,7.8,22.2,2.95,"Oranges (1 kg), Markets"
Cape Verde,15.1,7.8,22.2,1.5,"Potatoes (1 kg), Markets"
Cape Verde,15.1,7.8,22.2,1.48,"Lettuce (1 Head), Markets"
Cape Verde,15.1,7.8,22.2,2.06,"Cappuccino (Regular Size), Restaurants"
Cape Verde,15.1,7.8,22.2,1.88,"White Rice (1 kg), Markets"
Cape Verde,15.1,7.8,22.2,4.37,"Tomatoes (1 kg), Markets"
Cape Verde,15.1,7.8,22.2,2.58,"Bananas (1 kg), Markets"
Cape Verde,15.1,7.8,22.2,1.83,"Onions (1 kg), Markets"
Cape Verde,15.1,7.8,22.2,19.17,"Beef Round or Equivalent Back Leg Red Meat (1 kg), Markets"
Thailand,14.5,11.2,17.5,3.12,"Meal at an Inexpensive Restaurant, Restaurants"
Thailand,14.5,11.2,17.5,28.09,"Meal for Two at a Mid-Range Restaurant (Three Courses, Without Drinks), Restaurants"
Thailand,14.5,11.2,17.5,7.18,"Combo Meal at McDonald's (or Equivalent Fast-Food Meal), Restaurants"
Thailand,14.5,11.2,17.5,2.18,"Domestic Draft Beer (0.5 Liter), Restaurants"
Thailand,14.5,11.2,17.5,3.75,"Imported Beer (0.33 Liter Bottle), Restaurants"
Thailand,14.5,11.2,17.5,0.73,"Soft Drink (Coca-Cola or Pepsi, 0.33 Liter Bottle), Restaurants"
Thailand,14.5,11.2,17.5,0.36,"Bottled Water (0.33 Liter), Restaurants"
Thailand,14.5,11.2,17.5,1.89,"Milk (Regular, 1 Liter), Markets"
Thailand,14.5,11.2,17.5,1.42,"Fresh White Bread (500 g Loaf), Markets"
Thailand,14.5,11.2,17.5,2.17,"Eggs (12, Large Size), Markets"
Thailand,14.5,11.2,17.5,16.87,"Local Cheese (1 kg), Markets"
Thailand,14.5,11.2,17.5,0.53,"Bottled Water (1.5 Liter), Markets"
Thailand,14.5,11.2,17.5,18.71,"Bottle of Wine (Mid-Range), Markets"
Thailand,14.5,11.2,17.5,1.81,"Domestic Beer (0.5 Liter Bottle), Markets"
Thailand,14.5,11.2,17.5,3.02,"Imported Beer (0.33 Liter Bottle), Markets"
Thailand,14.5,11.2,17.5,4.53,"Cigarettes (Pack of 20, Marlboro), Markets"
Thailand,14.5,11.2,17.5,3,"Chicken Fillets (1 kg), Markets"
Thailand,14.5,11.2,17.5,3,"Apples (1 kg), Markets"
Thailand,14.5,11.2,17.5,2.09,"Oranges (1 kg), Markets"
Thailand,14.5,11.2,17.5,1.53,"Potatoes (1 kg), Markets"
Thailand,14.5,11.2,17.5,1.17,"Lettuce (1 Head), Markets"
Thailand,14.5,11.2,17.5,2.14,"Cappuccino (Regular Size), Restaurants"
Thailand,14.5,11.2,17.5,1.34,"White Rice (1 kg), Markets"
Thailand,14.5,11.2,17.5,1.79,"Tomatoes (1 kg), Markets"
Thailand,14.5,11.2,17.5,1.39,"Bananas (1 kg), Markets"
Thailand,14.5,11.2,17.5,1.32,"Onions (1 kg), Markets"
Thailand,14.5,11.2,17.5,10.74,"Beef Round or Equivalent Back Leg Red Meat (1 kg), Markets"
Denmark,14.3,16.7,12,23.39,"Meal at an Inexpensive Restaurant, Restaurants"
Denmark,14.3,16.7,12,109.14,"Meal for Two at a Mid-Range Restaurant (Three Courses, Without Drinks), Restaurants"
Denmark,14.3,16.7,12,14.81,"Combo Meal at McDonald's (or Equivalent Fast-Food Meal), Restaurants"
Denmark,14.3,16.7,12,8.58,"Domestic Draft Beer (0.5 Liter), Restaurants"
Denmark,14.3,16.7,12,7.8,"Imported Beer (0.33 Liter Bottle), Restaurants"
Denmark,14.3,16.7,12,4.23,"Soft Drink (Coca-Cola or Pepsi, 0.33 Liter Bottle), Restaurants"
Denmark,14.3,16.7,12,3.22,"Bottled Water (0.33 Liter), Restaurants"
Denmark,14.3,16.7,12,2.15,"Milk (Regular, 1 Liter), Markets"
Denmark,14.3,16.7,12,3.57,"Fresh White Bread (500 g Loaf), Markets"
Denmark,14.3,16.7,12,5.06,"Eggs (12, Large Size), Markets"
Denmark,14.3,16.7,12,14.97,"Local Cheese (1 kg), Markets"
Denmark,14.3,16.7,12,1.51,"Bottled Water (1.5 Liter), Markets"
Denmark,14.3,16.7,12,10.13,"Bottle of Wine (Mid-Range), Markets"
Denmark,14.3,16.7,12,1.95,"Domestic Beer (0.5 Liter Bottle), Markets"
Denmark,14.3,16.7,12,2.63,"Imported Beer (0.33 Liter Bottle), Markets"
Denmark,14.3,16.7,12,10.13,"Cigarettes (Pack of 20, Marlboro), Markets"
Denmark,14.3,16.7,12,12.43,"Chicken Fillets (1 kg), Markets"
Denmark,14.3,16.7,12,3.32,"Apples (1 kg), Markets"
Denmark,14.3,16.7,12,3.75,"Oranges (1 kg), Markets"
Denmark,14.3,16.7,12,2.28,"Potatoes (1 kg), Markets"
Denmark,14.3,16.7,12,2.19,"Lettuce (1 Head), Markets"
Denmark,14.3,16.7,12,6.54,"Cappuccino (Regular Size), Restaurants"
Denmark,14.3,16.7,12,2.52,"White Rice (1 kg), Markets"
Denmark,14.3,16.7,12,5,"Tomatoes (1 kg), Markets"
Denmark,14.3,16.7,12,3.31,"Bananas (1 kg), Markets"
Denmark,14.3,16.7,12,2.03,"Onions (1 kg), Markets"
Denmark,14.3,16.7,12,19.21,"Beef Round or Equivalent Back Leg Red Meat (1 kg), Markets"
Switzerland,13.7,16.6,10.9,31.12,"Meal at an Inexpensive Restaurant, Restaurants"
Switzerland,13.7,16.6,10.9,124.48,"Meal for Two at a Mid-Range Restaurant (Three Courses, Without Drinks), Restaurants"
Switzerland,13.7,16.6,10.9,18.67,"Combo Meal at McDonald's (or Equivalent Fast-Food Meal), Restaurants"
Switzerland,13.7,16.6,10.9,8.71,"Domestic Draft Beer (0.5 Liter), Restaurants"
Switzerland,13.7,16.6,10.9,7.47,"Imported Beer (0.33 Liter Bottle), Restaurants"
Switzerland,13.7,16.6,10.9,5.49,"Soft Drink (Coca-Cola or Pepsi, 0.33 Liter Bottle), Restaurants"
Switzerland,13.7,16.6,10.9,4.92,"Bottled Water (0.33 Liter), Restaurants"
Switzerland,13.7,16.6,10.9,2.25,"Milk (Regular, 1 Liter), Markets"
Switzerland,13.7,16.6,10.9,3.77,"Fresh White Bread (500 g Loaf), Markets"
Switzerland,13.7,16.6,10.9,7.63,"Eggs (12, Large Size), Markets"
Switzerland,13.7,16.6,10.9,26.85,"Local Cheese (1 kg), Markets"
Switzerland,13.7,16.6,10.9,1.39,"Bottled Water (1.5 Liter), Markets"
Switzerland,13.7,16.6,10.9,14.89,"Bottle of Wine (Mid-Range), Markets"
Switzerland,13.7,16.6,10.9,2.64,"Domestic Beer (0.5 Liter Bottle), Markets"
Switzerland,13.7,16.6,10.9,3.07,"Imported Beer (0.33 Liter Bottle), Markets"
Switzerland,13.7,16.6,10.9,11.2,"Cigarettes (Pack of 20, Marlboro), Markets"
Switzerland,13.7,16.6,10.9,29.64,"Chicken Fillets (1 kg), Markets"
Switzerland,13.7,16.6,10.9,3.64,"Apples (1 kg), Markets"
Switzerland,13.7,16.6,10.9,2.88,"Oranges (1 kg), Markets"
Switzerland,13.7,16.6,10.9,2.21,"Potatoes (1 kg), Markets"
Switzerland,13.7,16.6,10.9,2.4,"Lettuce (1 Head), Markets"
Switzerland,13.7,16.6,10.9,6.13,"Cappuccino (Regular Size), Restaurants"
Switzerland,13.7,16.6,10.9,4.03,"White Rice (1 kg), Markets"
Switzerland,13.7,16.6,10.9,5.81,"Tomatoes (1 kg), Markets"
Switzerland,13.7,16.6,10.9,2.2,"Bananas (1 kg), Markets"
Switzerland,13.7,16.6,10.9,2.23,"Onions (1 kg), Markets"
Switzerland,13.7,16.6,10.9,45.3,"Beef Round or Equivalent Back Leg Red Meat (1 kg), Markets"
Singapore,13.5,15.2,11.7,9.84,"Meal at an Inexpensive Restaurant, Restaurants"
Singapore,13.5,15.2,11.7,69.45,"Meal for Two at a Mid-Range Restaurant (Three Courses, Without Drinks), Restaurants"
Singapore,13.5,15.2,11.7,7.72,"Combo Meal at McDonald's (or Equivalent Fast-Food Meal), Restaurants"
Singapore,13.5,15.2,11.7,7.72,"Domestic Draft Beer (0.5 Liter), Restaurants"
Singapore,13.5,15.2,11.7,9.26,"Imported Beer (0.33 Liter Bottle), Restaurants"
Singapore,13.5,15.2,11.7,1.54,"Soft Drink (Coca-Cola or Pepsi, 0.33 Liter Bottle), Restaurants"
Singapore,13.5,15.2,11.7,1.12,"Bottled Water (0.33 Liter), Restaurants"
Singapore,13.5,15.2,11.7,2.92,"Milk (Regular, 1 Liter), Markets"
Singapore,13.5,15.2,11.7,2.25,"Fresh White Bread (500 g Loaf), Markets"
Singapore,13.5,15.2,11.7,3.18,"Eggs (12, Large Size), Markets"
Singapore,13.5,15.2,11.7,17.94,"Local Cheese (1 kg), Markets"
Singapore,13.5,15.2,11.7,1.3,"Bottled Water (1.5 Liter), Markets"
Singapore,13.5,15.2,11.7,23.15,"Bottle of Wine (Mid-Range), Markets"
Singapore,13.5,15.2,11.7,4.3,"Domestic Beer (0.5 Liter Bottle), Markets"
Singapore,13.5,15.2,11.7,5.19,"Imported Beer (0.33 Liter Bottle), Markets"
Singapore,13.5,15.2,11.7,12.93,"Cigarettes (Pack of 20, Marlboro), Markets"
Singapore,13.5,15.2,11.7,10.81,"Chicken Fillets (1 kg), Markets"
Singapore,13.5,15.2,11.7,4.33,"Apples (1 kg), Markets"
Singapore,13.5,15.2,11.7,5.03,"Oranges (1 kg), Markets"
Singapore,13.5,15.2,11.7,2.5,"Potatoes (1 kg), Markets"
Singapore,13.5,15.2,11.7,1.95,"Lettuce (1 Head), Markets"
Singapore,13.5,15.2,11.7,4.69,"Cappuccino (Regular Size), Restaurants"
Singapore,13.5,15.2,11.7,2.56,"White Rice (1 kg), Markets"
Singapore,13.5,15.2,11.7,2.33,"Tomatoes (1 kg), Markets"
Singapore,13.5,15.2,11.7,3.07,"Bananas (1 kg), Markets"
Singapore,13.5,15.2,11.7,2.26,"Onions (1 kg), Markets"
Singapore,13.5,15.2,11.7,21.19,"Beef Round or Equivalent Back Leg Red Meat (1 kg), Markets"
Cameroon,13.4,7.7,18.9,5.33,"Meal at an Inexpensive Restaurant, Restaurants"
Cameroon,13.4,7.7,18.9,102.08,"Meal for Two at a Mid-Range Restaurant (Three Courses, Without Drinks), Restaurants"
Cameroon,13.4,7.7,18.9,5.33,"Combo Meal at McDonald's (or Equivalent Fast-Food Meal), Restaurants"
Cameroon,13.4,7.7,18.9,1.24,"Domestic Draft Beer (0.5 Liter), Restaurants"
Cameroon,13.4,7.7,18.9,2.66,"Imported Beer (0.33 Liter Bottle), Restaurants"
Cameroon,13.4,7.7,18.9,1.56,"Soft Drink (Coca-Cola or Pepsi, 0.33 Liter Bottle), Restaurants"
Cameroon,13.4,7.7,18.9,0.7,"Bottled Water (0.33 Liter), Restaurants"
Cameroon,13.4,7.7,18.9,2.75,"Milk (Regular, 1 Liter), Markets"
Cameroon,13.4,7.7,18.9,0.72,"Fresh White Bread (500 g Loaf), Markets"
Cameroon,13.4,7.7,18.9,2.09,"Eggs (12, Large Size), Markets"
Cameroon,13.4,7.7,18.9,15.32,"Local Cheese (1 kg), Markets"
Cameroon,13.4,7.7,18.9,0.71,"Bottled Water (1.5 Liter), Markets"
Cameroon,13.4,7.7,18.9,8.88,"Bottle of Wine (Mid-Range), Markets"
Cameroon,13.4,7.7,18.9,1.38,"Domestic Beer (0.5 Liter Bottle), Markets"
Cameroon,13.4,7.7,18.9,1.97,"Imported Beer (0.33 Liter Bottle), Markets"
Cameroon,13.4,7.7,18.9,1.78,"Cigarettes (Pack of 20, Marlboro), Markets"
Cameroon,13.4,7.7,18.9,5.61,"Chicken Fillets (1 kg), Markets"
Cameroon,13.4,7.7,18.9,3.45,"Apples (1 kg), Markets"
Cameroon,13.4,7.7,18.9,1.67,"Oranges (1 kg), Markets"
Cameroon,13.4,7.7,18.9,1.93,"Potatoes (1 kg), Markets"
Cameroon,13.4,7.7,18.9,0.73,"Lettuce (1 Head), Markets"
Cameroon,13.4,7.7,18.9,1.94,"Cappuccino (Regular Size), Restaurants"
Cameroon,13.4,7.7,18.9,1.71,"White Rice (1 kg), Markets"
Cameroon,13.4,7.7,18.9,1.41,"Tomatoes (1 kg), Markets"
Cameroon,13.4,7.7,18.9,1.57,"Bananas (1 kg), Markets"
Cameroon,13.4,7.7,18.9,1.68,"Onions (1 kg), Markets"
Cameroon,13.4,7.7,18.9,5.97,"Beef Round or Equivalent Back Leg Red Meat (1 kg), Markets"
Gambia,13.2,8.5,17.8,6.51,"Meal at an Inexpensive Restaurant, Restaurants"
Gambia,13.2,8.5,17.8,75.69,"Meal for Two at a Mid-Range Restaurant (Three Courses, Without Drinks), Restaurants"
Gambia,13.2,8.5,17.8,8.15,"Combo Meal at McDonald's (or Equivalent Fast-Food Meal), Restaurants"
Gambia,13.2,8.5,17.8,4.66,"Domestic Draft Beer (0.5 Liter), Restaurants"
Gambia,13.2,8.5,17.8,4.66,"Imported Beer (0.33 Liter Bottle), Restaurants"
Gambia,13.2,8.5,17.8,2.01,"Soft Drink (Coca-Cola or Pepsi, 0.33 Liter Bottle), Restaurants"
Gambia,13.2,8.5,17.8,1.22,"Bottled Water (0.33 Liter), Restaurants"
Gambia,13.2,8.5,17.8,1.42,"Milk (Regular, 1 Liter), Markets"
Gambia,13.2,8.5,17.8,0.71,"Fresh White Bread (500 g Loaf), Markets"
Gambia,13.2,8.5,17.8,2.12,"Eggs (12, Large Size), Markets"
Gambia,13.2,8.5,17.8,6.16,"Local Cheese (1 kg), Markets"
Gambia,13.2,8.5,17.8,0.4,"Bottled Water (1.5 Liter), Markets"
Gambia,13.2,8.5,17.8,6.76,"Bottle of Wine (Mid-Range), Markets"
Gambia,13.2,8.5,17.8,1.56,"Domestic Beer (0.5 Liter Bottle), Markets"
Gambia,13.2,8.5,17.8,1.63,"Imported Beer (0.33 Liter Bottle), Markets"
Gambia,13.2,8.5,17.8,1.71,"Cigarettes (Pack of 20, Marlboro), Markets"
Gambia,13.2,8.5,17.8,8.77,"Chicken Fillets (1 kg), Markets"
Gambia,13.2,8.5,17.8,2.05,"Apples (1 kg), Markets"
Gambia,13.2,8.5,17.8,2.05,"Oranges (1 kg), Markets"
Gambia,13.2,8.5,17.8,1.01,"Potatoes (1 kg), Markets"
Gambia,13.2,8.5,17.8,0.27,"Lettuce (1 Head), Markets"
Gambia,13.2,8.5,17.8,3.19,"Cappuccino (Regular Size), Restaurants"
Gambia,13.2,8.5,17.8,1.18,"White Rice (1 kg), Markets"
Gambia,13.2,8.5,17.8,1.83,"Tomatoes (1 kg), Markets"
Gambia,13.2,8.5,17.8,1.6,"Bananas (1 kg), Markets"
Gambia,13.2,8.5,17.8,0.96,"Onions (1 kg), Markets"
Gambia,13.2,8.5,17.8,5.65,"Beef Round or Equivalent Back Leg Red Meat (1 kg), Markets"
Somalia,12.7,4.9,20.3,3.26,"Meal at an Inexpensive Restaurant, Restaurants"
Somalia,12.7,4.9,20.3,16.5,"Meal for Two at a Mid-Range Restaurant (Three Courses, Without Drinks), Restaurants"
Somalia,12.7,4.9,20.3,5,"Combo Meal at McDonald's (or Equivalent Fast-Food Meal), Restaurants"
Somalia,12.7,4.9,20.3,11,"Domestic Draft Beer (0.5 Liter), Restaurants"
Somalia,12.7,4.9,20.3,15,"Imported Beer (0.33 Liter Bottle), Restaurants"
Somalia,12.7,4.9,20.3,0.77,"Soft Drink (Coca-Cola or Pepsi, 0.33 Liter Bottle), Restaurants"
Somalia,12.7,4.9,20.3,0.34,"Bottled Water (0.33 Liter), Restaurants"
Somalia,12.7,4.9,20.3,1.45,"Milk (Regular, 1 Liter), Markets"
Somalia,12.7,4.9,20.3,1.01,"Fresh White Bread (500 g Loaf), Markets"
Somalia,12.7,4.9,20.3,2.32,"Eggs (12, Large Size), Markets"
Somalia,12.7,4.9,20.3,5,"Local Cheese (1 kg), Markets"
Somalia,12.7,4.9,20.3,0.79,"Bottled Water (1.5 Liter), Markets"
Somalia,12.7,4.9,20.3,3,"Bottle of Wine (Mid-Range), Markets"
Somalia,12.7,4.9,20.3,2,"Domestic Beer (0.5 Liter Bottle), Markets"
Somalia,12.7,4.9,20.3,1.2,"Cigarettes (Pack of 20, Marlboro), Markets"
Somalia,12.7,4.9,20.3,4.67,"Chicken Fillets (1 kg), Markets"
Somalia,12.7,4.9,20.3,2.5,"Apples (1 kg), Markets"
Somalia,12.7,4.9,20.3,2.59,"Oranges (1 kg), Markets"
Somalia,12.7,4.9,20.3,1.41,"Potatoes (1 kg), Markets"
Somalia,12.7,4.9,20.3,0.88,"Lettuce (1 Head), Markets"
Somalia,12.7,4.9,20.3,1.38,"Cappuccino (Regular Size), Restaurants"
Somalia,12.7,4.9,20.3,1.01,"White Rice (1 kg), Markets"
Somalia,12.7,4.9,20.3,1.25,"Tomatoes (1 kg), Markets"
Somalia,12.7,4.9,20.3,1.59,"Bananas (1 kg), Markets"
Somalia,12.7,4.9,20.3,1.53,"Onions (1 kg), Markets"
Somalia,12.7,4.9,20.3,5.12,"Beef Round or Equivalent Back Leg Red Meat (1 kg), Markets"
Zimbabwe,12.4,4.5,18.9,6.83,"Meal at an Inexpensive Restaurant, Restaurants"
Zimbabwe,12.4,4.5,18.9,50,"Meal for Two at a Mid-Range Restaurant (Three Courses, Without Drinks), Restaurants"
Zimbabwe,12.4,4.5,18.9,6,"Combo Meal at McDonald's (or Equivalent Fast-Food Meal), Restaurants"
Zimbabwe,12.4,4.5,18.9,1.5,"Domestic Draft Beer (0.5 Liter), Restaurants"
Zimbabwe,12.4,4.5,18.9,2,"Imported Beer (0.33 Liter Bottle), Restaurants"
Zimbabwe,12.4,4.5,18.9,0.71,"Soft Drink (Coca-Cola or Pepsi, 0.33 Liter Bottle), Restaurants"
Zimbabwe,12.4,4.5,18.9,0.48,"Bottled Water (0.33 Liter), Restaurants"
Zimbabwe,12.4,4.5,18.9,1.56,"Milk (Regular, 1 Liter), Markets"
Zimbabwe,12.4,4.5,18.9,1,"Fresh White Bread (500 g Loaf), Markets"
Zimbabwe,12.4,4.5,18.9,2.13,"Eggs (12, Large Size), Markets"
Zimbabwe,12.4,4.5,18.9,10.43,"Local Cheese (1 kg), Markets"
Zimbabwe,12.4,4.5,18.9,1.07,"Bottled Water (1.5 Liter), Markets"
Zimbabwe,12.4,4.5,18.9,7,"Bottle of Wine (Mid-Range), Markets"
Zimbabwe,12.4,4.5,18.9,1.17,"Domestic Beer (0.5 Liter Bottle), Markets"
Zimbabwe,12.4,4.5,18.9,1.82,"Imported Beer (0.33 Liter Bottle), Markets"
Zimbabwe,12.4,4.5,18.9,1.5,"Cigarettes (Pack of 20, Marlboro), Markets"
Zimbabwe,12.4,4.5,18.9,5.62,"Chicken Fillets (1 kg), Markets"
Zimbabwe,12.4,4.5,18.9,2.82,"Apples (1 kg), Markets"
Zimbabwe,12.4,4.5,18.9,2.24,"Oranges (1 kg), Markets"
Zimbabwe,12.4,4.5,18.9,1.57,"Potatoes (1 kg), Markets"
Zimbabwe,12.4,4.5,18.9,1.09,"Lettuce (1 Head), Markets"
Zimbabwe,12.4,4.5,18.9,2.69,"Cappuccino (Regular Size), Restaurants"
Zimbabwe,12.4,4.5,18.9,1.88,"White Rice (1 kg), Markets"
Zimbabwe,12.4,4.5,18.9,1.51,"Tomatoes (1 kg), Markets"
Zimbabwe,12.4,4.5,18.9,1.86,"Bananas (1 kg), Markets"
Zimbabwe,12.4,4.5,18.9,1.78,"Onions (1 kg), Markets"
Zimbabwe,12.4,4.5,18.9,5.86,"Beef Round or Equivalent Back Leg Red Meat (1 kg), Markets"
Ghana,12.1,4.7,19.3,6,"Meal at an Inexpensive Restaurant, Restaurants"
Ghana,12.1,4.7,19.3,45,"Meal for Two at a Mid-Range Restaurant (Three Courses, Without Drinks), Restaurants"
Ghana,12.1,4.7,19.3,8,"Combo Meal at McDonald's (or Equivalent Fast-Food Meal), Restaurants"
Ghana,12.1,4.7,19.3,1.49,"Domestic Draft Beer (0.5 Liter), Restaurants"
Ghana,12.1,4.7,19.3,2.5,"Imported Beer (0.33 Liter Bottle), Restaurants"
Ghana,12.1,4.7,19.3,0.97,"Soft Drink (Coca-Cola or Pepsi, 0.33 Liter Bottle), Restaurants"
Ghana,12.1,4.7,19.3,0.41,"Bottled Water (0.33 Liter), Restaurants"
Ghana,12.1,4.7,19.3,3.06,"Milk (Regular, 1 Liter), Markets"
Ghana,12.1,4.7,19.3,1.5,"Fresh White Bread (500 g Loaf), Markets"
Ghana,12.1,4.7,19.3,2.39,"Eggs (12, Large Size), Markets"
Ghana,12.1,4.7,19.3,8.6,"Local Cheese (1 kg), Markets"
Ghana,12.1,4.7,19.3,0.54,"Bottled Water (1.5 Liter), Markets"
Ghana,12.1,4.7,19.3,5.95,"Bottle of Wine (Mid-Range), Markets"
Ghana,12.1,4.7,19.3,1.24,"Domestic Beer (0.5 Liter Bottle), Markets"
Ghana,12.1,4.7,19.3,2.18,"Imported Beer (0.33 Liter Bottle), Markets"
Ghana,12.1,4.7,19.3,1.6,"Cigarettes (Pack of 20, Marlboro), Markets"
Ghana,12.1,4.7,19.3,5.33,"Chicken Fillets (1 kg), Markets"
Ghana,12.1,4.7,19.3,2.82,"Apples (1 kg), Markets"
Ghana,12.1,4.7,19.3,1.61,"Oranges (1 kg), Markets"
Ghana,12.1,4.7,19.3,2.85,"Potatoes (1 kg), Markets"
Ghana,12.1,4.7,19.3,0.85,"Lettuce (1 Head), Markets"
Ghana,12.1,4.7,19.3,3.43,"Cappuccino (Regular Size), Restaurants"
Ghana,12.1,4.7,19.3,2.44,"White Rice (1 kg), Markets"
Ghana,12.1,4.7,19.3,2.73,"Tomatoes (1 kg), Markets"
Ghana,12.1,4.7,19.3,1.43,"Bananas (1 kg), Markets"
Ghana,12.1,4.7,19.3,2.06,"Onions (1 kg), Markets"
Ghana,12.1,4.7,19.3,5.77,"Beef Round or Equivalent Back Leg Red Meat (1 kg), Markets"
Bhutan,12,9,15.4,2.78,"Meal at an Inexpensive Restaurant, Restaurants"
Bhutan,12,9,15.4,16.69,"Meal for Two at a Mid-Range Restaurant (Three Courses, Without Drinks), Restaurants"
Bhutan,12,9,15.4,3.34,"Combo Meal at McDonald's (or Equivalent Fast-Food Meal), Restaurants"
Bhutan,12,9,15.4,2.78,"Domestic Draft Beer (0.5 Liter), Restaurants"
Bhutan,12,9,15.4,2.23,"Imported Beer (0.33 Liter Bottle), Restaurants"
Bhutan,12,9,15.4,0.52,"Soft Drink (Coca-Cola or Pepsi, 0.33 Liter Bottle), Restaurants"
Bhutan,12,9,15.4,0.2,"Bottled Water (0.33 Liter), Restaurants"
Bhutan,12,9,15.4,0.81,"Milk (Regular, 1 Liter), Markets"
Bhutan,12,9,15.4,0.79,"Fresh White Bread (500 g Loaf), Markets"
Bhutan,12,9,15.4,1.88,"Eggs (12, Large Size), Markets"
Bhutan,12,9,15.4,3.13,"Local Cheese (1 kg), Markets"
Bhutan,12,9,15.4,0.37,"Bottled Water (1.5 Liter), Markets"
Bhutan,12,9,15.4,3.34,"Bottle of Wine (Mid-Range), Markets"
Bhutan,12,9,15.4,0.7,"Domestic Beer (0.5 Liter Bottle), Markets"
Bhutan,12,9,15.4,1.11,"Imported Beer (0.33 Liter Bottle), Markets"
Bhutan,12,9,15.4,3.62,"Cigarettes (Pack of 20, Marlboro), Markets"
Bhutan,12,9,15.4,3.48,"Chicken Fillets (1 kg), Markets"
Bhutan,12,9,15.4,2.67,"Apples (1 kg), Markets"
Bhutan,12,9,15.4,2.01,"Oranges (1 kg), Markets"
Bhutan,12,9,15.4,0.51,"Potatoes (1 kg), Markets"
Bhutan,12,9,15.4,0.39,"Lettuce (1 Head), Markets"
Bhutan,12,9,15.4,1.38,"Cappuccino (Regular Size), Restaurants"
Bhutan,12,9,15.4,0.66,"White Rice (1 kg), Markets"
Bhutan,12,9,15.4,0.9,"Tomatoes (1 kg), Markets"
Bhutan,12,9,15.4,1.65,"Bananas (1 kg), Markets"
Bhutan,12,9,15.4,0.67,"Onions (1 kg), Markets"
Bhutan,12,9,15.4,3.97,"Beef Round or Equivalent Back Leg Red Meat (1 kg), Markets"
Yemen,11.6,8.9,14.2,8,"Meal at an Inexpensive Restaurant, Restaurants"
Yemen,11.6,8.9,14.2,30,"Meal for Two at a Mid-Range Restaurant (Three Courses, Without Drinks), Restaurants"
Yemen,11.6,8.9,14.2,10.24,"Combo Meal at McDonald's (or Equivalent Fast-Food Meal), Restaurants"
Yemen,11.6,8.9,14.2,3.18,"Domestic Draft Beer (0.5 Liter), Restaurants"
Yemen,11.6,8.9,14.2,3.78,"Imported Beer (0.33 Liter Bottle), Restaurants"
Yemen,11.6,8.9,14.2,1.68,"Soft Drink (Coca-Cola or Pepsi, 0.33 Liter Bottle), Restaurants"
Yemen,11.6,8.9,14.2,0.73,"Bottled Water (0.33 Liter), Restaurants"
Yemen,11.6,8.9,14.2,2.42,"Milk (Regular, 1 Liter), Markets"
Yemen,11.6,8.9,14.2,1.2,"Fresh White Bread (500 g Loaf), Markets"
Yemen,11.6,8.9,14.2,4.83,"Eggs (12, Large Size), Markets"
Yemen,11.6,8.9,14.2,9.93,"Local Cheese (1 kg), Markets"
Yemen,11.6,8.9,14.2,1.13,"Bottled Water (1.5 Liter), Markets"
Yemen,11.6,8.9,14.2,2.31,"Bottle of Wine (Mid-Range), Markets"
Yemen,11.6,8.9,14.2,1.44,"Domestic Beer (0.5 Liter Bottle), Markets"
Yemen,11.6,8.9,14.2,2.87,"Imported Beer (0.33 Liter Bottle), Markets"
Yemen,11.6,8.9,14.2,5.03,"Cigarettes (Pack of 20, Marlboro), Markets"
Yemen,11.6,8.9,14.2,11.92,"Chicken Fillets (1 kg), Markets"
Yemen,11.6,8.9,14.2,4.84,"Apples (1 kg), Markets"
Yemen,11.6,8.9,14.2,4.4,"Oranges (1 kg), Markets"
Yemen,11.6,8.9,14.2,2.4,"Potatoes (1 kg), Markets"
Yemen,11.6,8.9,14.2,0.81,"Lettuce (1 Head), Markets"
Yemen,11.6,8.9,14.2,3.95,"Cappuccino (Regular Size), Restaurants"
Yemen,11.6,8.9,14.2,3.66,"White Rice (1 kg), Markets"
Yemen,11.6,8.9,14.2,2.72,"Tomatoes (1 kg), Markets"
Yemen,11.6,8.9,14.2,2.11,"Bananas (1 kg), Markets"
Yemen,11.6,8.9,14.2,2.18,"Onions (1 kg), Markets"
Yemen,11.6,8.9,14.2,25.66,"Beef Round or Equivalent Back Leg Red Meat (1 kg), Markets"
Indonesia,11.5,6.6,16.4,1.8,"Meal at an Inexpensive Restaurant, Restaurants"
Indonesia,11.5,6.6,16.4,15.01,"Meal for Two at a Mid-Range Restaurant (Three Courses, Without Drinks), Restaurants"
Indonesia,11.5,6.6,16.4,3.3,"Combo Meal at McDonald's (or Equivalent Fast-Food Meal), Restaurants"
Indonesia,11.5,6.6,16.4,2.4,"Domestic Draft Beer (0.5 Liter), Restaurants"
Indonesia,11.5,6.6,16.4,3.6,"Imported Beer (0.33 Liter Bottle), Restaurants"
Indonesia,11.5,6.6,16.4,0.54,"Soft Drink (Coca-Cola or Pepsi, 0.33 Liter Bottle), Restaurants"
Indonesia,11.5,6.6,16.4,0.27,"Bottled Water (0.33 Liter), Restaurants"
Indonesia,11.5,6.6,16.4,1.26,"Milk (Regular, 1 Liter), Markets"
Indonesia,11.5,6.6,16.4,1.2,"Fresh White Bread (500 g Loaf), Markets"
Indonesia,11.5,6.6,16.4,1.54,"Eggs (12, Large Size), Markets"
Indonesia,11.5,6.6,16.4,8.68,"Local Cheese (1 kg), Markets"
Indonesia,11.5,6.6,16.4,0.44,"Bottled Water (1.5 Liter), Markets"
Indonesia,11.5,6.6,16.4,18.01,"Bottle of Wine (Mid-Range), Markets"
Indonesia,11.5,6.6,16.4,2.13,"Domestic Beer (0.5 Liter Bottle), Markets"
Indonesia,11.5,6.6,16.4,3.18,"Imported Beer (0.33 Liter Bottle), Markets"
Indonesia,11.5,6.6,16.4,2.58,"Cigarettes (Pack of 20, Marlboro), Markets"
Indonesia,11.5,6.6,16.4,3.24,"Chicken Fillets (1 kg), Markets"
Indonesia,11.5,6.6,16.4,2.62,"Apples (1 kg), Markets"
Indonesia,11.5,6.6,16.4,1.87,"Oranges (1 kg), Markets"
Indonesia,11.5,6.6,16.4,1.4,"Potatoes (1 kg), Markets"
Indonesia,11.5,6.6,16.4,0.87,"Lettuce (1 Head), Markets"
Indonesia,11.5,6.6,16.4,1.7,"Cappuccino (Regular Size), Restaurants"
Indonesia,11.5,6.6,16.4,0.91,"White Rice (1 kg), Markets"
Indonesia,11.5,6.6,16.4,1.37,"Tomatoes (1 kg), Markets"
Indonesia,11.5,6.6,16.4,1.45,"Bananas (1 kg), Markets"
Indonesia,11.5,6.6,16.4,2.16,"Onions (1 kg), Markets"
Indonesia,11.5,6.6,16.4,7.88,"Beef Round or Equivalent Back Leg Red Meat (1 kg), Markets"
Tanzania,11.4,5.6,16.8,2.86,"Meal at an Inexpensive Restaurant, Restaurants"
Tanzania,11.4,5.6,16.8,20.45,"Meal for Two at a Mid-Range Restaurant (Three Courses, Without Drinks), Restaurants"
Tanzania,11.4,5.6,16.8,8.18,"Combo Meal at McDonald's (or Equivalent Fast-Food Meal), Restaurants"
Tanzania,11.4,5.6,16.8,1.02,"Domestic Draft Beer (0.5 Liter), Restaurants"
Tanzania,11.4,5.6,16.8,2.04,"Imported Beer (0.33 Liter Bottle), Restaurants"
Tanzania,11.4,5.6,16.8,0.41,"Soft Drink (Coca-Cola or Pepsi, 0.33 Liter Bottle), Restaurants"
Tanzania,11.4,5.6,16.8,0.27,"Bottled Water (0.33 Liter), Restaurants"
Tanzania,11.4,5.6,16.8,1.03,"Milk (Regular, 1 Liter), Markets"
Tanzania,11.4,5.6,16.8,0.81,"Fresh White Bread (500 g Loaf), Markets"
Tanzania,11.4,5.6,16.8,2.16,"Eggs (12, Large Size), Markets"
Tanzania,11.4,5.6,16.8,9.05,"Local Cheese (1 kg), Markets"
Tanzania,11.4,5.6,16.8,0.47,"Bottled Water (1.5 Liter), Markets"
Tanzania,11.4,5.6,16.8,6.13,"Bottle of Wine (Mid-Range), Markets"
Tanzania,11.4,5.6,16.8,1.07,"Domestic Beer (0.5 Liter Bottle), Markets"
Tanzania,11.4,5.6,16.8,1.55,"Imported Beer (0.33 Liter Bottle), Markets"
Tanzania,11.4,5.6,16.8,2.04,"Cigarettes (Pack of 20, Marlboro), Markets"
Tanzania,11.4,5.6,16.8,5.05,"Chicken Fillets (1 kg), Markets"
Tanzania,11.4,5.6,16.8,2.52,"Apples (1 kg), Markets"
Tanzania,11.4,5.6,16.8,1.03,"Oranges (1 kg), Markets"
Tanzania,11.4,5.6,16.8,0.96,"Potatoes (1 kg), Markets"
Tanzania,11.4,5.6,16.8,0.65,"Lettuce (1 Head), Markets"
Tanzania,11.4,5.6,16.8,2.03,"Cappuccino (Regular Size), Restaurants"
Tanzania,11.4,5.6,16.8,1.11,"White Rice (1 kg), Markets"
Tanzania,11.4,5.6,16.8,0.98,"Tomatoes (1 kg), Markets"
Tanzania,11.4,5.6,16.8,1.03,"Bananas (1 kg), Markets"
Tanzania,11.4,5.6,16.8,1.42,"Onions (1 kg), Markets"
Tanzania,11.4,5.6,16.8,4.29,"Beef Round or Equivalent Back Leg Red Meat (1 kg), Markets"
Kenya,11,5,16.9,3.86,"Meal at an Inexpensive Restaurant, Restaurants"
Kenya,11,5,16.9,30.89,"Meal for Two at a Mid-Range Restaurant (Three Courses, Without Drinks), Restaurants"
Kenya,11,5,16.9,6.95,"Combo Meal at McDonald's (or Equivalent Fast-Food Meal), Restaurants"
Kenya,11,5,16.9,2.32,"Domestic Draft Beer (0.5 Liter), Restaurants"
Kenya,11,5,16.9,2.7,"Imported Beer (0.33 Liter Bottle), Restaurants"
Kenya,11,5,16.9,0.61,"Soft Drink (Coca-Cola or Pepsi, 0.33 Liter Bottle), Restaurants"
Kenya,11,5,16.9,0.48,"Bottled Water (0.33 Liter), Restaurants"
Kenya,11,5,16.9,0.78,"Milk (Regular, 1 Liter), Markets"
Kenya,11,5,16.9,0.51,"Fresh White Bread (500 g Loaf), Markets"
Kenya,11,5,16.9,1.54,"Eggs (12, Large Size), Markets"
Kenya,11,5,16.9,9.9,"Local Cheese (1 kg), Markets"
Kenya,11,5,16.9,0.65,"Bottled Water (1.5 Liter), Markets"
Kenya,11,5,16.9,10.04,"Bottle of Wine (Mid-Range), Markets"
Kenya,11,5,16.9,2.06,"Domestic Beer (0.5 Liter Bottle), Markets"
Kenya,11,5,16.9,2.56,"Imported Beer (0.33 Liter Bottle), Markets"
Kenya,11,5,16.9,3.09,"Cigarettes (Pack of 20, Marlboro), Markets"
Kenya,11,5,16.9,6.42,"Chicken Fillets (1 kg), Markets"
Kenya,11,5,16.9,2.76,"Apples (1 kg), Markets"
Kenya,11,5,16.9,1.69,"Oranges (1 kg), Markets"
Kenya,11,5,16.9,0.82,"Potatoes (1 kg), Markets"
Kenya,11,5,16.9,0.69,"Lettuce (1 Head), Markets"
Kenya,11,5,16.9,2.23,"Cappuccino (Regular Size), Restaurants"
Kenya,11,5,16.9,1.41,"White Rice (1 kg), Markets"
Kenya,11,5,16.9,0.83,"Tomatoes (1 kg), Markets"
Kenya,11,5,16.9,1.01,"Bananas (1 kg), Markets"
Kenya,11,5,16.9,0.91,"Onions (1 kg), Markets"
Kenya,11,5,16.9,5.11,"Beef Round or Equivalent Back Leg Red Meat (1 kg), Markets"
France,10.9,11.4,10.5,17.47,"Meal at an Inexpensive Restaurant, Restaurants"
France,10.9,11.4,10.5,69.87,"Meal for Two at a Mid-Range Restaurant (Three Courses, Without Drinks), Restaurants"
France,10.9,11.4,10.5,12.81,"Combo Meal at McDonald's (or Equivalent Fast-Food Meal), Restaurants"
France,10.9,11.4,10.5,6.99,"Domestic Draft Beer (0.5 Liter), Restaurants"
France,10.9,11.4,10.5,5.82,"Imported Beer (0.33 Liter Bottle), Restaurants"
France,10.9,11.4,10.5,3.29,"Soft Drink (Coca-Cola or Pepsi, 0.33 Liter Bottle), Restaurants"
France,10.9,11.4,10.5,2.25,"Bottled Water (0.33 Liter), Restaurants"
France,10.9,11.4,10.5,1.36,"Milk (Regular, 1 Liter), Markets"
France,10.9,11.4,10.5,2.09,"Fresh White Bread (500 g Loaf), Markets"
France,10.9,11.4,10.5,4.42,"Eggs (12, Large Size), Markets"
France,10.9,11.4,10.5,20.46,"Local Cheese (1 kg), Markets"
France,10.9,11.4,10.5,0.81,"Bottled Water (1.5 Liter), Markets"
France,10.9,11.4,10.5,8.15,"Bottle of Wine (Mid-Range), Markets"
France,10.9,11.4,10.5,2.72,"Domestic Beer (0.5 Liter Bottle), Markets"
France,10.9,11.4,10.5,3.37,"Imported Beer (0.33 Liter Bottle), Markets"
France,10.9,11.4,10.5,13.97,"Cigarettes (Pack of 20, Marlboro), Markets"
France,10.9,11.4,10.5,14.33,"Chicken Fillets (1 kg), Markets"
France,10.9,11.4,10.5,3.24,"Apples (1 kg), Markets"
France,10.9,11.4,10.5,3.12,"Oranges (1 kg), Markets"
France,10.9,11.4,10.5,2.36,"Potatoes (1 kg), Markets"
France,10.9,11.4,10.5,1.59,"Lettuce (1 Head), Markets"
France,10.9,11.4,10.5,3.79,"Cappuccino (Regular Size), Restaurants"
France,10.9,11.4,10.5,2.7,"White Rice (1 kg), Markets"
France,10.9,11.4,10.5,3.68,"Tomatoes (1 kg), Markets"
France,10.9,11.4,10.5,2.4,"Bananas (1 kg), Markets"
France,10.9,11.4,10.5,2.51,"Onions (1 kg), Markets"
France,10.9,11.4,10.5,21.76,"Beef Round or Equivalent Back Leg Red Meat (1 kg), Markets"
North Korea,10.9,8.5,13.1,2.91,"Meal at an Inexpensive Restaurant, Restaurants"
North Korea,10.9,8.5,13.1,23.52,"Meal for Two at a Mid-Range Restaurant (Three Courses, Without Drinks), Restaurants"
North Korea,10.9,8.5,13.1,12.94,"Combo Meal at McDonald's (or Equivalent Fast-Food Meal), Restaurants"
North Korea,10.9,8.5,13.1,13.97,"Domestic Draft Beer (0.5 Liter), Restaurants"
North Korea,10.9,8.5,13.1,2.91,"Imported Beer (0.33 Liter Bottle), Restaurants"
North Korea,10.9,8.5,13.1,2.29,"Soft Drink (Coca-Cola or Pepsi, 0.33 Liter Bottle), Restaurants"
North Korea,10.9,8.5,13.1,1.16,"Bottled Water (0.33 Liter), Restaurants"
North Korea,10.9,8.5,13.1,0.94,"Milk (Regular, 1 Liter), Markets"
North Korea,10.9,8.5,13.1,2.14,"Fresh White Bread (500 g Loaf), Markets"
North Korea,10.9,8.5,13.1,2.48,"Eggs (12, Large Size), Markets"
North Korea,10.9,8.5,13.1,4.66,"Local Cheese (1 kg), Markets"
North Korea,10.9,8.5,13.1,0.47,"Bottled Water (1.5 Liter), Markets"
North Korea,10.9,8.5,13.1,8.15,"Bottle of Wine (Mid-Range), Markets"
North Korea,10.9,8.5,13.1,1.16,"Domestic Beer (0.5 Liter Bottle), Markets"
North Korea,10.9,8.5,13.1,2.33,"Imported Beer (0.33 Liter Bottle), Markets"
North Korea,10.9,8.5,13.1,4.66,"Cigarettes (Pack of 20, Marlboro), Markets"
North Korea,10.9,8.5,13.1,2.33,"Chicken Fillets (1 kg), Markets"
North Korea,10.9,8.5,13.1,6.99,"Apples (1 kg), Markets"
North Korea,10.9,8.5,13.1,2.33,"Oranges (1 kg), Markets"
North Korea,10.9,8.5,13.1,3.49,"Potatoes (1 kg), Markets"
North Korea,10.9,8.5,13.1,2.33,"Lettuce (1 Head), Markets"
North Korea,10.9,8.5,13.1,1.16,"Cappuccino (Regular Size), Restaurants"
North Korea,10.9,8.5,13.1,1.65,"White Rice (1 kg), Markets"
North Korea,10.9,8.5,13.1,2.33,"Tomatoes (1 kg), Markets"
North Korea,10.9,8.5,13.1,4.66,"Bananas (1 kg), Markets"
North Korea,10.9,8.5,13.1,3.49,"Onions (1 kg), Markets"
North Korea,10.9,8.5,13.1,5.82,"Beef Round or Equivalent Back Leg Red Meat (1 kg), Markets"
Djibouti,10.9,5.7,15.8,9.84,"Meal at an Inexpensive Restaurant, Restaurants"
Djibouti,10.9,5.7,15.8,81.57,"Meal for Two at a Mid-Range Restaurant (Three Courses, Without Drinks), Restaurants"
Djibouti,10.9,5.7,15.8,12.66,"Combo Meal at McDonald's (or Equivalent Fast-Food Meal), Restaurants"
Djibouti,10.9,5.7,15.8,5.63,"Domestic Draft Beer (0.5 Liter), Restaurants"
Djibouti,10.9,5.7,15.8,8.44,"Imported Beer (0.33 Liter Bottle), Restaurants"
Djibouti,10.9,5.7,15.8,1.9,"Soft Drink (Coca-Cola or Pepsi, 0.33 Liter Bottle), Restaurants"
Djibouti,10.9,5.7,15.8,1.88,"Bottled Water (0.33 Liter), Restaurants"
Djibouti,10.9,5.7,15.8,2.53,"Milk (Regular, 1 Liter), Markets"
Djibouti,10.9,5.7,15.8,9.28,"Fresh White Bread (500 g Loaf), Markets"
Djibouti,10.9,5.7,15.8,6.86,"Eggs (12, Large Size), Markets"
Djibouti,10.9,5.7,15.8,9.56,"Local Cheese (1 kg), Markets"
Djibouti,10.9,5.7,15.8,0.56,"Bottled Water (1.5 Liter), Markets"
Djibouti,10.9,5.7,15.8,21.1,"Bottle of Wine (Mid-Range), Markets"
Djibouti,10.9,5.7,15.8,2.35,"Domestic Beer (0.5 Liter Bottle), Markets"
Djibouti,10.9,5.7,15.8,3.53,"Imported Beer (0.33 Liter Bottle), Markets"
Djibouti,10.9,5.7,15.8,2.71,"Cigarettes (Pack of 20, Marlboro), Markets"
Djibouti,10.9,5.7,15.8,18.19,"Chicken Fillets (1 kg), Markets"
Djibouti,10.9,5.7,15.8,3.75,"Apples (1 kg), Markets"
Djibouti,10.9,5.7,15.8,2.81,"Oranges (1 kg), Markets"
Djibouti,10.9,5.7,15.8,1.22,"Potatoes (1 kg), Markets"
Djibouti,10.9,5.7,15.8,5.63,"Lettuce (1 Head), Markets"
Djibouti,10.9,5.7,15.8,3.66,"Cappuccino (Regular Size), Restaurants"
Djibouti,10.9,5.7,15.8,3.77,"White Rice (1 kg), Markets"
Djibouti,10.9,5.7,15.8,1.59,"Tomatoes (1 kg), Markets"
Djibouti,10.9,5.7,15.8,1.22,"Bananas (1 kg), Markets"
Djibouti,10.9,5.7,15.8,1.37,"Onions (1 kg), Markets"
Djibouti,10.9,5.7,15.8,12.09,"Beef Round or Equivalent Back Leg Red Meat (1 kg), Markets"
Nigeria,10.8,7.1,14.6,2,"Meal at an Inexpensive Restaurant, Restaurants"
Nigeria,10.8,7.1,14.6,32.59,"Meal for Two at a Mid-Range Restaurant (Three Courses, Without Drinks), Restaurants"
Nigeria,10.8,7.1,14.6,5,"Combo Meal at McDonald's (or Equivalent Fast-Food Meal), Restaurants"
Nigeria,10.8,7.1,14.6,0.96,"Domestic Draft Beer (0.5 Liter), Restaurants"
Nigeria,10.8,7.1,14.6,1.3,"Imported Beer (0.33 Liter Bottle), Restaurants"
Nigeria,10.8,7.1,14.6,0.4,"Soft Drink (Coca-Cola or Pepsi, 0.33 Liter Bottle), Restaurants"
Nigeria,10.8,7.1,14.6,0.27,"Bottled Water (0.33 Liter), Restaurants"
Nigeria,10.8,7.1,14.6,2.85,"Milk (Regular, 1 Liter), Markets"
Nigeria,10.8,7.1,14.6,1.23,"Fresh White Bread (500 g Loaf), Markets"
Nigeria,10.8,7.1,14.6,1.89,"Eggs (12, Large Size), Markets"
Nigeria,10.8,7.1,14.6,5.72,"Local Cheese (1 kg), Markets"
Nigeria,10.8,7.1,14.6,0.5,"Bottled Water (1.5 Liter), Markets"
Nigeria,10.8,7.1,14.6,4,"Bottle of Wine (Mid-Range), Markets"
Nigeria,10.8,7.1,14.6,0.87,"Domestic Beer (0.5 Liter Bottle), Markets"
Nigeria,10.8,7.1,14.6,1.16,"Imported Beer (0.33 Liter Bottle), Markets"
Nigeria,10.8,7.1,14.6,1.3,"Cigarettes (Pack of 20, Marlboro), Markets"
Nigeria,10.8,7.1,14.6,4.62,"Chicken Fillets (1 kg), Markets"
Nigeria,10.8,7.1,14.6,3.16,"Apples (1 kg), Markets"
Nigeria,10.8,7.1,14.6,1.55,"Oranges (1 kg), Markets"
Nigeria,10.8,7.1,14.6,2.03,"Potatoes (1 kg), Markets"
Nigeria,10.8,7.1,14.6,0.74,"Lettuce (1 Head), Markets"
Nigeria,10.8,7.1,14.6,2.16,"Cappuccino (Regular Size), Restaurants"
Nigeria,10.8,7.1,14.6,2.33,"White Rice (1 kg), Markets"
Nigeria,10.8,7.1,14.6,1.86,"Tomatoes (1 kg), Markets"
Nigeria,10.8,7.1,14.6,1.91,"Bananas (1 kg), Markets"
Nigeria,10.8,7.1,14.6,1.73,"Onions (1 kg), Markets"
Nigeria,10.8,7.1,14.6,4.59,"Beef Round or Equivalent Back Leg Red Meat (1 kg), Markets"
Sri Lanka,10.8,6.6,14.2,3.24,"Meal at an Inexpensive Restaurant, Restaurants"
Sri Lanka,10.8,6.6,14.2,22.67,"Meal for Two at a Mid-Range Restaurant (Three Courses, Without Drinks), Restaurants"
Sri Lanka,10.8,6.6,14.2,7.94,"Combo Meal at McDonald's (or Equivalent Fast-Food Meal), Restaurants"
Sri Lanka,10.8,6.6,14.2,2.27,"Domestic Draft Beer (0.5 Liter), Restaurants"
Sri Lanka,10.8,6.6,14.2,3.24,"Imported Beer (0.33 Liter Bottle), Restaurants"
Sri Lanka,10.8,6.6,14.2,0.7,"Soft Drink (Coca-Cola or Pepsi, 0.33 Liter Bottle), Restaurants"
Sri Lanka,10.8,6.6,14.2,0.35,"Bottled Water (0.33 Liter), Restaurants"
Sri Lanka,10.8,6.6,14.2,1.68,"Milk (Regular, 1 Liter), Markets"
Sri Lanka,10.8,6.6,14.2,0.53,"Fresh White Bread (500 g Loaf), Markets"
Sri Lanka,10.8,6.6,14.2,1.95,"Eggs (12, Large Size), Markets"
Sri Lanka,10.8,6.6,14.2,13.13,"Local Cheese (1 kg), Markets"
Sri Lanka,10.8,6.6,14.2,0.52,"Bottled Water (1.5 Liter), Markets"
Sri Lanka,10.8,6.6,14.2,12.96,"Bottle of Wine (Mid-Range), Markets"
Sri Lanka,10.8,6.6,14.2,2.04,"Domestic Beer (0.5 Liter Bottle), Markets"
Sri Lanka,10.8,6.6,14.2,2.77,"Imported Beer (0.33 Liter Bottle), Markets"
Sri Lanka,10.8,6.6,14.2,10.36,"Cigarettes (Pack of 20, Marlboro), Markets"
Sri Lanka,10.8,6.6,14.2,4.54,"Chicken Fillets (1 kg), Markets"
Sri Lanka,10.8,6.6,14.2,6.76,"Apples (1 kg), Markets"
Sri Lanka,10.8,6.6,14.2,5.61,"Oranges (1 kg), Markets"
Sri Lanka,10.8,6.6,14.2,1.06,"Potatoes (1 kg), Markets"
Sri Lanka,10.8,6.6,14.2,1.13,"Lettuce (1 Head), Markets"
Sri Lanka,10.8,6.6,14.2,2.52,"Cappuccino (Regular Size), Restaurants"
Sri Lanka,10.8,6.6,14.2,0.8,"White Rice (1 kg), Markets"
Sri Lanka,10.8,6.6,14.2,1.35,"Tomatoes (1 kg), Markets"
Sri Lanka,10.8,6.6,14.2,0.96,"Bananas (1 kg), Markets"
Sri Lanka,10.8,6.6,14.2,1.13,"Onions (1 kg), Markets"
Sri Lanka,10.8,6.6,14.2,7.52,"Beef Round or Equivalent Back Leg Red Meat (1 kg), Markets"
Ivory Coast,10.6,7,14.3,3.55,"Meal at an Inexpensive Restaurant, Restaurants"
Ivory Coast,10.6,7,14.3,72.18,"Meal for Two at a Mid-Range Restaurant (Three Courses, Without Drinks), Restaurants"
Ivory Coast,10.6,7,14.3,10.65,"Combo Meal at McDonald's (or Equivalent Fast-Food Meal), Restaurants"
Ivory Coast,10.6,7,14.3,1.07,"Domestic Draft Beer (0.5 Liter), Restaurants"
Ivory Coast,10.6,7,14.3,1.78,"Imported Beer (0.33 Liter Bottle), Restaurants"
Ivory Coast,10.6,7,14.3,0.82,"Soft Drink (Coca-Cola or Pepsi, 0.33 Liter Bottle), Restaurants"
Ivory Coast,10.6,7,14.3,0.83,"Bottled Water (0.33 Liter), Restaurants"
Ivory Coast,10.6,7,14.3,2.26,"Milk (Regular, 1 Liter), Markets"
Ivory Coast,10.6,7,14.3,0.46,"Fresh White Bread (500 g Loaf), Markets"
Ivory Coast,10.6,7,14.3,2.23,"Eggs (12, Large Size), Markets"
Ivory Coast,10.6,7,14.3,17.75,"Local Cheese (1 kg), Markets"
Ivory Coast,10.6,7,14.3,0.89,"Bottled Water (1.5 Liter), Markets"
Ivory Coast,10.6,7,14.3,6.66,"Bottle of Wine (Mid-Range), Markets"
Ivory Coast,10.6,7,14.3,1.12,"Domestic Beer (0.5 Liter Bottle), Markets"
Ivory Coast,10.6,7,14.3,1.29,"Imported Beer (0.33 Liter Bottle), Markets"
Ivory Coast,10.6,7,14.3,1.78,"Cigarettes (Pack of 20, Marlboro), Markets"
Ivory Coast,10.6,7,14.3,6.85,"Chicken Fillets (1 kg), Markets"
Ivory Coast,10.6,7,14.3,3.83,"Apples (1 kg), Markets"
Ivory Coast,10.6,7,14.3,1.87,"Oranges (1 kg), Markets"
Ivory Coast,10.6,7,14.3,1.71,"Potatoes (1 kg), Markets"
Ivory Coast,10.6,7,14.3,0.7,"Lettuce (1 Head), Markets"
Ivory Coast,10.6,7,14.3,1.89,"Cappuccino (Regular Size), Restaurants"
Ivory Coast,10.6,7,14.3,1.11,"White Rice (1 kg), Markets"
Ivory Coast,10.6,7,14.3,2.07,"Tomatoes (1 kg), Markets"
Ivory Coast,10.6,7,14.3,1.06,"Bananas (1 kg), Markets"
Ivory Coast,10.6,7,14.3,1.72,"Onions (1 kg), Markets"
Ivory Coast,10.6,7,14.3,6.53,"Beef Round or Equivalent Back Leg Red Meat (1 kg), Markets"
Angola,10.5,5.4,15.4,5.95,"Meal at an Inexpensive Restaurant, Restaurants"
Angola,10.5,5.4,15.4,40.97,"Meal for Two at a Mid-Range Restaurant (Three Courses, Without Drinks), Restaurants"
Angola,10.5,5.4,15.4,8,"Combo Meal at McDonald's (or Equivalent Fast-Food Meal), Restaurants"
Angola,10.5,5.4,15.4,1.81,"Domestic Draft Beer (0.5 Liter), Restaurants"
Angola,10.5,5.4,15.4,1.76,"Imported Beer (0.33 Liter Bottle), Restaurants"
Angola,10.5,5.4,15.4,1.41,"Soft Drink (Coca-Cola or Pepsi, 0.33 Liter Bottle), Restaurants"
Angola,10.5,5.4,15.4,1.24,"Bottled Water (0.33 Liter), Restaurants"
Angola,10.5,5.4,15.4,1.95,"Milk (Regular, 1 Liter), Markets"
Angola,10.5,5.4,15.4,1.18,"Fresh White Bread (500 g Loaf), Markets"
Angola,10.5,5.4,15.4,2.16,"Eggs (12, Large Size), Markets"
Angola,10.5,5.4,15.4,12.49,"Local Cheese (1 kg), Markets"
Angola,10.5,5.4,15.4,0.44,"Bottled Water (1.5 Liter), Markets"
Angola,10.5,5.4,15.4,7.74,"Bottle of Wine (Mid-Range), Markets"
Angola,10.5,5.4,15.4,0.58,"Domestic Beer (0.5 Liter Bottle), Markets"
Angola,10.5,5.4,15.4,1.29,"Imported Beer (0.33 Liter Bottle), Markets"
Angola,10.5,5.4,15.4,2.38,"Cigarettes (Pack of 20, Marlboro), Markets"
Angola,10.5,5.4,15.4,4.39,"Chicken Fillets (1 kg), Markets"
Angola,10.5,5.4,15.4,2.43,"Apples (1 kg), Markets"
Angola,10.5,5.4,15.4,3.05,"Oranges (1 kg), Markets"
Angola,10.5,5.4,15.4,1.79,"Potatoes (1 kg), Markets"
Angola,10.5,5.4,15.4,1.99,"Lettuce (1 Head), Markets"
Angola,10.5,5.4,15.4,3.64,"Cappuccino (Regular Size), Restaurants"
Angola,10.5,5.4,15.4,1.41,"White Rice (1 kg), Markets"
Angola,10.5,5.4,15.4,2.08,"Tomatoes (1 kg), Markets"
Angola,10.5,5.4,15.4,1.16,"Bananas (1 kg), Markets"
Angola,10.5,5.4,15.4,1.56,"Onions (1 kg), Markets"
Angola,10.5,5.4,15.4,9.07,"Beef Round or Equivalent Back Leg Red Meat (1 kg), Markets"
Togo,10.4,5,15.9,2.49,"Meal at an Inexpensive Restaurant, Restaurants"
Togo,10.4,5,15.9,25.31,"Meal for Two at a Mid-Range Restaurant (Three Courses, Without Drinks), Restaurants"
Togo,10.4,5,15.9,5.77,"Combo Meal at McDonald's (or Equivalent Fast-Food Meal), Restaurants"
Togo,10.4,5,15.9,0.89,"Domestic Draft Beer (0.5 Liter), Restaurants"
Togo,10.4,5,15.9,1.78,"Imported Beer (0.33 Liter Bottle), Restaurants"
Togo,10.4,5,15.9,3.43,"Soft Drink (Coca-Cola or Pepsi, 0.33 Liter Bottle), Restaurants"
Togo,10.4,5,15.9,1.09,"Bottled Water (0.33 Liter), Restaurants"
Togo,10.4,5,15.9,2.46,"Milk (Regular, 1 Liter), Markets"
Togo,10.4,5,15.9,1.2,"Fresh White Bread (500 g Loaf), Markets"
Togo,10.4,5,15.9,2.02,"Eggs (12, Large Size), Markets"
Togo,10.4,5,15.9,14.2,"Local Cheese (1 kg), Markets"
Togo,10.4,5,15.9,0.89,"Bottled Water (1.5 Liter), Markets"
Togo,10.4,5,15.9,4.98,"Bottle of Wine (Mid-Range), Markets"
Togo,10.4,5,15.9,1.36,"Domestic Beer (0.5 Liter Bottle), Markets"
Togo,10.4,5,15.9,1.49,"Imported Beer (0.33 Liter Bottle), Markets"
Togo,10.4,5,15.9,1.42,"Cigarettes (Pack of 20, Marlboro), Markets"
Togo,10.4,5,15.9,10.65,"Chicken Fillets (1 kg), Markets"
Togo,10.4,5,15.9,2.66,"Apples (1 kg), Markets"
Togo,10.4,5,15.9,4.44,"Oranges (1 kg), Markets"
Togo,10.4,5,15.9,1.78,"Potatoes (1 kg), Markets"
Togo,10.4,5,15.9,0.89,"Lettuce (1 Head), Markets"
Togo,10.4,5,15.9,5.8,"Cappuccino (Regular Size), Restaurants"
Togo,10.4,5,15.9,1.83,"White Rice (1 kg), Markets"
Togo,10.4,5,15.9,2.51,"Tomatoes (1 kg), Markets"
Togo,10.4,5,15.9,1.48,"Bananas (1 kg), Markets"
Togo,10.4,5,15.9,1.42,"Onions (1 kg), Markets"
Togo,10.4,5,15.9,7.58,"Beef Round or Equivalent Back Leg Red Meat (1 kg), Markets"
Haiti,10.2,6.2,14.1,14.56,"Meal at an Inexpensive Restaurant, Restaurants"
Haiti,10.2,6.2,14.1,91.98,"Meal for Two at a Mid-Range Restaurant (Three Courses, Without Drinks), Restaurants"
Haiti,10.2,6.2,14.1,9.63,"Combo Meal at McDonald's (or Equivalent Fast-Food Meal), Restaurants"
Haiti,10.2,6.2,14.1,6.33,"Domestic Draft Beer (0.5 Liter), Restaurants"
Haiti,10.2,6.2,14.1,8.1,"Imported Beer (0.33 Liter Bottle), Restaurants"
Haiti,10.2,6.2,14.1,2.31,"Soft Drink (Coca-Cola or Pepsi, 0.33 Liter Bottle), Restaurants"
Haiti,10.2,6.2,14.1,1.52,"Bottled Water (0.33 Liter), Restaurants"
Haiti,10.2,6.2,14.1,1.84,"Milk (Regular, 1 Liter), Markets"
Haiti,10.2,6.2,14.1,2.45,"Fresh White Bread (500 g Loaf), Markets"
Haiti,10.2,6.2,14.1,3.01,"Eggs (12, Large Size), Markets"
Haiti,10.2,6.2,14.1,8.19,"Local Cheese (1 kg), Markets"
Haiti,10.2,6.2,14.1,1.37,"Bottled Water (1.5 Liter), Markets"
Haiti,10.2,6.2,14.1,11.49,"Bottle of Wine (Mid-Range), Markets"
Haiti,10.2,6.2,14.1,1.4,"Domestic Beer (0.5 Liter Bottle), Markets"
Haiti,10.2,6.2,14.1,1.9,"Imported Beer (0.33 Liter Bottle), Markets"
Haiti,10.2,6.2,14.1,4.3,"Cigarettes (Pack of 20, Marlboro), Markets"
Haiti,10.2,6.2,14.1,9.12,"Chicken Fillets (1 kg), Markets"
Haiti,10.2,6.2,14.1,3.56,"Apples (1 kg), Markets"
Haiti,10.2,6.2,14.1,0.9,"Oranges (1 kg), Markets"
Haiti,10.2,6.2,14.1,6.71,"Potatoes (1 kg), Markets"
Haiti,10.2,6.2,14.1,0.94,"Lettuce (1 Head), Markets"
Haiti,10.2,6.2,14.1,2.26,"Cappuccino (Regular Size), Restaurants"
Haiti,10.2,6.2,14.1,3.06,"White Rice (1 kg), Markets"
Haiti,10.2,6.2,14.1,1.86,"Tomatoes (1 kg), Markets"
Haiti,10.2,6.2,14.1,1.54,"Bananas (1 kg), Markets"
Haiti,10.2,6.2,14.1,2.03,"Onions (1 kg), Markets"
Haiti,10.2,6.2,14.1,11,"Beef Round or Equivalent Back Leg Red Meat (1 kg), Markets"
Guinea-Bissau,10.1,6.6,13.3,5.33,"Meal at an Inexpensive Restaurant, Restaurants"
Guinea-Bissau,10.1,6.6,13.3,26.63,"Meal for Two at a Mid-Range Restaurant (Three Courses, Without Drinks), Restaurants"
Guinea-Bissau,10.1,6.6,13.3,9.42,"Combo Meal at McDonald's (or Equivalent Fast-Food Meal), Restaurants"
Guinea-Bissau,10.1,6.6,13.3,0.71,"Domestic Draft Beer (0.5 Liter), Restaurants"
Guinea-Bissau,10.1,6.6,13.3,1.07,"Soft Drink (Coca-Cola or Pepsi, 0.33 Liter Bottle), Restaurants"
Guinea-Bissau,10.1,6.6,13.3,0.89,"Bottled Water (0.33 Liter), Restaurants"
Guinea-Bissau,10.1,6.6,13.3,1.78,"Milk (Regular, 1 Liter), Markets"
Guinea-Bissau,10.1,6.6,13.3,0.98,"Fresh White Bread (500 g Loaf), Markets"
Guinea-Bissau,10.1,6.6,13.3,5.33,"Eggs (12, Large Size), Markets"
Guinea-Bissau,10.1,6.6,13.3,14.54,"Local Cheese (1 kg), Markets"
Guinea-Bissau,10.1,6.6,13.3,1.33,"Bottled Water (1.5 Liter), Markets"
Guinea-Bissau,10.1,6.6,13.3,7.1,"Bottle of Wine (Mid-Range), Markets"
Guinea-Bissau,10.1,6.6,13.3,1.34,"Domestic Beer (0.5 Liter Bottle), Markets"
Guinea-Bissau,10.1,6.6,13.3,0.89,"Imported Beer (0.33 Liter Bottle), Markets"
Guinea-Bissau,10.1,6.6,13.3,14.2,"Chicken Fillets (1 kg), Markets"
Guinea-Bissau,10.1,6.6,13.3,4.44,"Apples (1 kg), Markets"
Guinea-Bissau,10.1,6.6,13.3,4.44,"Oranges (1 kg), Markets"
Guinea-Bissau,10.1,6.6,13.3,1.42,"Potatoes (1 kg), Markets"
Guinea-Bissau,10.1,6.6,13.3,1.78,"Cappuccino (Regular Size), Restaurants"
Guinea-Bissau,10.1,6.6,13.3,2.13,"White Rice (1 kg), Markets"
Guinea-Bissau,10.1,6.6,13.3,0.18,"Tomatoes (1 kg), Markets"
Guinea-Bissau,10.1,6.6,13.3,1.07,"Bananas (1 kg), Markets"
Guinea-Bissau,10.1,6.6,13.3,1.42,"Onions (1 kg), Markets"
Guinea-Bissau,10.1,6.6,13.3,14.2,"Beef Round or Equivalent Back Leg Red Meat (1 kg), Markets"
Mali,10,8.6,11.4,6.7,"Meal at an Inexpensive Restaurant, Restaurants"
Mali,10,8.6,11.4,37.44,"Meal for Two at a Mid-Range Restaurant (Three Courses, Without Drinks), Restaurants"
Mali,10,8.6,11.4,6.42,"Combo Meal at McDonald's (or Equivalent Fast-Food Meal), Restaurants"
Mali,10,8.6,11.4,2.39,"Domestic Draft Beer (0.5 Liter), Restaurants"
Mali,10,8.6,11.4,21,"Imported Beer (0.33 Liter Bottle), Restaurants"
Mali,10,8.6,11.4,0.77,"Soft Drink (Coca-Cola or Pepsi, 0.33 Liter Bottle), Restaurants"
Mali,10,8.6,11.4,0.58,"Bottled Water (0.33 Liter), Restaurants"
Mali,10,8.6,11.4,2.34,"Milk (Regular, 1 Liter), Markets"
Mali,10,8.6,11.4,3.43,"Fresh White Bread (500 g Loaf), Markets"
Mali,10,8.6,11.4,4.04,"Eggs (12, Large Size), Markets"
Mali,10,8.6,11.4,17.76,"Local Cheese (1 kg), Markets"
Mali,10,8.6,11.4,2.31,"Bottled Water (1.5 Liter), Markets"
Mali,10,8.6,11.4,1.5,"Domestic Beer (0.5 Liter Bottle), Markets"
Mali,10,8.6,11.4,1.32,"Imported Beer (0.33 Liter Bottle), Markets"
Mali,10,8.6,11.4,0.97,"Cigarettes (Pack of 20, Marlboro), Markets"
Mali,10,8.6,11.4,17.02,"Chicken Fillets (1 kg), Markets"
Mali,10,8.6,11.4,3.1,"Apples (1 kg), Markets"
Mali,10,8.6,11.4,2.83,"Oranges (1 kg), Markets"
Mali,10,8.6,11.4,1.63,"Potatoes (1 kg), Markets"
Mali,10,8.6,11.4,0.1,"Lettuce (1 Head), Markets"
Mali,10,8.6,11.4,1.89,"Cappuccino (Regular Size), Restaurants"
Mali,10,8.6,11.4,2.34,"Tomatoes (1 kg), Markets"
Mali,10,8.6,11.4,1.44,"Bananas (1 kg), Markets"
Mali,10,8.6,11.4,1.6,"Onions (1 kg), Markets"
Mali,10,8.6,11.4,13.27,"Beef Round or Equivalent Back Leg Red Meat (1 kg), Markets"
Benin,9.9,6.3,13.4,5.33,"Meal at an Inexpensive Restaurant, Restaurants"
Benin,9.9,6.3,13.4,31.07,"Meal for Two at a Mid-Range Restaurant (Three Courses, Without Drinks), Restaurants"
Benin,9.9,6.3,13.4,8.43,"Combo Meal at McDonald's (or Equivalent Fast-Food Meal), Restaurants"
Benin,9.9,6.3,13.4,1.07,"Domestic Draft Beer (0.5 Liter), Restaurants"
Benin,9.9,6.3,13.4,3.99,"Imported Beer (0.33 Liter Bottle), Restaurants"
Benin,9.9,6.3,13.4,0.89,"Soft Drink (Coca-Cola or Pepsi, 0.33 Liter Bottle), Restaurants"
Benin,9.9,6.3,13.4,0.84,"Bottled Water (0.33 Liter), Restaurants"
Benin,9.9,6.3,13.4,2.15,"Milk (Regular, 1 Liter), Markets"
Benin,9.9,6.3,13.4,1.04,"Fresh White Bread (500 g Loaf), Markets"
Benin,9.9,6.3,13.4,2.33,"Eggs (12, Large Size), Markets"
Benin,9.9,6.3,13.4,7.69,"Local Cheese (1 kg), Markets"
Benin,9.9,6.3,13.4,1.08,"Bottled Water (1.5 Liter), Markets"
Benin,9.9,6.3,13.4,6.66,"Bottle of Wine (Mid-Range), Markets"
Benin,9.9,6.3,13.4,1.02,"Domestic Beer (0.5 Liter Bottle), Markets"
Benin,9.9,6.3,13.4,2,"Imported Beer (0.33 Liter Bottle), Markets"
Benin,9.9,6.3,13.4,2,"Cigarettes (Pack of 20, Marlboro), Markets"
Benin,9.9,6.3,13.4,4.33,"Chicken Fillets (1 kg), Markets"
Benin,9.9,6.3,13.4,2.44,"Apples (1 kg), Markets"
Benin,9.9,6.3,13.4,0.93,"Oranges (1 kg), Markets"
Benin,9.9,6.3,13.4,1.28,"Potatoes (1 kg), Markets"
Benin,9.9,6.3,13.4,0.51,"Lettuce (1 Head), Markets"
Benin,9.9,6.3,13.4,5.99,"Cappuccino (Regular Size), Restaurants"
Benin,9.9,6.3,13.4,1.94,"White Rice (1 kg), Markets"
Benin,9.9,6.3,13.4,2.11,"Tomatoes (1 kg), Markets"
Benin,9.9,6.3,13.4,1.3,"Bananas (1 kg), Markets"
Benin,9.9,6.3,13.4,1.03,"Onions (1 kg), Markets"
Benin,9.9,6.3,13.4,5.3,"Beef Round or Equivalent Back Leg Red Meat (1 kg), Markets"
Zambia,9.4,4.1,14.4,7.23,"Meal at an Inexpensive Restaurant, Restaurants"
Zambia,9.4,4.1,14.4,22.35,"Meal for Two at a Mid-Range Restaurant (Three Courses, Without Drinks), Restaurants"
Zambia,9.4,4.1,14.4,3.82,"Combo Meal at McDonald's (or Equivalent Fast-Food Meal), Restaurants"
Zambia,9.4,4.1,14.4,0.9,"Domestic Draft Beer (0.5 Liter), Restaurants"
Zambia,9.4,4.1,14.4,1.47,"Imported Beer (0.33 Liter Bottle), Restaurants"
Zambia,9.4,4.1,14.4,0.56,"Soft Drink (Coca-Cola or Pepsi, 0.33 Liter Bottle), Restaurants"
Zambia,9.4,4.1,14.4,0.33,"Bottled Water (0.33 Liter), Restaurants"
Zambia,9.4,4.1,14.4,1.3,"Milk (Regular, 1 Liter), Markets"
Zambia,9.4,4.1,14.4,0.84,"Fresh White Bread (500 g Loaf), Markets"
Zambia,9.4,4.1,14.4,1.45,"Eggs (12, Large Size), Markets"
Zambia,9.4,4.1,14.4,7.8,"Local Cheese (1 kg), Markets"
Zambia,9.4,4.1,14.4,0.62,"Bottled Water (1.5 Liter), Markets"
Zambia,9.4,4.1,14.4,5.99,"Bottle of Wine (Mid-Range), Markets"
Zambia,9.4,4.1,14.4,0.82,"Domestic Beer (0.5 Liter Bottle), Markets"
Zambia,9.4,4.1,14.4,1.57,"Imported Beer (0.33 Liter Bottle), Markets"
Zambia,9.4,4.1,14.4,2.16,"Cigarettes (Pack of 20, Marlboro), Markets"
Zambia,9.4,4.1,14.4,4.48,"Chicken Fillets (1 kg), Markets"
Zambia,9.4,4.1,14.4,2.71,"Apples (1 kg), Markets"
Zambia,9.4,4.1,14.4,2.66,"Oranges (1 kg), Markets"
Zambia,9.4,4.1,14.4,1.84,"Potatoes (1 kg), Markets"
Zambia,9.4,4.1,14.4,0.99,"Lettuce (1 Head), Markets"
Zambia,9.4,4.1,14.4,2.05,"Cappuccino (Regular Size), Restaurants"
Zambia,9.4,4.1,14.4,2.02,"White Rice (1 kg), Markets"
Zambia,9.4,4.1,14.4,1.1,"Tomatoes (1 kg), Markets"
Zambia,9.4,4.1,14.4,1.53,"Bananas (1 kg), Markets"
Zambia,9.4,4.1,14.4,1.51,"Onions (1 kg), Markets"
Zambia,9.4,4.1,14.4,4.81,"Beef Round or Equivalent Back Leg Red Meat (1 kg), Markets"
Mozambique,8.8,5.3,12,9.11,"Meal at an Inexpensive Restaurant, Restaurants"
Mozambique,8.8,5.3,12,43.04,"Meal for Two at a Mid-Range Restaurant (Three Courses, Without Drinks), Restaurants"
Mozambique,8.8,5.3,12,7.82,"Combo Meal at McDonald's (or Equivalent Fast-Food Meal), Restaurants"
Mozambique,8.8,5.3,12,1.56,"Domestic Draft Beer (0.5 Liter), Restaurants"
Mozambique,8.8,5.3,12,1.56,"Imported Beer (0.33 Liter Bottle), Restaurants"
Mozambique,8.8,5.3,12,0.89,"Soft Drink (Coca-Cola or Pepsi, 0.33 Liter Bottle), Restaurants"
Mozambique,8.8,5.3,12,0.58,"Bottled Water (0.33 Liter), Restaurants"
Mozambique,8.8,5.3,12,1.63,"Milk (Regular, 1 Liter), Markets"
Mozambique,8.8,5.3,12,0.88,"Fresh White Bread (500 g Loaf), Markets"
Mozambique,8.8,5.3,12,2.3,"Eggs (12, Large Size), Markets"
Mozambique,8.8,5.3,12,15.13,"Local Cheese (1 kg), Markets"
Mozambique,8.8,5.3,12,0.75,"Bottled Water (1.5 Liter), Markets"
Mozambique,8.8,5.3,12,7.04,"Bottle of Wine (Mid-Range), Markets"
Mozambique,8.8,5.3,12,0.98,"Domestic Beer (0.5 Liter Bottle), Markets"
Mozambique,8.8,5.3,12,1.41,"Imported Beer (0.33 Liter Bottle), Markets"
Mozambique,8.8,5.3,12,2.58,"Cigarettes (Pack of 20, Marlboro), Markets"
Mozambique,8.8,5.3,12,5.06,"Chicken Fillets (1 kg), Markets"
Mozambique,8.8,5.3,12,2.3,"Apples (1 kg), Markets"
Mozambique,8.8,5.3,12,2.01,"Oranges (1 kg), Markets"
Mozambique,8.8,5.3,12,1.06,"Potatoes (1 kg), Markets"
Mozambique,8.8,5.3,12,0.92,"Lettuce (1 Head), Markets"
Mozambique,8.8,5.3,12,2.21,"Cappuccino (Regular Size), Restaurants"
Mozambique,8.8,5.3,12,1.59,"White Rice (1 kg), Markets"
Mozambique,8.8,5.3,12,1.39,"Tomatoes (1 kg), Markets"
Mozambique,8.8,5.3,12,1.02,"Bananas (1 kg), Markets"
Mozambique,8.8,5.3,12,0.84,"Onions (1 kg), Markets"
Mozambique,8.8,5.3,12,5.35,"Beef Round or Equivalent Back Leg Red Meat (1 kg), Markets"
Philippines,8.7,7.3,10.2,3.74,"Meal at an Inexpensive Restaurant, Restaurants"
Philippines,8.7,7.3,10.2,20.3,"Meal for Two at a Mid-Range Restaurant (Three Courses, Without Drinks), Restaurants"
Philippines,8.7,7.3,10.2,3.38,"Combo Meal at McDonald's (or Equivalent Fast-Food Meal), Restaurants"
Philippines,8.7,7.3,10.2,1.27,"Domestic Draft Beer (0.5 Liter), Restaurants"
Philippines,8.7,7.3,10.2,2.03,"Imported Beer (0.33 Liter Bottle), Restaurants"
Philippines,8.7,7.3,10.2,0.71,"Soft Drink (Coca-Cola or Pepsi, 0.33 Liter Bottle), Restaurants"
Philippines,8.7,7.3,10.2,0.38,"Bottled Water (0.33 Liter), Restaurants"
Philippines,8.7,7.3,10.2,1.79,"Milk (Regular, 1 Liter), Markets"
Philippines,8.7,7.3,10.2,1.25,"Fresh White Bread (500 g Loaf), Markets"
Philippines,8.7,7.3,10.2,2.04,"Eggs (12, Large Size), Markets"
Philippines,8.7,7.3,10.2,7.38,"Local Cheese (1 kg), Markets"
Philippines,8.7,7.3,10.2,0.69,"Bottled Water (1.5 Liter), Markets"
Philippines,8.7,7.3,10.2,6.43,"Bottle of Wine (Mid-Range), Markets"
Philippines,8.7,7.3,10.2,1.19,"Domestic Beer (0.5 Liter Bottle), Markets"
Philippines,8.7,7.3,10.2,1.84,"Imported Beer (0.33 Liter Bottle), Markets"
Philippines,8.7,7.3,10.2,3.05,"Cigarettes (Pack of 20, Marlboro), Markets"
Philippines,8.7,7.3,10.2,4.3,"Chicken Fillets (1 kg), Markets"
Philippines,8.7,7.3,10.2,2.9,"Apples (1 kg), Markets"
Philippines,8.7,7.3,10.2,2.61,"Oranges (1 kg), Markets"
Philippines,8.7,7.3,10.2,2.25,"Potatoes (1 kg), Markets"
Philippines,8.7,7.3,10.2,1.4,"Lettuce (1 Head), Markets"
Philippines,8.7,7.3,10.2,2.3,"Cappuccino (Regular Size), Restaurants"
Philippines,8.7,7.3,10.2,0.95,"White Rice (1 kg), Markets"
Philippines,8.7,7.3,10.2,1.59,"Tomatoes (1 kg), Markets"
Philippines,8.7,7.3,10.2,1.46,"Bananas (1 kg), Markets"
Philippines,8.7,7.3,10.2,2.54,"Onions (1 kg), Markets"
Philippines,8.7,7.3,10.2,7.22,"Beef Round or Equivalent Back Leg Red Meat (1 kg), Markets"
Senegal,8.7,3.4,13.5,4.44,"Meal at an Inexpensive Restaurant, Restaurants"
Senegal,8.7,3.4,13.5,53.26,"Meal for Two at a Mid-Range Restaurant (Three Courses, Without Drinks), Restaurants"
Senegal,8.7,3.4,13.5,11.54,"Combo Meal at McDonald's (or Equivalent Fast-Food Meal), Restaurants"
Senegal,8.7,3.4,13.5,2.66,"Domestic Draft Beer (0.5 Liter), Restaurants"
Senegal,8.7,3.4,13.5,4.42,"Imported Beer (0.33 Liter Bottle), Restaurants"
Senegal,8.7,3.4,13.5,1.31,"Soft Drink (Coca-Cola or Pepsi, 0.33 Liter Bottle), Restaurants"
Senegal,8.7,3.4,13.5,0.55,"Bottled Water (0.33 Liter), Restaurants"
Senegal,8.7,3.4,13.5,2.41,"Milk (Regular, 1 Liter), Markets"
Senegal,8.7,3.4,13.5,0.52,"Fresh White Bread (500 g Loaf), Markets"
Senegal,8.7,3.4,13.5,2.49,"Eggs (12, Large Size), Markets"
Senegal,8.7,3.4,13.5,12.78,"Local Cheese (1 kg), Markets"
Senegal,8.7,3.4,13.5,0.78,"Bottled Water (1.5 Liter), Markets"
Senegal,8.7,3.4,13.5,12.43,"Bottle of Wine (Mid-Range), Markets"
Senegal,8.7,3.4,13.5,1.59,"Domestic Beer (0.5 Liter Bottle), Markets"
Senegal,8.7,3.4,13.5,2.43,"Imported Beer (0.33 Liter Bottle), Markets"
Senegal,8.7,3.4,13.5,1.78,"Cigarettes (Pack of 20, Marlboro), Markets"
Senegal,8.7,3.4,13.5,9.36,"Chicken Fillets (1 kg), Markets"
Senegal,8.7,3.4,13.5,3.06,"Apples (1 kg), Markets"
Senegal,8.7,3.4,13.5,2.89,"Oranges (1 kg), Markets"
Senegal,8.7,3.4,13.5,1.51,"Potatoes (1 kg), Markets"
Senegal,8.7,3.4,13.5,1.05,"Lettuce (1 Head), Markets"
Senegal,8.7,3.4,13.5,4.38,"Cappuccino (Regular Size), Restaurants"
Senegal,8.7,3.4,13.5,1.66,"White Rice (1 kg), Markets"
Senegal,8.7,3.4,13.5,2.02,"Tomatoes (1 kg), Markets"
Senegal,8.7,3.4,13.5,1.97,"Bananas (1 kg), Markets"
Senegal,8.7,3.4,13.5,1.35,"Onions (1 kg), Markets"
Senegal,8.7,3.4,13.5,11.11,"Beef Round or Equivalent Back Leg Red Meat (1 kg), Markets"
Guinea,8.3,4.8,11.5,6.43,"Meal at an Inexpensive Restaurant, Restaurants"
Guinea,8.3,4.8,11.5,31,"Meal for Two at a Mid-Range Restaurant (Three Courses, Without Drinks), Restaurants"
Guinea,8.3,4.8,11.5,10.77,"Combo Meal at McDonald's (or Equivalent Fast-Food Meal), Restaurants"
Guinea,8.3,4.8,11.5,2.5,"Domestic Draft Beer (0.5 Liter), Restaurants"
Guinea,8.3,4.8,11.5,4.05,"Imported Beer (0.33 Liter Bottle), Restaurants"
Guinea,8.3,4.8,11.5,1.62,"Soft Drink (Coca-Cola or Pepsi, 0.33 Liter Bottle), Restaurants"
Guinea,8.3,4.8,11.5,1.2,"Bottled Water (0.33 Liter), Restaurants"
Guinea,8.3,4.8,11.5,2.17,"Milk (Regular, 1 Liter), Markets"
Guinea,8.3,4.8,11.5,1.53,"Fresh White Bread (500 g Loaf), Markets"
Guinea,8.3,4.8,11.5,3.95,"Eggs (12, Large Size), Markets"
Guinea,8.3,4.8,11.5,18.56,"Local Cheese (1 kg), Markets"
Guinea,8.3,4.8,11.5,1.08,"Bottled Water (1.5 Liter), Markets"
Guinea,8.3,4.8,11.5,11,"Bottle of Wine (Mid-Range), Markets"
Guinea,8.3,4.8,11.5,1.58,"Domestic Beer (0.5 Liter Bottle), Markets"
Guinea,8.3,4.8,11.5,1.75,"Imported Beer (0.33 Liter Bottle), Markets"
Guinea,8.3,4.8,11.5,1.16,"Cigarettes (Pack of 20, Marlboro), Markets"
Guinea,8.3,4.8,11.5,6.25,"Chicken Fillets (1 kg), Markets"
Guinea,8.3,4.8,11.5,2.48,"Apples (1 kg), Markets"
Guinea,8.3,4.8,11.5,2.57,"Oranges (1 kg), Markets"
Guinea,8.3,4.8,11.5,1.9,"Potatoes (1 kg), Markets"
Guinea,8.3,4.8,11.5,1.05,"Lettuce (1 Head), Markets"
Guinea,8.3,4.8,11.5,3.32,"Cappuccino (Regular Size), Restaurants"
Guinea,8.3,4.8,11.5,1.5,"White Rice (1 kg), Markets"
Guinea,8.3,4.8,11.5,2.67,"Tomatoes (1 kg), Markets"
Guinea,8.3,4.8,11.5,2.44,"Bananas (1 kg), Markets"
Guinea,8.3,4.8,11.5,1.9,"Onions (1 kg), Markets"
Guinea,8.3,4.8,11.5,10.05,"Beef Round or Equivalent Back Leg Red Meat (1 kg), Markets"
China,8.2,8.5,7.9,2.83,"Meal at an Inexpensive Restaurant, Restaurants"
China,8.2,8.5,7.9,21.21,"Meal for Two at a Mid-Range Restaurant (Three Courses, Without Drinks), Restaurants"
China,8.2,8.5,7.9,4.95,"Combo Meal at McDonald's (or Equivalent Fast-Food Meal), Restaurants"
China,8.2,8.5,7.9,0.99,"Domestic Draft Beer (0.5 Liter), Restaurants"
China,8.2,8.5,7.9,2.12,"Imported Beer (0.33 Liter Bottle), Restaurants"
China,8.2,8.5,7.9,0.47,"Soft Drink (Coca-Cola or Pepsi, 0.33 Liter Bottle), Restaurants"
China,8.2,8.5,7.9,0.28,"Bottled Water (0.33 Liter), Restaurants"
China,8.2,8.5,7.9,1.79,"Milk (Regular, 1 Liter), Markets"
China,8.2,8.5,7.9,1.63,"Fresh White Bread (500 g Loaf), Markets"
China,8.2,8.5,7.9,1.57,"Eggs (12, Large Size), Markets"
China,8.2,8.5,7.9,13.05,"Local Cheese (1 kg), Markets"
China,8.2,8.5,7.9,0.56,"Bottled Water (1.5 Liter), Markets"
China,8.2,8.5,7.9,11.31,"Bottle of Wine (Mid-Range), Markets"
China,8.2,8.5,7.9,0.82,"Domestic Beer (0.5 Liter Bottle), Markets"
China,8.2,8.5,7.9,1.65,"Imported Beer (0.33 Liter Bottle), Markets"
China,8.2,8.5,7.9,3.54,"Cigarettes (Pack of 20, Marlboro), Markets"
China,8.2,8.5,7.9,3.35,"Chicken Fillets (1 kg), Markets"
China,8.2,8.5,7.9,1.81,"Apples (1 kg), Markets"
China,8.2,8.5,7.9,1.47,"Oranges (1 kg), Markets"
China,8.2,8.5,7.9,0.73,"Potatoes (1 kg), Markets"
China,8.2,8.5,7.9,0.6,"Lettuce (1 Head), Markets"
China,8.2,8.5,7.9,2.94,"Cappuccino (Regular Size), Restaurants"
China,8.2,8.5,7.9,0.93,"White Rice (1 kg), Markets"
China,8.2,8.5,7.9,1.19,"Tomatoes (1 kg), Markets"
China,8.2,8.5,7.9,1.24,"Bananas (1 kg), Markets"
China,8.2,8.5,7.9,0.9,"Onions (1 kg), Markets"
China,8.2,8.5,7.9,10.7,"Beef Round or Equivalent Back Leg Red Meat (1 kg), Markets"
Republic of the Congo,8,3.7,12.1,11.64,"Meal at an Inexpensive Restaurant, Restaurants"
Republic of the Congo,8,3.7,12.1,40.76,"Meal for Two at a Mid-Range Restaurant (Three Courses, Without Drinks), Restaurants"
Republic of the Congo,8,3.7,12.1,5.09,"Combo Meal at McDonald's (or Equivalent Fast-Food Meal), Restaurants"
Republic of the Congo,8,3.7,12.1,5.8,"Domestic Draft Beer (0.5 Liter), Restaurants"
Republic of the Congo,8,3.7,12.1,2.66,"Imported Beer (0.33 Liter Bottle), Restaurants"
Republic of the Congo,8,3.7,12.1,1.64,"Soft Drink (Coca-Cola or Pepsi, 0.33 Liter Bottle), Restaurants"
Republic of the Congo,8,3.7,12.1,1.35,"Bottled Water (0.33 Liter), Restaurants"
Republic of the Congo,8,3.7,12.1,2.31,"Milk (Regular, 1 Liter), Markets"
Republic of the Congo,8,3.7,12.1,4.97,"Fresh White Bread (500 g Loaf), Markets"
Republic of the Congo,8,3.7,12.1,2.5,"Eggs (12, Large Size), Markets"
Republic of the Congo,8,3.7,12.1,6.76,"Local Cheese (1 kg), Markets"
Republic of the Congo,8,3.7,12.1,0.69,"Bottled Water (1.5 Liter), Markets"
Republic of the Congo,8,3.7,12.1,8.26,"Bottle of Wine (Mid-Range), Markets"
Republic of the Congo,8,3.7,12.1,0.83,"Domestic Beer (0.5 Liter Bottle), Markets"
Republic of the Congo,8,3.7,12.1,1.89,"Imported Beer (0.33 Liter Bottle), Markets"
Republic of the Congo,8,3.7,12.1,3.25,"Cigarettes (Pack of 20, Marlboro), Markets"
Republic of the Congo,8,3.7,12.1,3.71,"Chicken Fillets (1 kg), Markets"
Republic of the Congo,8,3.7,12.1,3,"Apples (1 kg), Markets"
Republic of the Congo,8,3.7,12.1,3.6,"Oranges (1 kg), Markets"
Republic of the Congo,8,3.7,12.1,3.14,"Potatoes (1 kg), Markets"
Republic of the Congo,8,3.7,12.1,1.33,"Lettuce (1 Head), Markets"
Republic of the Congo,8,3.7,12.1,4.04,"Cappuccino (Regular Size), Restaurants"
Republic of the Congo,8,3.7,12.1,3.2,"White Rice (1 kg), Markets"
Republic of the Congo,8,3.7,12.1,4.39,"Tomatoes (1 kg), Markets"
Republic of the Congo,8,3.7,12.1,1.78,"Bananas (1 kg), Markets"
Republic of the Congo,8,3.7,12.1,1.96,"Onions (1 kg), Markets"
Republic of the Congo,8,3.7,12.1,8.21,"Beef Round or Equivalent Back Leg Red Meat (1 kg), Markets"
Laos,7.8,5.7,9.8,2.3,"Meal at an Inexpensive Restaurant, Restaurants"
Laos,7.8,5.7,9.8,18.44,"Meal for Two at a Mid-Range Restaurant (Three Courses, Without Drinks), Restaurants"
Laos,7.8,5.7,9.8,5.53,"Combo Meal at McDonald's (or Equivalent Fast-Food Meal), Restaurants"
Laos,7.8,5.7,9.8,1.38,"Domestic Draft Beer (0.5 Liter), Restaurants"
Laos,7.8,5.7,9.8,1.73,"Imported Beer (0.33 Liter Bottle), Restaurants"
Laos,7.8,5.7,9.8,0.72,"Soft Drink (Coca-Cola or Pepsi, 0.33 Liter Bottle), Restaurants"
Laos,7.8,5.7,9.8,0.45,"Bottled Water (0.33 Liter), Restaurants"
Laos,7.8,5.7,9.8,1.89,"Milk (Regular, 1 Liter), Markets"
Laos,7.8,5.7,9.8,1.03,"Fresh White Bread (500 g Loaf), Markets"
Laos,7.8,5.7,9.8,1.91,"Eggs (12, Large Size), Markets"
Laos,7.8,5.7,9.8,23.85,"Local Cheese (1 kg), Markets"
Laos,7.8,5.7,9.8,0.47,"Bottled Water (1.5 Liter), Markets"
Laos,7.8,5.7,9.8,11.06,"Bottle of Wine (Mid-Range), Markets"
Laos,7.8,5.7,9.8,1.15,"Domestic Beer (0.5 Liter Bottle), Markets"
Laos,7.8,5.7,9.8,1.17,"Imported Beer (0.33 Liter Bottle), Markets"
Laos,7.8,5.7,9.8,2,"Cigarettes (Pack of 20, Marlboro), Markets"
Laos,7.8,5.7,9.8,5.66,"Chicken Fillets (1 kg), Markets"
Laos,7.8,5.7,9.8,1.82,"Apples (1 kg), Markets"
Laos,7.8,5.7,9.8,2.1,"Oranges (1 kg), Markets"
Laos,7.8,5.7,9.8,1.59,"Potatoes (1 kg), Markets"
Laos,7.8,5.7,9.8,1.28,"Lettuce (1 Head), Markets"
Laos,7.8,5.7,9.8,1.68,"Cappuccino (Regular Size), Restaurants"
Laos,7.8,5.7,9.8,1.03,"White Rice (1 kg), Markets"
Laos,7.8,5.7,9.8,2.36,"Tomatoes (1 kg), Markets"
Laos,7.8,5.7,9.8,1.38,"Bananas (1 kg), Markets"
Laos,7.8,5.7,9.8,1.05,"Onions (1 kg), Markets"
Laos,7.8,5.7,9.8,6.12,"Beef Round or Equivalent Back Leg Red Meat (1 kg), Markets"
Central African Republic,7.7,4.9,10.3,3.55,"Domestic Draft Beer (0.5 Liter), Restaurants"
Central African Republic,7.7,4.9,10.3,5.33,"Imported Beer (0.33 Liter Bottle), Restaurants"
Central African Republic,7.7,4.9,10.3,1.78,"Bottled Water (0.33 Liter), Restaurants"
Central African Republic,7.7,4.9,10.3,5.33,"Milk (Regular, 1 Liter), Markets"
Central African Republic,7.7,4.9,10.3,4.44,"Fresh White Bread (500 g Loaf), Markets"
Central African Republic,7.7,4.9,10.3,5.33,"Eggs (12, Large Size), Markets"
Central African Republic,7.7,4.9,10.3,8.88,"Local Cheese (1 kg), Markets"
Central African Republic,7.7,4.9,10.3,2.66,"Bottled Water (1.5 Liter), Markets"
Central African Republic,7.7,4.9,10.3,11.98,"Bottle of Wine (Mid-Range), Markets"
Central African Republic,7.7,4.9,10.3,6.21,"Domestic Beer (0.5 Liter Bottle), Markets"
Central African Republic,7.7,4.9,10.3,4.44,"Imported Beer (0.33 Liter Bottle), Markets"
Central African Republic,7.7,4.9,10.3,4.44,"Cigarettes (Pack of 20, Marlboro), Markets"
Central African Republic,7.7,4.9,10.3,8.88,"Chicken Fillets (1 kg), Markets"
Central African Republic,7.7,4.9,10.3,7.1,"Oranges (1 kg), Markets"
Central African Republic,7.7,4.9,10.3,4.44,"Potatoes (1 kg), Markets"
Central African Republic,7.7,4.9,10.3,2.66,"Lettuce (1 Head), Markets"
Central African Republic,7.7,4.9,10.3,4.44,"White Rice (1 kg), Markets"
Central African Republic,7.7,4.9,10.3,5.33,"Tomatoes (1 kg), Markets"
Central African Republic,7.7,4.9,10.3,6.21,"Onions (1 kg), Markets"
Central African Republic,7.7,4.9,10.3,3.55,"Beef Round or Equivalent Back Leg Red Meat (1 kg), Markets"
Myanmar,7.5,5.5,9.6,2,"Meal at an Inexpensive Restaurant, Restaurants"
Myanmar,7.5,5.5,9.6,18.46,"Meal for Two at a Mid-Range Restaurant (Three Courses, Without Drinks), Restaurants"
Myanmar,7.5,5.5,9.6,5,"Combo Meal at McDonald's (or Equivalent Fast-Food Meal), Restaurants"
Myanmar,7.5,5.5,9.6,1,"Domestic Draft Beer (0.5 Liter), Restaurants"
Myanmar,7.5,5.5,9.6,1.5,"Imported Beer (0.33 Liter Bottle), Restaurants"
Myanmar,7.5,5.5,9.6,0.94,"Soft Drink (Coca-Cola or Pepsi, 0.33 Liter Bottle), Restaurants"
Myanmar,7.5,5.5,9.6,0.67,"Bottled Water (0.33 Liter), Restaurants"
Myanmar,7.5,5.5,9.6,1.56,"Milk (Regular, 1 Liter), Markets"
Myanmar,7.5,5.5,9.6,1.02,"Fresh White Bread (500 g Loaf), Markets"
Myanmar,7.5,5.5,9.6,1.77,"Eggs (12, Large Size), Markets"
Myanmar,7.5,5.5,9.6,8.14,"Local Cheese (1 kg), Markets"
Myanmar,7.5,5.5,9.6,0.44,"Bottled Water (1.5 Liter), Markets"
Myanmar,7.5,5.5,9.6,9.59,"Bottle of Wine (Mid-Range), Markets"
Myanmar,7.5,5.5,9.6,0.9,"Domestic Beer (0.5 Liter Bottle), Markets"
Myanmar,7.5,5.5,9.6,1.37,"Imported Beer (0.33 Liter Bottle), Markets"
Myanmar,7.5,5.5,9.6,1.64,"Cigarettes (Pack of 20, Marlboro), Markets"
Myanmar,7.5,5.5,9.6,5.32,"Chicken Fillets (1 kg), Markets"
Myanmar,7.5,5.5,9.6,5.1,"Apples (1 kg), Markets"
Myanmar,7.5,5.5,9.6,3.07,"Oranges (1 kg), Markets"
Myanmar,7.5,5.5,9.6,2.02,"Potatoes (1 kg), Markets"
Myanmar,7.5,5.5,9.6,1.07,"Lettuce (1 Head), Markets"
Myanmar,7.5,5.5,9.6,1.44,"Cappuccino (Regular Size), Restaurants"
Myanmar,7.5,5.5,9.6,1.48,"White Rice (1 kg), Markets"
Myanmar,7.5,5.5,9.6,2.63,"Tomatoes (1 kg), Markets"
Myanmar,7.5,5.5,9.6,1.05,"Bananas (1 kg), Markets"
Myanmar,7.5,5.5,9.6,1.28,"Onions (1 kg), Markets"
Myanmar,7.5,5.5,9.6,7.22,"Beef Round or Equivalent Back Leg Red Meat (1 kg), Markets"
India,7.2,5.2,9.3,2.23,"Meal at an Inexpensive Restaurant, Restaurants"
India,7.2,5.2,9.3,13.36,"Meal for Two at a Mid-Range Restaurant (Three Courses, Without Drinks), Restaurants"
India,7.2,5.2,9.3,3.9,"Combo Meal at McDonald's (or Equivalent Fast-Food Meal), Restaurants"
India,7.2,5.2,9.3,1.95,"Domestic Draft Beer (0.5 Liter), Restaurants"
India,7.2,5.2,9.3,3.34,"Imported Beer (0.33 Liter Bottle), Restaurants"
India,7.2,5.2,9.3,0.41,"Soft Drink (Coca-Cola or Pepsi, 0.33 Liter Bottle), Restaurants"
India,7.2,5.2,9.3,0.16,"Bottled Water (0.33 Liter), Restaurants"
India,7.2,5.2,9.3,0.68,"Milk (Regular, 1 Liter), Markets"
India,7.2,5.2,9.3,0.49,"Fresh White Bread (500 g Loaf), Markets"
India,7.2,5.2,9.3,0.93,"Eggs (12, Large Size), Markets"
India,7.2,5.2,9.3,4.98,"Local Cheese (1 kg), Markets"
India,7.2,5.2,9.3,0.32,"Bottled Water (1.5 Liter), Markets"
India,7.2,5.2,9.3,8.1,"Bottle of Wine (Mid-Range), Markets"
India,7.2,5.2,9.3,1.79,"Domestic Beer (0.5 Liter Bottle), Markets"
India,7.2,5.2,9.3,2.84,"Imported Beer (0.33 Liter Bottle), Markets"
India,7.2,5.2,9.3,3.9,"Cigarettes (Pack of 20, Marlboro), Markets"
India,7.2,5.2,9.3,2.97,"Chicken Fillets (1 kg), Markets"
India,7.2,5.2,9.3,2.05,"Apples (1 kg), Markets"
India,7.2,5.2,9.3,1.05,"Oranges (1 kg), Markets"
India,7.2,5.2,9.3,0.38,"Potatoes (1 kg), Markets"
India,7.2,5.2,9.3,0.5,"Lettuce (1 Head), Markets"
India,7.2,5.2,9.3,1.79,"Cappuccino (Regular Size), Restaurants"
India,7.2,5.2,9.3,0.68,"White Rice (1 kg), Markets"
India,7.2,5.2,9.3,0.5,"Tomatoes (1 kg), Markets"
India,7.2,5.2,9.3,0.7,"Bananas (1 kg), Markets"
India,7.2,5.2,9.3,0.43,"Onions (1 kg), Markets"
India,7.2,5.2,9.3,5.51,"Beef Round or Equivalent Back Leg Red Meat (1 kg), Markets"
Uganda,6.9,3.6,10,2.82,"Meal at an Inexpensive Restaurant, Restaurants"
Uganda,6.9,3.6,10,28.2,"Meal for Two at a Mid-Range Restaurant (Three Courses, Without Drinks), Restaurants"
Uganda,6.9,3.6,10,8.46,"Combo Meal at McDonald's (or Equivalent Fast-Food Meal), Restaurants"
Uganda,6.9,3.6,10,1.41,"Domestic Draft Beer (0.5 Liter), Restaurants"
Uganda,6.9,3.6,10,2.82,"Imported Beer (0.33 Liter Bottle), Restaurants"
Uganda,6.9,3.6,10,0.44,"Soft Drink (Coca-Cola or Pepsi, 0.33 Liter Bottle), Restaurants"
Uganda,6.9,3.6,10,0.3,"Bottled Water (0.33 Liter), Restaurants"
Uganda,6.9,3.6,10,0.72,"Milk (Regular, 1 Liter), Markets"
Uganda,6.9,3.6,10,1.12,"Fresh White Bread (500 g Loaf), Markets"
Uganda,6.9,3.6,10,1.77,"Eggs (12, Large Size), Markets"
Uganda,6.9,3.6,10,5.44,"Local Cheese (1 kg), Markets"
Uganda,6.9,3.6,10,0.57,"Bottled Water (1.5 Liter), Markets"
Uganda,6.9,3.6,10,10.5,"Bottle of Wine (Mid-Range), Markets"
Uganda,6.9,3.6,10,1.19,"Domestic Beer (0.5 Liter Bottle), Markets"
Uganda,6.9,3.6,10,2.06,"Imported Beer (0.33 Liter Bottle), Markets"
Uganda,6.9,3.6,10,3.43,"Cigarettes (Pack of 20, Marlboro), Markets"
Uganda,6.9,3.6,10,4.95,"Chicken Fillets (1 kg), Markets"
Uganda,6.9,3.6,10,2.69,"Apples (1 kg), Markets"
Uganda,6.9,3.6,10,1.63,"Oranges (1 kg), Markets"
Uganda,6.9,3.6,10,1.45,"Potatoes (1 kg), Markets"
Uganda,6.9,3.6,10,0.94,"Lettuce (1 Head), Markets"
Uganda,6.9,3.6,10,2.74,"Cappuccino (Regular Size), Restaurants"
Uganda,6.9,3.6,10,1.36,"White Rice (1 kg), Markets"
Uganda,6.9,3.6,10,1.5,"Tomatoes (1 kg), Markets"
Uganda,6.9,3.6,10,1.33,"Bananas (1 kg), Markets"
Uganda,6.9,3.6,10,1.52,"Onions (1 kg), Markets"
Uganda,6.9,3.6,10,4.37,"Beef Round or Equivalent Back Leg Red Meat (1 kg), Markets"
South Korea,6.7,7.7,5.7,6.79,"Meal at an Inexpensive Restaurant, Restaurants"
South Korea,6.7,7.7,5.7,40.72,"Meal for Two at a Mid-Range Restaurant (Three Courses, Without Drinks), Restaurants"
South Korea,6.7,7.7,5.7,5.43,"Combo Meal at McDonald's (or Equivalent Fast-Food Meal), Restaurants"
South Korea,6.7,7.7,5.7,3.39,"Domestic Draft Beer (0.5 Liter), Restaurants"
South Korea,6.7,7.7,5.7,4.29,"Imported Beer (0.33 Liter Bottle), Restaurants"
South Korea,6.7,7.7,5.7,1.47,"Soft Drink (Coca-Cola or Pepsi, 0.33 Liter Bottle), Restaurants"
South Korea,6.7,7.7,5.7,0.73,"Bottled Water (0.33 Liter), Restaurants"
South Korea,6.7,7.7,5.7,1.98,"Milk (Regular, 1 Liter), Markets"
South Korea,6.7,7.7,5.7,2.74,"Fresh White Bread (500 g Loaf), Markets"
South Korea,6.7,7.7,5.7,2.74,"Eggs (12, Large Size), Markets"
South Korea,6.7,7.7,5.7,12.73,"Local Cheese (1 kg), Markets"
South Korea,6.7,7.7,5.7,1.09,"Bottled Water (1.5 Liter), Markets"
South Korea,6.7,7.7,5.7,16.97,"Bottle of Wine (Mid-Range), Markets"
South Korea,6.7,7.7,5.7,1.9,"Domestic Beer (0.5 Liter Bottle), Markets"
South Korea,6.7,7.7,5.7,2.64,"Imported Beer (0.33 Liter Bottle), Markets"
South Korea,6.7,7.7,5.7,3.05,"Cigarettes (Pack of 20, Marlboro), Markets"
South Korea,6.7,7.7,5.7,8.41,"Chicken Fillets (1 kg), Markets"
South Korea,6.7,7.7,5.7,7.43,"Apples (1 kg), Markets"
South Korea,6.7,7.7,5.7,5.64,"Oranges (1 kg), Markets"
South Korea,6.7,7.7,5.7,3.45,"Potatoes (1 kg), Markets"
South Korea,6.7,7.7,5.7,2.37,"Lettuce (1 Head), Markets"
South Korea,6.7,7.7,5.7,3.51,"Cappuccino (Regular Size), Restaurants"
South Korea,6.7,7.7,5.7,2.87,"White Rice (1 kg), Markets"
South Korea,6.7,7.7,5.7,5.5,"Tomatoes (1 kg), Markets"
South Korea,6.7,7.7,5.7,3.14,"Bananas (1 kg), Markets"
South Korea,6.7,7.7,5.7,2.68,"Onions (1 kg), Markets"
South Korea,6.7,7.7,5.7,25.88,"Beef Round or Equivalent Back Leg Red Meat (1 kg), Markets"
Nepal,6.6,4.5,8.4,1.74,"Meal at an Inexpensive Restaurant, Restaurants"
Nepal,6.6,4.5,8.4,14.26,"Meal for Two at a Mid-Range Restaurant (Three Courses, Without Drinks), Restaurants"
Nepal,6.6,4.5,8.4,6.96,"Combo Meal at McDonald's (or Equivalent Fast-Food Meal), Restaurants"
Nepal,6.6,4.5,8.4,2.26,"Domestic Draft Beer (0.5 Liter), Restaurants"
Nepal,6.6,4.5,8.4,3.48,"Imported Beer (0.33 Liter Bottle), Restaurants"
Nepal,6.6,4.5,8.4,0.48,"Soft Drink (Coca-Cola or Pepsi, 0.33 Liter Bottle), Restaurants"
Nepal,6.6,4.5,8.4,0.16,"Bottled Water (0.33 Liter), Restaurants"
Nepal,6.6,4.5,8.4,0.72,"Milk (Regular, 1 Liter), Markets"
Nepal,6.6,4.5,8.4,0.46,"Fresh White Bread (500 g Loaf), Markets"
Nepal,6.6,4.5,8.4,1.55,"Eggs (12, Large Size), Markets"
Nepal,6.6,4.5,8.4,7.13,"Local Cheese (1 kg), Markets"
Nepal,6.6,4.5,8.4,0.25,"Bottled Water (1.5 Liter), Markets"
Nepal,6.6,4.5,8.4,6.96,"Bottle of Wine (Mid-Range), Markets"
Nepal,6.6,4.5,8.4,2.27,"Domestic Beer (0.5 Liter Bottle), Markets"
Nepal,6.6,4.5,8.4,3.16,"Imported Beer (0.33 Liter Bottle), Markets"
Nepal,6.6,4.5,8.4,2.78,"Cigarettes (Pack of 20, Marlboro), Markets"
Nepal,6.6,4.5,8.4,3,"Chicken Fillets (1 kg), Markets"
Nepal,6.6,4.5,8.4,2.15,"Apples (1 kg), Markets"
Nepal,6.6,4.5,8.4,1.11,"Oranges (1 kg), Markets"
Nepal,6.6,4.5,8.4,0.41,"Potatoes (1 kg), Markets"
Nepal,6.6,4.5,8.4,0.45,"Lettuce (1 Head), Markets"
Nepal,6.6,4.5,8.4,1.52,"Cappuccino (Regular Size), Restaurants"
Nepal,6.6,4.5,8.4,0.8,"White Rice (1 kg), Markets"
Nepal,6.6,4.5,8.4,0.6,"Tomatoes (1 kg), Markets"
Nepal,6.6,4.5,8.4,0.96,"Bananas (1 kg), Markets"
Nepal,6.6,4.5,8.4,0.61,"Onions (1 kg), Markets"
Nepal,6.6,4.5,8.4,5.67,"Beef Round or Equivalent Back Leg Red Meat (1 kg), Markets"
Sierra Leone,6.5,2.3,10.6,3,"Meal at an Inexpensive Restaurant, Restaurants"
Sierra Leone,6.5,2.3,10.6,35,"Meal for Two at a Mid-Range Restaurant (Three Courses, Without Drinks), Restaurants"
Sierra Leone,6.5,2.3,10.6,10,"Combo Meal at McDonald's (or Equivalent Fast-Food Meal), Restaurants"
Sierra Leone,6.5,2.3,10.6,1.5,"Domestic Draft Beer (0.5 Liter), Restaurants"
Sierra Leone,6.5,2.3,10.6,2.87,"Imported Beer (0.33 Liter Bottle), Restaurants"
Sierra Leone,6.5,2.3,10.6,0.94,"Soft Drink (Coca-Cola or Pepsi, 0.33 Liter Bottle), Restaurants"
Sierra Leone,6.5,2.3,10.6,0.81,"Bottled Water (0.33 Liter), Restaurants"
Sierra Leone,6.5,2.3,10.6,2.42,"Milk (Regular, 1 Liter), Markets"
Sierra Leone,6.5,2.3,10.6,0.67,"Fresh White Bread (500 g Loaf), Markets"
Sierra Leone,6.5,2.3,10.6,2.01,"Eggs (12, Large Size), Markets"
Sierra Leone,6.5,2.3,10.6,7.09,"Local Cheese (1 kg), Markets"
Sierra Leone,6.5,2.3,10.6,1.4,"Bottled Water (1.5 Liter), Markets"
Sierra Leone,6.5,2.3,10.6,7.09,"Bottle of Wine (Mid-Range), Markets"
Sierra Leone,6.5,2.3,10.6,1.46,"Domestic Beer (0.5 Liter Bottle), Markets"
Sierra Leone,6.5,2.3,10.6,2.09,"Imported Beer (0.33 Liter Bottle), Markets"
Sierra Leone,6.5,2.3,10.6,1.93,"Cigarettes (Pack of 20, Marlboro), Markets"
Sierra Leone,6.5,2.3,10.6,7.5,"Chicken Fillets (1 kg), Markets"
Sierra Leone,6.5,2.3,10.6,4,"Apples (1 kg), Markets"
Sierra Leone,6.5,2.3,10.6,0.71,"Oranges (1 kg), Markets"
Sierra Leone,6.5,2.3,10.6,2,"Potatoes (1 kg), Markets"
Sierra Leone,6.5,2.3,10.6,1,"Lettuce (1 Head), Markets"
Sierra Leone,6.5,2.3,10.6,1.73,"Cappuccino (Regular Size), Restaurants"
Sierra Leone,6.5,2.3,10.6,1.33,"White Rice (1 kg), Markets"
Sierra Leone,6.5,2.3,10.6,5,"Tomatoes (1 kg), Markets"
Sierra Leone,6.5,2.3,10.6,2,"Bananas (1 kg), Markets"
Sierra Leone,6.5,2.3,10.6,1.63,"Onions (1 kg), Markets"
Sierra Leone,6.5,2.3,10.6,5.25,"Beef Round or Equivalent Back Leg Red Meat (1 kg), Markets"
Malawi,6.4,2.3,10,4.95,"Meal at an Inexpensive Restaurant, Restaurants"
Malawi,6.4,2.3,10,21.62,"Meal for Two at a Mid-Range Restaurant (Three Courses, Without Drinks), Restaurants"
Malawi,6.4,2.3,10,8.56,"Combo Meal at McDonald's (or Equivalent Fast-Food Meal), Restaurants"
Malawi,6.4,2.3,10,1.22,"Domestic Draft Beer (0.5 Liter), Restaurants"
Malawi,6.4,2.3,10,2.96,"Imported Beer (0.33 Liter Bottle), Restaurants"
Malawi,6.4,2.3,10,0.87,"Soft Drink (Coca-Cola or Pepsi, 0.33 Liter Bottle), Restaurants"
Malawi,6.4,2.3,10,0.44,"Bottled Water (0.33 Liter), Restaurants"
Malawi,6.4,2.3,10,1.03,"Milk (Regular, 1 Liter), Markets"
Malawi,6.4,2.3,10,1.29,"Fresh White Bread (500 g Loaf), Markets"
Malawi,6.4,2.3,10,2.31,"Eggs (12, Large Size), Markets"
Malawi,6.4,2.3,10,7.44,"Local Cheese (1 kg), Markets"
Malawi,6.4,2.3,10,1.14,"Bottled Water (1.5 Liter), Markets"
Malawi,6.4,2.3,10,12.64,"Bottle of Wine (Mid-Range), Markets"
Malawi,6.4,2.3,10,0.95,"Domestic Beer (0.5 Liter Bottle), Markets"
Malawi,6.4,2.3,10,1.98,"Imported Beer (0.33 Liter Bottle), Markets"
Malawi,6.4,2.3,10,2.37,"Cigarettes (Pack of 20, Marlboro), Markets"
Malawi,6.4,2.3,10,3.39,"Chicken Fillets (1 kg), Markets"
Malawi,6.4,2.3,10,2.43,"Apples (1 kg), Markets"
Malawi,6.4,2.3,10,2.23,"Oranges (1 kg), Markets"
Malawi,6.4,2.3,10,1.36,"Potatoes (1 kg), Markets"
Malawi,6.4,2.3,10,0.32,"Lettuce (1 Head), Markets"
Malawi,6.4,2.3,10,2.85,"Cappuccino (Regular Size), Restaurants"
Malawi,6.4,2.3,10,1.58,"White Rice (1 kg), Markets"
Malawi,6.4,2.3,10,1.22,"Tomatoes (1 kg), Markets"
Malawi,6.4,2.3,10,1.83,"Bananas (1 kg), Markets"
Malawi,6.4,2.3,10,1.35,"Onions (1 kg), Markets"
Malawi,6.4,2.3,10,5.39,"Beef Round or Equivalent Back Leg Red Meat (1 kg), Markets"
Burkina Faso,6.1,3.5,8.6,6.21,"Meal at an Inexpensive Restaurant, Restaurants"
Burkina Faso,6.1,3.5,8.6,23.97,"Meal for Two at a Mid-Range Restaurant (Three Courses, Without Drinks), Restaurants"
Burkina Faso,6.1,3.5,8.6,7.54,"Combo Meal at McDonald's (or Equivalent Fast-Food Meal), Restaurants"
Burkina Faso,6.1,3.5,8.6,1.07,"Domestic Draft Beer (0.5 Liter), Restaurants"
Burkina Faso,6.1,3.5,8.6,1.86,"Imported Beer (0.33 Liter Bottle), Restaurants"
Burkina Faso,6.1,3.5,8.6,0.83,"Soft Drink (Coca-Cola or Pepsi, 0.33 Liter Bottle), Restaurants"
Burkina Faso,6.1,3.5,8.6,0.68,"Bottled Water (0.33 Liter), Restaurants"
Burkina Faso,6.1,3.5,8.6,2.78,"Milk (Regular, 1 Liter), Markets"
Burkina Faso,6.1,3.5,8.6,0.94,"Fresh White Bread (500 g Loaf), Markets"
Burkina Faso,6.1,3.5,8.6,3.33,"Eggs (12, Large Size), Markets"
Burkina Faso,6.1,3.5,8.6,17.75,"Local Cheese (1 kg), Markets"
Burkina Faso,6.1,3.5,8.6,1.48,"Bottled Water (1.5 Liter), Markets"
Burkina Faso,6.1,3.5,8.6,6.21,"Bottle of Wine (Mid-Range), Markets"
Burkina Faso,6.1,3.5,8.6,1.39,"Domestic Beer (0.5 Liter Bottle), Markets"
Burkina Faso,6.1,3.5,8.6,2.37,"Imported Beer (0.33 Liter Bottle), Markets"
Burkina Faso,6.1,3.5,8.6,1.75,"Cigarettes (Pack of 20, Marlboro), Markets"
Burkina Faso,6.1,3.5,8.6,21.3,"Chicken Fillets (1 kg), Markets"
Burkina Faso,6.1,3.5,8.6,4.44,"Apples (1 kg), Markets"
Burkina Faso,6.1,3.5,8.6,1,"Oranges (1 kg), Markets"
Burkina Faso,6.1,3.5,8.6,2.22,"Potatoes (1 kg), Markets"
Burkina Faso,6.1,3.5,8.6,0.89,"Lettuce (1 Head), Markets"
Burkina Faso,6.1,3.5,8.6,1.48,"Cappuccino (Regular Size), Restaurants"
Burkina Faso,6.1,3.5,8.6,1,"White Rice (1 kg), Markets"
Burkina Faso,6.1,3.5,8.6,2.44,"Tomatoes (1 kg), Markets"
Burkina Faso,6.1,3.5,8.6,1,"Bananas (1 kg), Markets"
Burkina Faso,6.1,3.5,8.6,1.34,"Onions (1 kg), Markets"
Burkina Faso,6.1,3.5,8.6,12.54,"Beef Round or Equivalent Back Leg Red Meat (1 kg), Markets"
Chad,5.7,6.2,5.3,8.88,"Meal at an Inexpensive Restaurant, Restaurants"
Chad,5.7,6.2,5.3,1.33,"Domestic Draft Beer (0.5 Liter), Restaurants"
Chad,5.7,6.2,5.3,1.78,"Imported Beer (0.33 Liter Bottle), Restaurants"
Chad,5.7,6.2,5.3,0.89,"Soft Drink (Coca-Cola or Pepsi, 0.33 Liter Bottle), Restaurants"
Chad,5.7,6.2,5.3,0.89,"Bottled Water (0.33 Liter), Restaurants"
Chad,5.7,6.2,5.3,3.76,"Milk (Regular, 1 Liter), Markets"
Chad,5.7,6.2,5.3,0.36,"Fresh White Bread (500 g Loaf), Markets"
Chad,5.7,6.2,5.3,2.13,"Eggs (12, Large Size), Markets"
Chad,5.7,6.2,5.3,3.55,"Local Cheese (1 kg), Markets"
Chad,5.7,6.2,5.3,2.07,"Bottled Water (1.5 Liter), Markets"
Chad,5.7,6.2,5.3,7.99,"Bottle of Wine (Mid-Range), Markets"
Chad,5.7,6.2,5.3,1.39,"Domestic Beer (0.5 Liter Bottle), Markets"
Chad,5.7,6.2,5.3,1.78,"Imported Beer (0.33 Liter Bottle), Markets"
Chad,5.7,6.2,5.3,1.02,"Cigarettes (Pack of 20, Marlboro), Markets"
Chad,5.7,6.2,5.3,7.1,"Chicken Fillets (1 kg), Markets"
Chad,5.7,6.2,5.3,4.88,"Apples (1 kg), Markets"
Chad,5.7,6.2,5.3,2.66,"Oranges (1 kg), Markets"
Chad,5.7,6.2,5.3,1.66,"Potatoes (1 kg), Markets"
Chad,5.7,6.2,5.3,0.53,"Lettuce (1 Head), Markets"
Chad,5.7,6.2,5.3,0.89,"Cappuccino (Regular Size), Restaurants"
Chad,5.7,6.2,5.3,3.55,"White Rice (1 kg), Markets"
Chad,5.7,6.2,5.3,2.54,"Tomatoes (1 kg), Markets"
Chad,5.7,6.2,5.3,2.22,"Bananas (1 kg), Markets"
Chad,5.7,6.2,5.3,1.66,"Onions (1 kg), Markets"
Chad,5.7,6.2,5.3,3.73,"Beef Round or Equivalent Back Leg Red Meat (1 kg), Markets"
Bangladesh,5.3,2.9,7.6,1.7,"Meal at an Inexpensive Restaurant, Restaurants"
Bangladesh,5.3,2.9,7.6,12.26,"Meal for Two at a Mid-Range Restaurant (Three Courses, Without Drinks), Restaurants"
Bangladesh,5.3,2.9,7.6,4.9,"Combo Meal at McDonald's (or Equivalent Fast-Food Meal), Restaurants"
Bangladesh,5.3,2.9,7.6,4.09,"Domestic Draft Beer (0.5 Liter), Restaurants"
Bangladesh,5.3,2.9,7.6,4.49,"Imported Beer (0.33 Liter Bottle), Restaurants"
Bangladesh,5.3,2.9,7.6,0.32,"Soft Drink (Coca-Cola or Pepsi, 0.33 Liter Bottle), Restaurants"
Bangladesh,5.3,2.9,7.6,0.16,"Bottled Water (0.33 Liter), Restaurants"
Bangladesh,5.3,2.9,7.6,0.74,"Milk (Regular, 1 Liter), Markets"
Bangladesh,5.3,2.9,7.6,0.58,"Fresh White Bread (500 g Loaf), Markets"
Bangladesh,5.3,2.9,7.6,1.16,"Eggs (12, Large Size), Markets"
Bangladesh,5.3,2.9,7.6,7.85,"Local Cheese (1 kg), Markets"
Bangladesh,5.3,2.9,7.6,0.27,"Bottled Water (1.5 Liter), Markets"
Bangladesh,5.3,2.9,7.6,9.81,"Bottle of Wine (Mid-Range), Markets"
Bangladesh,5.3,2.9,7.6,3.61,"Domestic Beer (0.5 Liter Bottle), Markets"
Bangladesh,5.3,2.9,7.6,5.58,"Imported Beer (0.33 Liter Bottle), Markets"
Bangladesh,5.3,2.9,7.6,3.19,"Cigarettes (Pack of 20, Marlboro), Markets"
Bangladesh,5.3,2.9,7.6,2.58,"Chicken Fillets (1 kg), Markets"
Bangladesh,5.3,2.9,7.6,2.43,"Apples (1 kg), Markets"
Bangladesh,5.3,2.9,7.6,2.3,"Oranges (1 kg), Markets"
Bangladesh,5.3,2.9,7.6,0.31,"Potatoes (1 kg), Markets"
Bangladesh,5.3,2.9,7.6,0.37,"Lettuce (1 Head), Markets"
Bangladesh,5.3,2.9,7.6,1.96,"Cappuccino (Regular Size), Restaurants"
Bangladesh,5.3,2.9,7.6,0.6,"White Rice (1 kg), Markets"
Bangladesh,5.3,2.9,7.6,0.59,"Tomatoes (1 kg), Markets"
Bangladesh,5.3,2.9,7.6,0.87,"Bananas (1 kg), Markets"
Bangladesh,5.3,2.9,7.6,0.52,"Onions (1 kg), Markets"
Bangladesh,5.3,2.9,7.6,6.43,"Beef Round or Equivalent Back Leg Red Meat (1 kg), Markets"
Niger,5.3,4,6.7,5.33,"Meal at an Inexpensive Restaurant, Restaurants"
Niger,5.3,4,6.7,35.5,"Meal for Two at a Mid-Range Restaurant (Three Courses, Without Drinks), Restaurants"
Niger,5.3,4,6.7,10.21,"Combo Meal at McDonald's (or Equivalent Fast-Food Meal), Restaurants"
Niger,5.3,4,6.7,1.55,"Domestic Draft Beer (0.5 Liter), Restaurants"
Niger,5.3,4,6.7,3.55,"Imported Beer (0.33 Liter Bottle), Restaurants"
Niger,5.3,4,6.7,1.49,"Soft Drink (Coca-Cola or Pepsi, 0.33 Liter Bottle), Restaurants"
Niger,5.3,4,6.7,0.71,"Bottled Water (0.33 Liter), Restaurants"
Niger,5.3,4,6.7,2.49,"Milk (Regular, 1 Liter), Markets"
Niger,5.3,4,6.7,0.59,"Fresh White Bread (500 g Loaf), Markets"
Niger,5.3,4,6.7,2.25,"Eggs (12, Large Size), Markets"
Niger,5.3,4,6.7,1.07,"Bottled Water (1.5 Liter), Markets"
Niger,5.3,4,6.7,10.65,"Bottle of Wine (Mid-Range), Markets"
Niger,5.3,4,6.7,1.38,"Domestic Beer (0.5 Liter Bottle), Markets"
Niger,5.3,4,6.7,2.22,"Imported Beer (0.33 Liter Bottle), Markets"
Niger,5.3,4,6.7,2.66,"Cigarettes (Pack of 20, Marlboro), Markets"
Niger,5.3,4,6.7,6.11,"Chicken Fillets (1 kg), Markets"
Niger,5.3,4,6.7,3.55,"Apples (1 kg), Markets"
Niger,5.3,4,6.7,2.96,"Oranges (1 kg), Markets"
Niger,5.3,4,6.7,1.48,"Potatoes (1 kg), Markets"
Niger,5.3,4,6.7,0.89,"Lettuce (1 Head), Markets"
Niger,5.3,4,6.7,3.33,"Cappuccino (Regular Size), Restaurants"
Niger,5.3,4,6.7,1.33,"White Rice (1 kg), Markets"
Niger,5.3,4,6.7,1.72,"Tomatoes (1 kg), Markets"
Niger,5.3,4,6.7,1.66,"Bananas (1 kg), Markets"
Niger,5.3,4,6.7,0.71,"Onions (1 kg), Markets"
Niger,5.3,4,6.7,7.99,"Beef Round or Equivalent Back Leg Red Meat (1 kg), Markets"
Japan,4.9,6.3,3.7,6.45,"Meal at an Inexpensive Restaurant, Restaurants"
Japan,4.9,6.3,3.7,32.25,"Meal for Two at a Mid-Range Restaurant (Three Courses, Without Drinks), Restaurants"
Japan,4.9,6.3,3.7,5.16,"Combo Meal at McDonald's (or Equivalent Fast-Food Meal), Restaurants"
Japan,4.9,6.3,3.7,3.22,"Domestic Draft Beer (0.5 Liter), Restaurants"
Japan,4.9,6.3,3.7,3.87,"Imported Beer (0.33 Liter Bottle), Restaurants"
Japan,4.9,6.3,3.7,1.04,"Soft Drink (Coca-Cola or Pepsi, 0.33 Liter Bottle), Restaurants"
Japan,4.9,6.3,3.7,0.75,"Bottled Water (0.33 Liter), Restaurants"
Japan,4.9,6.3,3.7,1.44,"Milk (Regular, 1 Liter), Markets"
Japan,4.9,6.3,3.7,1.41,"Fresh White Bread (500 g Loaf), Markets"
Japan,4.9,6.3,3.7,2.08,"Eggs (12, Large Size), Markets"
Japan,4.9,6.3,3.7,10.95,"Local Cheese (1 kg), Markets"
Japan,4.9,6.3,3.7,0.87,"Bottled Water (1.5 Liter), Markets"
Japan,4.9,6.3,3.7,7.74,"Bottle of Wine (Mid-Range), Markets"
Japan,4.9,6.3,3.7,2.03,"Domestic Beer (0.5 Liter Bottle), Markets"
Japan,4.9,6.3,3.7,2.71,"Imported Beer (0.33 Liter Bottle), Markets"
Japan,4.9,6.3,3.7,4,"Cigarettes (Pack of 20, Marlboro), Markets"
Japan,4.9,6.3,3.7,6.47,"Chicken Fillets (1 kg), Markets"
Japan,4.9,6.3,3.7,4.92,"Apples (1 kg), Markets"
Japan,4.9,6.3,3.7,4.27,"Oranges (1 kg), Markets"
Japan,4.9,6.3,3.7,2.64,"Potatoes (1 kg), Markets"
Japan,4.9,6.3,3.7,1.28,"Lettuce (1 Head), Markets"
Japan,4.9,6.3,3.7,3.09,"Cappuccino (Regular Size), Restaurants"
Japan,4.9,6.3,3.7,4.61,"White Rice (1 kg), Markets"
Japan,4.9,6.3,3.7,4.44,"Tomatoes (1 kg), Markets"
Japan,4.9,6.3,3.7,2.43,"Bananas (1 kg), Markets"
Japan,4.9,6.3,3.7,2.53,"Onions (1 kg), Markets"
Japan,4.9,6.3,3.7,18.18,"Beef Round or Equivalent Back Leg Red Meat (1 kg), Markets"
Rwanda,4.6,1.4,7.5,2.75,"Meal at an Inexpensive Restaurant, Restaurants"
Rwanda,4.6,1.4,7.5,24.08,"Meal for Two at a Mid-Range Restaurant (Three Courses, Without Drinks), Restaurants"
Rwanda,4.6,1.4,7.5,6.88,"Combo Meal at McDonald's (or Equivalent Fast-Food Meal), Restaurants"
Rwanda,4.6,1.4,7.5,1.03,"Domestic Draft Beer (0.5 Liter), Restaurants"
Rwanda,4.6,1.4,7.5,2.06,"Imported Beer (0.33 Liter Bottle), Restaurants"
Rwanda,4.6,1.4,7.5,0.88,"Soft Drink (Coca-Cola or Pepsi, 0.33 Liter Bottle), Restaurants"
Rwanda,4.6,1.4,7.5,0.51,"Bottled Water (0.33 Liter), Restaurants"
Rwanda,4.6,1.4,7.5,0.63,"Milk (Regular, 1 Liter), Markets"
Rwanda,4.6,1.4,7.5,1.01,"Fresh White Bread (500 g Loaf), Markets"
Rwanda,4.6,1.4,7.5,1.61,"Eggs (12, Large Size), Markets"
Rwanda,4.6,1.4,7.5,4.14,"Local Cheese (1 kg), Markets"
Rwanda,4.6,1.4,7.5,0.77,"Bottled Water (1.5 Liter), Markets"
Rwanda,4.6,1.4,7.5,10.32,"Bottle of Wine (Mid-Range), Markets"
Rwanda,4.6,1.4,7.5,1.06,"Domestic Beer (0.5 Liter Bottle), Markets"
Rwanda,4.6,1.4,7.5,1.87,"Imported Beer (0.33 Liter Bottle), Markets"
Rwanda,4.6,1.4,7.5,1.72,"Cigarettes (Pack of 20, Marlboro), Markets"
Rwanda,4.6,1.4,7.5,4.27,"Chicken Fillets (1 kg), Markets"
Rwanda,4.6,1.4,7.5,2.58,"Apples (1 kg), Markets"
Rwanda,4.6,1.4,7.5,1.58,"Oranges (1 kg), Markets"
Rwanda,4.6,1.4,7.5,0.47,"Potatoes (1 kg), Markets"
Rwanda,4.6,1.4,7.5,0.44,"Lettuce (1 Head), Markets"
Rwanda,4.6,1.4,7.5,2.25,"Cappuccino (Regular Size), Restaurants"
Rwanda,4.6,1.4,7.5,1.21,"White Rice (1 kg), Markets"
Rwanda,4.6,1.4,7.5,0.95,"Tomatoes (1 kg), Markets"
Rwanda,4.6,1.4,7.5,0.84,"Bananas (1 kg), Markets"
Rwanda,4.6,1.4,7.5,0.83,"Onions (1 kg), Markets"
Rwanda,4.6,1.4,7.5,3.68,"Beef Round or Equivalent Back Leg Red Meat (1 kg), Markets"
Burundi,4.5,5.3,3.8,2.7,"Meal at an Inexpensive Restaurant, Restaurants"
Burundi,4.5,5.3,3.8,33.9,"Meal for Two at a Mid-Range Restaurant (Three Courses, Without Drinks), Restaurants"
Burundi,4.5,5.3,3.8,3.85,"Combo Meal at McDonald's (or Equivalent Fast-Food Meal), Restaurants"
Burundi,4.5,5.3,3.8,2.19,"Domestic Draft Beer (0.5 Liter), Restaurants"
Burundi,4.5,5.3,3.8,5.86,"Imported Beer (0.33 Liter Bottle), Restaurants"
Burundi,4.5,5.3,3.8,1.73,"Soft Drink (Coca-Cola or Pepsi, 0.33 Liter Bottle), Restaurants"
Burundi,4.5,5.3,3.8,1.11,"Bottled Water (0.33 Liter), Restaurants"
Burundi,4.5,5.3,3.8,0.95,"Milk (Regular, 1 Liter), Markets"
Burundi,4.5,5.3,3.8,1.14,"Fresh White Bread (500 g Loaf), Markets"
Burundi,4.5,5.3,3.8,3.4,"Eggs (12, Large Size), Markets"
Burundi,4.5,5.3,3.8,10.3,"Local Cheese (1 kg), Markets"
Burundi,4.5,5.3,3.8,1.66,"Bottled Water (1.5 Liter), Markets"
Burundi,4.5,5.3,3.8,16.95,"Bottle of Wine (Mid-Range), Markets"
Burundi,4.5,5.3,3.8,2.02,"Domestic Beer (0.5 Liter Bottle), Markets"
Burundi,4.5,5.3,3.8,3.21,"Imported Beer (0.33 Liter Bottle), Markets"
Burundi,4.5,5.3,3.8,2.43,"Cigarettes (Pack of 20, Marlboro), Markets"
Burundi,4.5,5.3,3.8,9.86,"Chicken Fillets (1 kg), Markets"
Burundi,4.5,5.3,3.8,5.87,"Apples (1 kg), Markets"
Burundi,4.5,5.3,3.8,1.73,"Oranges (1 kg), Markets"
Burundi,4.5,5.3,3.8,0.42,"Potatoes (1 kg), Markets"
Burundi,4.5,5.3,3.8,0.49,"Lettuce (1 Head), Markets"
Burundi,4.5,5.3,3.8,2.98,"Cappuccino (Regular Size), Restaurants"
Burundi,4.5,5.3,3.8,1.66,"White Rice (1 kg), Markets"
Burundi,4.5,5.3,3.8,1.1,"Tomatoes (1 kg), Markets"
Burundi,4.5,5.3,3.8,0.55,"Bananas (1 kg), Markets"
Burundi,4.5,5.3,3.8,0.5,"Onions (1 kg), Markets"
Burundi,4.5,5.3,3.8,10.05,"Beef Round or Equivalent Back Leg Red Meat (1 kg), Markets"
Cambodia,4.4,3.1,5.6,3.5,"Meal at an Inexpensive Restaurant, Restaurants"
Cambodia,4.4,3.1,5.6,30,"Meal for Two at a Mid-Range Restaurant (Three Courses, Without Drinks), Restaurants"
Cambodia,4.4,3.1,5.6,7,"Combo Meal at McDonald's (or Equivalent Fast-Food Meal), Restaurants"
Cambodia,4.4,3.1,5.6,1,"Domestic Draft Beer (0.5 Liter), Restaurants"
Cambodia,4.4,3.1,5.6,2.5,"Imported Beer (0.33 Liter Bottle), Restaurants"
Cambodia,4.4,3.1,5.6,0.9,"Soft Drink (Coca-Cola or Pepsi, 0.33 Liter Bottle), Restaurants"
Cambodia,4.4,3.1,5.6,0.68,"Bottled Water (0.33 Liter), Restaurants"
Cambodia,4.4,3.1,5.6,2.14,"Milk (Regular, 1 Liter), Markets"
Cambodia,4.4,3.1,5.6,1.82,"Fresh White Bread (500 g Loaf), Markets"
Cambodia,4.4,3.1,5.6,1.82,"Eggs (12, Large Size), Markets"
Cambodia,4.4,3.1,5.6,14.27,"Local Cheese (1 kg), Markets"
Cambodia,4.4,3.1,5.6,0.75,"Bottled Water (1.5 Liter), Markets"
Cambodia,4.4,3.1,5.6,10,"Bottle of Wine (Mid-Range), Markets"
Cambodia,4.4,3.1,5.6,1,"Domestic Beer (0.5 Liter Bottle), Markets"
Cambodia,4.4,3.1,5.6,1.79,"Imported Beer (0.33 Liter Bottle), Markets"
Cambodia,4.4,3.1,5.6,2,"Cigarettes (Pack of 20, Marlboro), Markets"
Cambodia,4.4,3.1,5.6,4.2,"Chicken Fillets (1 kg), Markets"
Cambodia,4.4,3.1,5.6,3.33,"Apples (1 kg), Markets"
Cambodia,4.4,3.1,5.6,3.72,"Oranges (1 kg), Markets"
Cambodia,4.4,3.1,5.6,1.54,"Potatoes (1 kg), Markets"
Cambodia,4.4,3.1,5.6,1.55,"Lettuce (1 Head), Markets"
Cambodia,4.4,3.1,5.6,2.21,"Cappuccino (Regular Size), Restaurants"
Cambodia,4.4,3.1,5.6,0.95,"White Rice (1 kg), Markets"
Cambodia,4.4,3.1,5.6,1.45,"Tomatoes (1 kg), Markets"
Cambodia,4.4,3.1,5.6,1.33,"Bananas (1 kg), Markets"
Cambodia,4.4,3.1,5.6,1.1,"Onions (1 kg), Markets"
Cambodia,4.4,3.1,5.6,9.41,"Beef Round or Equivalent Back Leg Red Meat (1 kg), Markets"
Eritrea,4.2,2.5,5.8,21,"Meal at an Inexpensive Restaurant, Restaurants"
Eritrea,4.2,2.5,5.8,34,"Meal for Two at a Mid-Range Restaurant (Three Courses, Without Drinks), Restaurants"
Eritrea,4.2,2.5,5.8,5.5,"Combo Meal at McDonald's (or Equivalent Fast-Food Meal), Restaurants"
Eritrea,4.2,2.5,5.8,0.97,"Domestic Draft Beer (0.5 Liter), Restaurants"
Eritrea,4.2,2.5,5.8,1,"Soft Drink (Coca-Cola or Pepsi, 0.33 Liter Bottle), Restaurants"
Eritrea,4.2,2.5,5.8,1,"Bottled Water (0.33 Liter), Restaurants"
Eritrea,4.2,2.5,5.8,1.6,"Milk (Regular, 1 Liter), Markets"
Eritrea,4.2,2.5,5.8,4.38,"Eggs (12, Large Size), Markets"
Eritrea,4.2,2.5,5.8,3,"Local Cheese (1 kg), Markets"
Eritrea,4.2,2.5,5.8,2.22,"Bottled Water (1.5 Liter), Markets"
Eritrea,4.2,2.5,5.8,12,"Bottle of Wine (Mid-Range), Markets"
Eritrea,4.2,2.5,5.8,1,"Domestic Beer (0.5 Liter Bottle), Markets"
Eritrea,4.2,2.5,5.8,1,"Imported Beer (0.33 Liter Bottle), Markets"
Eritrea,4.2,2.5,5.8,26.83,"Chicken Fillets (1 kg), Markets"
Eritrea,4.2,2.5,5.8,12.22,"Apples (1 kg), Markets"
Eritrea,4.2,2.5,5.8,2,"Oranges (1 kg), Markets"
Eritrea,4.2,2.5,5.8,1.8,"Potatoes (1 kg), Markets"
Eritrea,4.2,2.5,5.8,0.7,"Cappuccino (Regular Size), Restaurants"
Eritrea,4.2,2.5,5.8,2.3,"White Rice (1 kg), Markets"
Eritrea,4.2,2.5,5.8,1.17,"Tomatoes (1 kg), Markets"
Eritrea,4.2,2.5,5.8,1.28,"Bananas (1 kg), Markets"
Eritrea,4.2,2.5,5.8,0.93,"Onions (1 kg), Markets"
Eritrea,4.2,2.5,5.8,10,"Beef Round or Equivalent Back Leg Red Meat (1 kg), Markets"
Madagascar,3.8,4,3.7,2.24,"Meal at an Inexpensive Restaurant, Restaurants"
Madagascar,3.8,4,3.7,17.92,"Meal for Two at a Mid-Range Restaurant (Three Courses, Without Drinks), Restaurants"
Madagascar,3.8,4,3.7,4.48,"Combo Meal at McDonald's (or Equivalent Fast-Food Meal), Restaurants"
Madagascar,3.8,4,3.7,1.12,"Domestic Draft Beer (0.5 Liter), Restaurants"
Madagascar,3.8,4,3.7,1.57,"Imported Beer (0.33 Liter Bottle), Restaurants"
Madagascar,3.8,4,3.7,0.92,"Soft Drink (Coca-Cola or Pepsi, 0.33 Liter Bottle), Restaurants"
Madagascar,3.8,4,3.7,0.62,"Bottled Water (0.33 Liter), Restaurants"
Madagascar,3.8,4,3.7,1.14,"Milk (Regular, 1 Liter), Markets"
Madagascar,3.8,4,3.7,0.99,"Fresh White Bread (500 g Loaf), Markets"
Madagascar,3.8,4,3.7,2.07,"Eggs (12, Large Size), Markets"
Madagascar,3.8,4,3.7,9.92,"Local Cheese (1 kg), Markets"
Madagascar,3.8,4,3.7,0.66,"Bottled Water (1.5 Liter), Markets"
Madagascar,3.8,4,3.7,4.93,"Bottle of Wine (Mid-Range), Markets"
Madagascar,3.8,4,3.7,0.86,"Domestic Beer (0.5 Liter Bottle), Markets"
Madagascar,3.8,4,3.7,1.38,"Imported Beer (0.33 Liter Bottle), Markets"
Madagascar,3.8,4,3.7,1.79,"Cigarettes (Pack of 20, Marlboro), Markets"
Madagascar,3.8,4,3.7,5.09,"Chicken Fillets (1 kg), Markets"
Madagascar,3.8,4,3.7,1.24,"Apples (1 kg), Markets"
Madagascar,3.8,4,3.7,1.09,"Oranges (1 kg), Markets"
Madagascar,3.8,4,3.7,0.59,"Potatoes (1 kg), Markets"
Madagascar,3.8,4,3.7,0.36,"Lettuce (1 Head), Markets"
Madagascar,3.8,4,3.7,1.3,"Cappuccino (Regular Size), Restaurants"
Madagascar,3.8,4,3.7,0.72,"White Rice (1 kg), Markets"
Madagascar,3.8,4,3.7,0.92,"Tomatoes (1 kg), Markets"
Madagascar,3.8,4,3.7,0.64,"Bananas (1 kg), Markets"
Madagascar,3.8,4,3.7,0.83,"Onions (1 kg), Markets"
Madagascar,3.8,4,3.7,4.57,"Beef Round or Equivalent Back Leg Red Meat (1 kg), Markets"
Ethiopia,2.4,0.9,3.9,4.17,"Meal at an Inexpensive Restaurant, Restaurants"
Ethiopia,2.4,0.9,3.9,37.5,"Meal for Two at a Mid-Range Restaurant (Three Courses, Without Drinks), Restaurants"
Ethiopia,2.4,0.9,3.9,6.46,"Combo Meal at McDonald's (or Equivalent Fast-Food Meal), Restaurants"
Ethiopia,2.4,0.9,3.9,0.9,"Domestic Draft Beer (0.5 Liter), Restaurants"
Ethiopia,2.4,0.9,3.9,2,"Imported Beer (0.33 Liter Bottle), Restaurants"
Ethiopia,2.4,0.9,3.9,0.57,"Soft Drink (Coca-Cola or Pepsi, 0.33 Liter Bottle), Restaurants"
Ethiopia,2.4,0.9,3.9,0.48,"Bottled Water (0.33 Liter), Restaurants"
Ethiopia,2.4,0.9,3.9,1.28,"Milk (Regular, 1 Liter), Markets"
Ethiopia,2.4,0.9,3.9,1.1,"Fresh White Bread (500 g Loaf), Markets"
Ethiopia,2.4,0.9,3.9,2.15,"Eggs (12, Large Size), Markets"
Ethiopia,2.4,0.9,3.9,8.67,"Local Cheese (1 kg), Markets"
Ethiopia,2.4,0.9,3.9,0.75,"Bottled Water (1.5 Liter), Markets"
Ethiopia,2.4,0.9,3.9,6.25,"Bottle of Wine (Mid-Range), Markets"
Ethiopia,2.4,0.9,3.9,0.83,"Domestic Beer (0.5 Liter Bottle), Markets"
Ethiopia,2.4,0.9,3.9,1.76,"Imported Beer (0.33 Liter Bottle), Markets"
Ethiopia,2.4,0.9,3.9,5.1,"Cigarettes (Pack of 20, Marlboro), Markets"
Ethiopia,2.4,0.9,3.9,12.04,"Chicken Fillets (1 kg), Markets"
Ethiopia,2.4,0.9,3.9,5.77,"Apples (1 kg), Markets"
Ethiopia,2.4,0.9,3.9,2.45,"Oranges (1 kg), Markets"
Ethiopia,2.4,0.9,3.9,0.6,"Potatoes (1 kg), Markets"
Ethiopia,2.4,0.9,3.9,0.87,"Lettuce (1 Head), Markets"
Ethiopia,2.4,0.9,3.9,0.99,"Cappuccino (Regular Size), Restaurants"
Ethiopia,2.4,0.9,3.9,1.99,"White Rice (1 kg), Markets"
Ethiopia,2.4,0.9,3.9,0.78,"Tomatoes (1 kg), Markets"
Ethiopia,2.4,0.9,3.9,0.89,"Bananas (1 kg), Markets"
Ethiopia,2.4,0.9,3.9,1.87,"Onions (1 kg), Markets"
Ethiopia,2.4,0.9,3.9,11.59,"Beef Round or Equivalent Back Leg Red Meat (1 kg), Markets"
Timor-Leste,2.2,1.6,2.9,5,"Meal at an Inexpensive Restaurant, Restaurants"
Timor-Leste,2.2,1.6,2.9,50,"Meal for Two at a Mid-Range Restaurant (Three Courses, Without Drinks), Restaurants"
Timor-Leste,2.2,1.6,2.9,8,"Combo Meal at McDonald's (or Equivalent Fast-Food Meal), Restaurants"
Timor-Leste,2.2,1.6,2.9,2,"Domestic Draft Beer (0.5 Liter), Restaurants"
Timor-Leste,2.2,1.6,2.9,4.5,"Imported Beer (0.33 Liter Bottle), Restaurants"
Timor-Leste,2.2,1.6,2.9,1.58,"Soft Drink (Coca-Cola or Pepsi, 0.33 Liter Bottle), Restaurants"
Timor-Leste,2.2,1.6,2.9,1.42,"Bottled Water (0.33 Liter), Restaurants"
Timor-Leste,2.2,1.6,2.9,2.66,"Milk (Regular, 1 Liter), Markets"
Timor-Leste,2.2,1.6,2.9,2.82,"Fresh White Bread (500 g Loaf), Markets"
Timor-Leste,2.2,1.6,2.9,2.7,"Eggs (12, Large Size), Markets"
Timor-Leste,2.2,1.6,2.9,2,"Local Cheese (1 kg), Markets"
Timor-Leste,2.2,1.6,2.9,1,"Bottled Water (1.5 Liter), Markets"
Timor-Leste,2.2,1.6,2.9,16,"Bottle of Wine (Mid-Range), Markets"
Timor-Leste,2.2,1.6,2.9,2.25,"Domestic Beer (0.5 Liter Bottle), Markets"
Timor-Leste,2.2,1.6,2.9,2.83,"Imported Beer (0.33 Liter Bottle), Markets"
Timor-Leste,2.2,1.6,2.9,2.75,"Cigarettes (Pack of 20, Marlboro), Markets"
Timor-Leste,2.2,1.6,2.9,9.5,"Chicken Fillets (1 kg), Markets"
Timor-Leste,2.2,1.6,2.9,3.5,"Apples (1 kg), Markets"
Timor-Leste,2.2,1.6,2.9,1.55,"Oranges (1 kg), Markets"
Timor-Leste,2.2,1.6,2.9,1.33,"Potatoes (1 kg), Markets"
Timor-Leste,2.2,1.6,2.9,0.89,"Lettuce (1 Head), Markets"
Timor-Leste,2.2,1.6,2.9,3.83,"Cappuccino (Regular Size), Restaurants"
Timor-Leste,2.2,1.6,2.9,1.6,"White Rice (1 kg), Markets"
Timor-Leste,2.2,1.6,2.9,2.11,"Tomatoes (1 kg), Markets"
Timor-Leste,2.2,1.6,2.9,1.83,"Bananas (1 kg), Markets"
Timor-Leste,2.2,1.6,2.9,1.25,"Onions (1 kg), Markets"
Timor-Leste,2.2,1.6,2.9,16,"Beef Round or Equivalent Back Leg Red Meat (1 kg), Markets"
Vietnam,2.1,2,2.2,1.9,"Meal at an Inexpensive Restaurant, Restaurants"
Vietnam,2.1,2,2.2,18.96,"Meal for Two at a Mid-Range Restaurant (Three Courses, Without Drinks), Restaurants"
Vietnam,2.1,2,2.2,4.27,"Combo Meal at McDonald's (or Equivalent Fast-Food Meal), Restaurants"
Vietnam,2.1,2,2.2,0.95,"Domestic Draft Beer (0.5 Liter), Restaurants"
Vietnam,2.1,2,2.2,1.52,"Imported Beer (0.33 Liter Bottle), Restaurants"
Vietnam,2.1,2,2.2,0.48,"Soft Drink (Coca-Cola or Pepsi, 0.33 Liter Bottle), Restaurants"
Vietnam,2.1,2,2.2,0.28,"Bottled Water (0.33 Liter), Restaurants"
Vietnam,2.1,2,2.2,1.39,"Milk (Regular, 1 Liter), Markets"
Vietnam,2.1,2,2.2,0.89,"Fresh White Bread (500 g Loaf), Markets"
Vietnam,2.1,2,2.2,1.47,"Eggs (12, Large Size), Markets"
Vietnam,2.1,2,2.2,11.57,"Local Cheese (1 kg), Markets"
Vietnam,2.1,2,2.2,0.48,"Bottled Water (1.5 Liter), Markets"
Vietnam,2.1,2,2.2,10.23,"Bottle of Wine (Mid-Range), Markets"
Vietnam,2.1,2,2.2,0.82,"Domestic Beer (0.5 Liter Bottle), Markets"
Vietnam,2.1,2,2.2,1.52,"Imported Beer (0.33 Liter Bottle), Markets"
Vietnam,2.1,2,2.2,1.33,"Cigarettes (Pack of 20, Marlboro), Markets"
Vietnam,2.1,2,2.2,3.65,"Chicken Fillets (1 kg), Markets"
Vietnam,2.1,2,2.2,2.74,"Apples (1 kg), Markets"
Vietnam,2.1,2,2.2,1.26,"Oranges (1 kg), Markets"
Vietnam,2.1,2,2.2,1.07,"Potatoes (1 kg), Markets"
Vietnam,2.1,2,2.2,0.71,"Lettuce (1 Head), Markets"
Vietnam,2.1,2,2.2,1.63,"Cappuccino (Regular Size), Restaurants"
Vietnam,2.1,2,2.2,0.94,"White Rice (1 kg), Markets"
Vietnam,2.1,2,2.2,1.09,"Tomatoes (1 kg), Markets"
Vietnam,2.1,2,2.2,1.06,"Bananas (1 kg), Markets"
Vietnam,2.1,2,2.2,1.13,"Onions (1 kg), Markets"
Vietnam,2.1,2,2.2,10.13,"Beef Round or Equivalent Back Leg Red Meat (1 kg), Markets"
